[2026-08-19T11:07:17.927Z] ERROR: DB connection failed: MongooseServerSelectionError: Could not connect to any servers in your MongoDB Atlas cluster. One common reason is that you're trying to access the database from an IP that isn't whitelisted. Make sure your current IP address is on your Atlas cluster's IP whitelist: https://www.mongodb.com/docs/atlas/security-whitelist/
    at _handleConnectionErrors (D:\SPARK+\mobile-challenge-engine\courses\02-backend-basics\project\node_modules\mongoose\lib\connection.js:1169:11)
    at NativeConnection.openUri (D:\SPARK+\mobile-challenge-engine\courses\02-backend-basics\project\node_modules\mongoose\lib\connection.js:1100:11)
    at async connectDB (file:///D:/SPARK+/mobile-challenge-engine/courses/02-backend-basics/project/src/db.js:14:3)
    at async startServer (file:///D:/SPARK+/mobile-challenge-engine/courses/02-backend-basics/project/src/server.js:104:5)
[2026-08-19T11:14:29.239Z] ERROR: DB connection failed: MongooseServerSelectionError: Could not connect to any servers in your MongoDB Atlas cluster. One common reason is that you're trying to access the database from an IP that isn't whitelisted. Make sure your current IP address is on your Atlas cluster's IP whitelist: https://www.mongodb.com/docs/atlas/security-whitelist/
    at _handleConnectionErrors (D:\SPARK+\mobile-challenge-engine\courses\02-backend-basics\project\node_modules\mongoose\lib\connection.js:1169:11)
    at NativeConnection.openUri (D:\SPARK+\mobile-challenge-engine\courses\02-backend-basics\project\node_modules\mongoose\lib\connection.js:1100:11)
    at async connectDB (file:///D:/SPARK+/mobile-challenge-engine/courses/02-backend-basics/project/src/db.js:14:3)
    at async startServer (file:///D:/SPARK+/mobile-challenge-engine/courses/02-backend-basics/project/src/server.js:104:5)
[2026-08-19T11:16:31.069Z] ERROR: DB connection failed: MongooseServerSelectionError: Could not connect to any servers in your MongoDB Atlas cluster. One common reason is that you're trying to access the database from an IP that isn't whitelisted. Make sure your current IP address is on your Atlas cluster's IP whitelist: https://www.mongodb.com/docs/atlas/security-whitelist/
    at _handleConnectionErrors (D:\SPARK+\mobile-challenge-engine\courses\02-backend-basics\project\node_modules\mongoose\lib\connection.js:1169:11)
    at NativeConnection.openUri (D:\SPARK+\mobile-challenge-engine\courses\02-backend-basics\project\node_modules\mongoose\lib\connection.js:1100:11)
    at async connectDB (file:///D:/SPARK+/mobile-challenge-engine/courses/02-backend-basics/project/src/db.js:14:3)
    at async startServer (file:///D:/SPARK+/mobile-challenge-engine/courses/02-backend-basics/project/src/server.js:104:5)
[2026-08-19T11:20:01.180Z] ERROR: DB connection failed: MongooseServerSelectionError: Could not connect to any servers in your MongoDB Atlas cluster. One common reason is that you're trying to access the database from an IP that isn't whitelisted. Make sure your current IP address is on your Atlas cluster's IP whitelist: https://www.mongodb.com/docs/atlas/security-whitelist/
    at _handleConnectionErrors (D:\SPARK+\mobile-challenge-engine\courses\02-backend-basics\project\node_modules\mongoose\lib\connection.js:1169:11)
    at NativeConnection.openUri (D:\SPARK+\mobile-challenge-engine\courses\02-backend-basics\project\node_modules\mongoose\lib\connection.js:1100:11)
    at async connectDB (file:///D:/SPARK+/mobile-challenge-engine/courses/02-backend-basics/project/src/db.js:14:3)
    at async startServer (file:///D:/SPARK+/mobile-challenge-engine/courses/02-backend-basics/project/src/server.js:104:5)
[2026-08-19T11:23:57.499Z] ERROR: DB connection failed: MongooseServerSelectionError: Could not connect to any servers in your MongoDB Atlas cluster. One common reason is that you're trying to access the database from an IP that isn't whitelisted. Make sure your current IP address is on your Atlas cluster's IP whitelist: https://www.mongodb.com/docs/atlas/security-whitelist/
    at _handleConnectionErrors (D:\SPARK+\mobile-challenge-engine\courses\02-backend-basics\project\node_modules\mongoose\lib\connection.js:1169:11)
    at NativeConnection.openUri (D:\SPARK+\mobile-challenge-engine\courses\02-backend-basics\project\node_modules\mongoose\lib\connection.js:1100:11)
    at async connectDB (file:///D:/SPARK+/mobile-challenge-engine/courses/02-backend-basics/project/src/db.js:14:3)
    at async startServer (file:///D:/SPARK+/mobile-challenge-engine/courses/02-backend-basics/project/src/server.js:104:5)
[2026-08-19T11:55:39.415Z] ERROR: Database connection failed: Could not connect to any servers in your MongoDB Atlas cluster. One common reason is that you're trying to access the database from an IP that isn't whitelisted. Make sure your current IP address is on your Atlas cluster's IP whitelist: https://www.mongodb.com/docs/atlas/security-whitelist/
[2026-08-19T11:55:39.418Z] ERROR: DB connection failed: MongooseServerSelectionError: Could not connect to any servers in your MongoDB Atlas cluster. One common reason is that you're trying to access the database from an IP that isn't whitelisted. Make sure your current IP address is on your Atlas cluster's IP whitelist: https://www.mongodb.com/docs/atlas/security-whitelist/
    at _handleConnectionErrors (D:\SPARK+\mobile-challenge-engine\courses\02-backend-basics\project\node_modules\mongoose\lib\connection.js:1169:11)
    at NativeConnection.openUri (D:\SPARK+\mobile-challenge-engine\courses\02-backend-basics\project\node_modules\mongoose\lib\connection.js:1100:11)
    at async connectDB (file:///D:/SPARK+/mobile-challenge-engine/courses/02-backend-basics/project/src/db.js:13:5)
    at async startServer (file:///D:/SPARK+/mobile-challenge-engine/courses/02-backend-basics/project/src/server.js:106:5)
[2026-08-19T12:00:45.948Z] ERROR: Database connection failed: Could not connect to any servers in your MongoDB Atlas cluster. One common reason is that you're trying to access the database from an IP that isn't whitelisted. Make sure your current IP address is on your Atlas cluster's IP whitelist: https://www.mongodb.com/docs/atlas/security-whitelist/
[2026-08-19T12:00:45.951Z] ERROR: DB connection failed: MongooseServerSelectionError: Could not connect to any servers in your MongoDB Atlas cluster. One common reason is that you're trying to access the database from an IP that isn't whitelisted. Make sure your current IP address is on your Atlas cluster's IP whitelist: https://www.mongodb.com/docs/atlas/security-whitelist/
    at _handleConnectionErrors (D:\SPARK+\mobile-challenge-engine\courses\02-backend-basics\project\node_modules\mongoose\lib\connection.js:1169:11)
    at NativeConnection.openUri (D:\SPARK+\mobile-challenge-engine\courses\02-backend-basics\project\node_modules\mongoose\lib\connection.js:1100:11)
    at async connectDB (file:///D:/SPARK+/mobile-challenge-engine/courses/02-backend-basics/project/src/db.js:13:5)
    at async startServer (file:///D:/SPARK+/mobile-challenge-engine/courses/02-backend-basics/project/src/server.js:106:5)
[2026-08-19T12:08:50.085Z] ERROR: Database connection failed: Could not connect to any servers in your MongoDB Atlas cluster. One common reason is that you're trying to access the database from an IP that isn't whitelisted. Make sure your current IP address is on your Atlas cluster's IP whitelist: https://www.mongodb.com/docs/atlas/security-whitelist/
[2026-08-19T12:08:50.088Z] ERROR: DB connection failed: MongooseServerSelectionError: Could not connect to any servers in your MongoDB Atlas cluster. One common reason is that you're trying to access the database from an IP that isn't whitelisted. Make sure your current IP address is on your Atlas cluster's IP whitelist: https://www.mongodb.com/docs/atlas/security-whitelist/
    at _handleConnectionErrors (D:\SPARK+\mobile-challenge-engine\courses\02-backend-basics\project\node_modules\mongoose\lib\connection.js:1169:11)
    at NativeConnection.openUri (D:\SPARK+\mobile-challenge-engine\courses\02-backend-basics\project\node_modules\mongoose\lib\connection.js:1100:11)
    at async connectDB (file:///D:/SPARK+/mobile-challenge-engine/courses/02-backend-basics/project/src/db.js:13:5)
    at async startServer (file:///D:/SPARK+/mobile-challenge-engine/courses/02-backend-basics/project/src/server.js:106:5)
[2026-08-19T13:11:23.546Z] INFO: Database connected
[2026-08-19T13:11:23.548Z] INFO: Server listening on port 3000
[2026-08-19T13:25:00.389Z] INFO: Server listening on port 3000
[2026-08-19T13:25:00.387Z] INFO: Database connected
[2026-08-19T13:29:37.438Z] INFO: Server listening on port 3000
[2026-08-19T13:29:37.436Z] INFO: Database connected
[2026-08-19T13:29:40.204Z] INFO: Notes file overwritten
[2026-08-19T13:29:40.260Z] INFO: Notes file overwritten
[2026-08-19T13:29:40.273Z] INFO: Note appended
[2026-08-19T13:29:40.328Z] INFO: Notes file overwritten
[2026-08-19T13:29:40.399Z] INFO: GET /does-not-exist 404 1ms
[2026-08-19T13:32:28.887Z] INFO: Database connected
[2026-08-19T13:32:28.890Z] INFO: Server listening on port 5174
[2026-08-19T13:32:31.740Z] INFO: Notes file overwritten
[2026-08-19T13:32:31.789Z] INFO: Notes file overwritten
[2026-08-19T13:32:31.804Z] INFO: Note appended
[2026-08-19T13:32:31.871Z] INFO: Notes file overwritten
[2026-08-19T13:32:31.957Z] INFO: GET /does-not-exist 404 1ms
[2026-08-19T13:32:54.057Z] INFO: Database connected
[2026-08-19T13:32:54.059Z] INFO: Server listening on port 5174
[2026-08-19T13:32:55.781Z] INFO: GET /api/notes 404 2ms
[2026-08-19T13:32:57.845Z] INFO: GET /api/notes 404 1ms
[2026-08-19T13:32:59.359Z] INFO: POST /api/notes 404 0ms
[2026-08-19T13:33:00.858Z] INFO: POST /api/notes 404 0ms
[2026-08-19T13:33:03.153Z] INFO: POST /api/notes 404 1ms
[2026-08-19T13:33:05.178Z] INFO: POST /api/notes 404 0ms
[2026-08-19T13:33:06.705Z] INFO: POST /api/notes 404 0ms
[2026-08-19T13:33:06.713Z] INFO: DELETE /api/notes/undefined 404 1ms
[2026-08-19T13:33:08.868Z] INFO: POST /api/notes 404 1ms
[2026-08-19T13:33:08.888Z] INFO: DELETE /api/notes/undefined 404 0ms
[2026-08-19T13:33:10.605Z] INFO: DELETE /api/notes/does-not-exist 404 1ms
[2026-08-19T13:33:10.633Z] INFO: GET /health 200 0ms
[2026-08-19T13:33:10.657Z] INFO: GET /api/nope 404 1ms
[2026-08-19T13:33:33.416Z] INFO: Server listening on port 5174
[2026-08-19T13:33:33.413Z] INFO: Database connected
[2026-08-19T13:33:35.779Z] INFO: GET /api/users 200 30ms
[2026-08-19T13:33:35.838Z] INFO: POST /api/users 500 7ms
[2026-08-19T13:33:37.907Z] INFO: POST /api/users 500 1ms
[2026-08-19T13:33:39.929Z] INFO: POST /api/users 400 0ms
[2026-08-19T13:33:39.962Z] INFO: POST /api/users 500 1ms
[2026-08-19T13:33:41.936Z] INFO: POST /api/users 500 3ms
[2026-08-19T13:33:44.253Z] INFO: POST /api/users 500 1ms
[2026-08-19T13:33:45.759Z] INFO: POST /api/users 500 1ms
[2026-08-19T13:33:47.244Z] INFO: GET /api/users/does-not-exist 404 3ms
[2026-08-19T13:33:47.300Z] INFO: DELETE /api/users/does-not-exist 404 1ms
[2026-08-19T13:40:23.875Z] INFO: Database connected
[2026-08-19T13:40:23.873Z] INFO: Server listening on port 5174
[2026-08-19T13:40:27.184Z] INFO: Notes file overwritten
[2026-08-19T13:40:27.345Z] INFO: Notes file overwritten
[2026-08-19T13:40:27.394Z] INFO: Note appended
[2026-08-19T13:40:27.516Z] INFO: Notes file overwritten
[2026-08-19T13:40:27.598Z] INFO: GET /does-not-exist 404 1ms
[2026-08-19T13:40:47.769Z] INFO: Database connected
[2026-08-19T13:40:47.767Z] INFO: Server listening on port 5174
[2026-08-19T13:40:49.800Z] INFO: GET /api/notes 200 3ms
[2026-08-19T13:40:51.486Z] INFO: GET /api/notes 200 2ms
[2026-08-19T13:40:52.861Z] INFO: POST /api/notes 400 1ms
[2026-08-19T13:40:54.262Z] INFO: POST /api/notes 400 1ms
[2026-08-19T13:40:55.781Z] INFO: POST /api/notes 400 0ms
[2026-08-19T13:40:55.816Z] INFO: POST /api/notes 400 1ms
[2026-08-19T13:40:55.827Z] INFO: DELETE /api/notes/undefined 404 0ms
[2026-08-19T13:40:57.735Z] INFO: POST /api/notes 400 1ms
[2026-08-19T13:40:57.747Z] INFO: DELETE /api/notes/undefined 404 1ms
[2026-08-19T13:40:59.141Z] INFO: DELETE /api/notes/does-not-exist 404 0ms
[2026-08-19T13:40:59.169Z] INFO: GET /health 200 0ms
[2026-08-19T13:40:59.192Z] INFO: GET /api/nope 404 0ms
[2026-08-19T13:41:19.518Z] INFO: Database connected
[2026-08-19T13:41:19.515Z] INFO: Server listening on port 5174
[2026-08-19T13:41:22.019Z] INFO: GET /api/users 200 1065ms
[2026-08-19T13:41:22.102Z] INFO: POST /api/users 500 8ms
[2026-08-19T13:41:23.490Z] INFO: POST /api/users 500 1ms
[2026-08-19T13:41:24.727Z] INFO: POST /api/users 400 1ms
[2026-08-19T13:41:24.754Z] INFO: POST /api/users 500 2ms
[2026-08-19T13:41:25.929Z] INFO: POST /api/users 500 1ms
[2026-08-19T13:41:27.515Z] INFO: POST /api/users 500 1ms
[2026-08-19T13:41:28.959Z] INFO: POST /api/users 500 1ms
[2026-08-19T13:41:30.510Z] INFO: GET /api/users/does-not-exist 404 1ms
[2026-08-19T13:41:30.546Z] INFO: DELETE /api/users/does-not-exist 404 1ms
[2026-08-19T13:45:11.496Z] INFO: Server listening on port 3000
[2026-08-19T13:45:11.493Z] INFO: Database connected
[2026-08-19T13:45:13.460Z] INFO: GET /api/notes 200 2ms
[2026-08-19T13:45:15.245Z] INFO: POST /api/notes 400 0ms
[2026-08-19T13:45:16.583Z] INFO: POST /api/notes 400 1ms
[2026-08-19T13:45:16.611Z] INFO: POST /api/notes 400 1ms
[2026-08-19T13:45:16.621Z] INFO: DELETE /api/notes/undefined 404 1ms
[2026-08-19T13:45:17.933Z] INFO: DELETE /api/notes/does-not-exist 404 1ms
[2026-08-19T13:45:17.965Z] INFO: GET /health 200 1ms
[2026-08-19T13:45:17.999Z] INFO: GET /api/nope 404 3ms
[2026-08-19T13:53:16.698Z] INFO: Server listening on port 3000
[2026-08-19T13:53:16.695Z] INFO: Database connected
[2026-08-19T13:53:18.238Z] INFO: GET /api/notes 200 2ms
[2026-08-19T13:53:18.292Z] INFO: POST /api/notes 201 1ms
[2026-08-19T13:53:18.292Z] INFO: Note created
[2026-08-19T13:53:18.308Z] INFO: GET /api/notes 200 0ms
[2026-08-19T13:53:18.339Z] INFO: POST /api/notes 400 1ms
[2026-08-19T13:53:18.374Z] INFO: Note created
[2026-08-19T13:53:18.374Z] INFO: POST /api/notes 201 1ms
[2026-08-19T13:53:18.381Z] INFO: Note deleted
[2026-08-19T13:53:18.381Z] INFO: DELETE /api/notes/1787147598373 200 1ms
[2026-08-19T13:53:18.390Z] INFO: GET /api/notes 200 0ms
[2026-08-19T13:53:18.419Z] INFO: DELETE /api/notes/does-not-exist 404 1ms
[2026-08-19T13:53:18.442Z] INFO: GET /health 200 1ms
[2026-08-19T13:53:18.484Z] INFO: GET /api/nope 404 1ms
[2026-08-19T13:56:16.891Z] INFO: Server listening on port 5174
[2026-08-19T13:56:16.888Z] INFO: Database connected
[2026-08-19T13:56:18.556Z] INFO: Notes file overwritten
[2026-08-19T13:56:18.590Z] INFO: Notes file overwritten
[2026-08-19T13:56:18.605Z] ERROR: Error: EBUSY: resource busy or locked, open 'D:\SPARK+\mobile-challenge-engine\courses\02-backend-basics\project\src\data\notes.txt'
    at async open (node:internal/fs/promises:638:25)
    at async writeFile (node:internal/fs/promises:1212:14)
    at async writeNotes (file:///D:/SPARK+/mobile-challenge-engine/courses/02-backend-basics/project/src/fs-utils.js:24:3)
    at async appendNote (file:///D:/SPARK+/mobile-challenge-engine/courses/02-backend-basics/project/src/fs-utils.js:31:3)
    at async file:///D:/SPARK+/mobile-challenge-engine/courses/02-backend-basics/project/src/server.js:64:5
[2026-08-19T13:56:19.917Z] INFO: Notes file overwritten
[2026-08-19T13:56:19.963Z] INFO: Note appended
[2026-08-19T13:56:20.019Z] INFO: Notes file overwritten
[2026-08-19T13:56:20.069Z] INFO: GET /does-not-exist 404 1ms
[2026-08-19T13:56:38.933Z] INFO: Server listening on port 5174
[2026-08-19T13:56:38.929Z] INFO: Database connected
[2026-08-19T13:56:41.355Z] INFO: GET /api/notes 200 2ms
[2026-08-19T13:56:41.424Z] INFO: Note created
[2026-08-19T13:56:41.424Z] INFO: POST /api/notes 201 1ms
[2026-08-19T13:56:41.439Z] INFO: GET /api/notes 200 0ms
[2026-08-19T13:56:41.463Z] INFO: POST /api/notes 400 0ms
[2026-08-19T13:56:41.487Z] INFO: POST /api/notes 201 1ms
[2026-08-19T13:56:41.487Z] INFO: Note created
[2026-08-19T13:56:41.492Z] INFO: Note deleted
[2026-08-19T13:56:41.492Z] INFO: DELETE /api/notes/1787147801485 200 1ms
[2026-08-19T13:56:41.501Z] INFO: GET /api/notes 200 1ms
[2026-08-19T13:56:41.522Z] INFO: DELETE /api/notes/does-not-exist 404 1ms
[2026-08-19T13:56:41.542Z] INFO: GET /health 200 1ms
[2026-08-19T13:56:41.561Z] INFO: GET /api/nope 404 1ms
[2026-08-19T13:56:58.594Z] INFO: Server listening on port 5174
[2026-08-19T13:56:58.592Z] INFO: Database connected
[2026-08-19T13:57:00.392Z] INFO: GET /api/users 200 30ms
[2026-08-19T13:57:00.443Z] INFO: POST /api/users 500 8ms
[2026-08-19T13:57:01.756Z] INFO: POST /api/users 500 1ms
[2026-08-19T13:57:03.355Z] INFO: POST /api/users 400 1ms
[2026-08-19T13:57:03.396Z] INFO: POST /api/users 500 2ms
[2026-08-19T13:57:05.007Z] INFO: POST /api/users 500 2ms
[2026-08-19T13:57:06.322Z] INFO: POST /api/users 500 2ms
[2026-08-19T13:57:07.561Z] INFO: POST /api/users 500 1ms
[2026-08-19T13:57:09.078Z] INFO: GET /api/users/does-not-exist 404 2ms
[2026-08-19T13:57:09.127Z] INFO: DELETE /api/users/does-not-exist 404 0ms
[2026-08-19T17:30:31.876Z] ERROR: DB connection failed: MongooseServerSelectionError: Could not connect to any servers in your MongoDB Atlas cluster. One common reason is that you're trying to access the database from an IP that isn't whitelisted. Make sure your current IP address is on your Atlas cluster's IP whitelist: https://www.mongodb.com/docs/atlas/security-whitelist/
    at _handleConnectionErrors (D:\SPARK+\mobile-challenge-engine\courses\02-backend-basics\project\node_modules\mongoose\lib\connection.js:1169:11)
    at NativeConnection.openUri (D:\SPARK+\mobile-challenge-engine\courses\02-backend-basics\project\node_modules\mongoose\lib\connection.js:1100:11)
    at async connectDB (file:///D:/SPARK+/mobile-challenge-engine/courses/02-backend-basics/project/src/db.js:13:5)
    at async startServer (file:///D:/SPARK+/mobile-challenge-engine/courses/02-backend-basics/project/src/server.js:106:5)
[2026-08-19T17:30:31.872Z] ERROR: Database connection failed: Could not connect to any servers in your MongoDB Atlas cluster. One common reason is that you're trying to access the database from an IP that isn't whitelisted. Make sure your current IP address is on your Atlas cluster's IP whitelist: https://www.mongodb.com/docs/atlas/security-whitelist/
[2026-08-19T17:45:33.224Z] ERROR: DB connection failed: MongooseServerSelectionError: Could not connect to any servers in your MongoDB Atlas cluster. One common reason is that you're trying to access the database from an IP that isn't whitelisted. Make sure your current IP address is on your Atlas cluster's IP whitelist: https://www.mongodb.com/docs/atlas/security-whitelist/
    at _handleConnectionErrors (D:\SPARK+\mobile-challenge-engine\courses\02-backend-basics\project\node_modules\mongoose\lib\connection.js:1169:11)
    at NativeConnection.openUri (D:\SPARK+\mobile-challenge-engine\courses\02-backend-basics\project\node_modules\mongoose\lib\connection.js:1100:11)
    at runNextTicks (node:internal/process/task_queues:65:5)
    at process.processTimers (node:internal/timers:526:9)
    at async connectDB (file:///D:/SPARK+/mobile-challenge-engine/courses/02-backend-basics/project/src/db.js:12:5)
    at async startServer (file:///D:/SPARK+/mobile-challenge-engine/courses/02-backend-basics/project/src/server.js:104:5)
[2026-08-19T17:45:33.215Z] ERROR: Database connection failed: Could not connect to any servers in your MongoDB Atlas cluster. One common reason is that you're trying to access the database from an IP that isn't whitelisted. Make sure your current IP address is on your Atlas cluster's IP whitelist: https://www.mongodb.com/docs/atlas/security-whitelist/
[2026-08-19T17:48:48.709Z] INFO: Server listening on port 3000
[2026-08-19T17:48:48.712Z] INFO: Database connected
[2026-08-19T17:48:51.189Z] INFO: GET /api/users 200 259ms
[2026-08-19T17:48:51.354Z] INFO: POST /api/users 500 92ms
[2026-08-19T17:48:53.033Z] INFO: POST /api/users 400 0ms
[2026-08-19T17:48:53.143Z] INFO: POST /api/users 500 73ms
[2026-08-19T17:48:54.501Z] INFO: POST /api/users 500 69ms
[2026-08-19T17:48:55.857Z] INFO: GET /api/users/does-not-exist 404 1ms
[2026-08-19T17:48:55.889Z] INFO: DELETE /api/users/does-not-exist 500 3ms
[2026-08-19T17:54:18.366Z] INFO: Database connected
[2026-08-19T17:54:18.369Z] INFO: Server listening on port 3000
[2026-08-19T17:54:19.997Z] INFO: GET /api/users 200 63ms
[2026-08-19T17:54:20.191Z] INFO: User created: e2e-user-1787162060040
[2026-08-19T17:54:20.191Z] INFO: POST /api/users 201 129ms
[2026-08-19T17:54:20.235Z] INFO: POST /api/users 400 0ms
[2026-08-19T17:54:20.381Z] INFO: User created: update-user-1787162060262
[2026-08-19T17:54:20.381Z] INFO: POST /api/users 201 112ms
[2026-08-19T17:54:20.391Z] INFO: PUT /api/users/undefined 500 4ms
[2026-08-19T17:54:21.996Z] INFO: User created: delete-user-1787162061816
[2026-08-19T17:54:21.997Z] INFO: POST /api/users 201 147ms
[2026-08-19T17:54:22.021Z] INFO: DELETE /api/users/undefined 500 3ms
[2026-08-19T17:54:23.659Z] INFO: GET /api/users/does-not-exist 404 1ms
[2026-08-19T17:54:23.699Z] INFO: DELETE /api/users/does-not-exist 500 2ms
[2026-08-19T17:56:21.017Z] INFO: Database connected
[2026-08-19T17:56:21.019Z] INFO: Server listening on port 3000
[2026-08-19T17:56:23.300Z] INFO: GET /api/users 200 29ms
[2026-08-19T17:56:23.464Z] INFO: POST /api/users 201 103ms
[2026-08-19T17:56:23.507Z] INFO: POST /api/users 400 1ms
[2026-08-19T17:56:23.651Z] INFO: POST /api/users 201 93ms
[2026-08-19T17:56:23.659Z] INFO: PUT /api/users/undefined 500 2ms
[2026-08-19T17:56:25.235Z] INFO: POST /api/users 201 121ms
[2026-08-19T17:56:25.259Z] INFO: DELETE /api/users/undefined 500 2ms
[2026-08-19T17:56:27.162Z] INFO: GET /api/users/does-not-exist 404 1ms
[2026-08-19T17:56:27.212Z] INFO: DELETE /api/users/does-not-exist 500 2ms
[2026-08-19T17:58:07.476Z] INFO: Server listening on port 3000
[2026-08-19T17:58:07.473Z] INFO: Database connected
[2026-08-19T17:58:09.622Z] INFO: GET /api/users 200 71ms
[2026-08-19T17:58:09.797Z] INFO: POST /api/users 201 113ms
[2026-08-19T17:58:09.830Z] INFO: POST /api/users 400 0ms
[2026-08-19T17:58:09.962Z] INFO: POST /api/users 201 97ms
[2026-08-19T17:58:09.972Z] INFO: PUT /api/users/undefined 500 5ms
[2026-08-19T17:58:11.751Z] INFO: POST /api/users 201 100ms
[2026-08-19T17:58:11.764Z] INFO: DELETE /api/users/undefined 500 1ms
[2026-08-19T17:58:13.271Z] INFO: GET /api/users/does-not-exist 404 1ms
[2026-08-19T17:58:13.317Z] INFO: DELETE /api/users/does-not-exist 500 2ms
[2026-08-19T18:01:16.543Z] INFO: Database connected
[2026-08-19T18:01:16.546Z] INFO: Server listening on port 3000
[2026-08-19T18:01:18.769Z] INFO: GET /api/users 404 1ms
[2026-08-19T18:01:20.120Z] INFO: POST /api/users 404 1ms
[2026-08-19T18:01:22.098Z] INFO: POST /api/users 404 0ms
[2026-08-19T18:01:23.402Z] INFO: POST /api/users 404 1ms
[2026-08-19T18:01:24.712Z] INFO: POST /api/users 404 1ms
[2026-08-19T18:01:26.003Z] INFO: GET /api/users/does-not-exist 404 0ms
[2026-08-19T18:01:26.034Z] INFO: DELETE /api/users/does-not-exist 404 1ms
[2026-08-19T18:07:49.324Z] INFO: Server listening on port 3000
[2026-08-19T18:07:49.321Z] INFO: Database connected
[2026-08-19T18:07:51.614Z] INFO: GET /api/users 200 50ms
[2026-08-19T18:07:51.788Z] INFO: POST /api/users 201 125ms
[2026-08-19T18:07:51.858Z] INFO: POST /api/users 400 1ms
[2026-08-19T18:07:52.011Z] INFO: POST /api/users 201 118ms
[2026-08-19T18:07:52.021Z] INFO: PUT /api/users/undefined 404 1ms
[2026-08-19T18:07:53.428Z] INFO: POST /api/users 201 118ms
[2026-08-19T18:07:53.445Z] INFO: DELETE /api/users/undefined 404 2ms
[2026-08-19T18:07:55.100Z] INFO: GET /api/users/does-not-exist 404 1ms
[2026-08-19T18:07:55.137Z] INFO: DELETE /api/users/does-not-exist 404 1ms
[2026-08-19T18:10:57.535Z] INFO: Database connected
[2026-08-19T18:10:57.537Z] INFO: Server listening on port 3000
[2026-08-19T18:10:59.444Z] INFO: GET /api/users 200 56ms
[2026-08-19T18:10:59.616Z] INFO: POST /api/users 201 115ms
[2026-08-19T18:10:59.648Z] INFO: POST /api/users 400 0ms
[2026-08-19T18:10:59.814Z] INFO: POST /api/users 201 135ms
[2026-08-19T18:10:59.833Z] INFO: PUT /api/users/undefined 500 8ms
[2026-08-19T18:11:01.166Z] INFO: POST /api/users 201 106ms
[2026-08-19T18:11:01.190Z] INFO: DELETE /api/users/undefined 500 1ms
[2026-08-19T18:11:02.984Z] INFO: GET /api/users/does-not-exist 404 1ms
[2026-08-19T18:11:03.028Z] INFO: DELETE /api/users/does-not-exist 500 2ms
[2026-08-19T18:12:58.958Z] INFO: Database connected
[2026-08-19T18:12:58.960Z] INFO: Server listening on port 3000
[2026-08-19T18:13:01.005Z] INFO: GET /api/users 200 28ms
[2026-08-19T18:13:01.149Z] INFO: POST /api/users 201 98ms
[2026-08-19T18:13:01.178Z] INFO: POST /api/users 400 1ms
[2026-08-19T18:13:01.311Z] INFO: POST /api/users 201 98ms
[2026-08-19T18:13:01.321Z] INFO: PUT /api/users/undefined 404 2ms
[2026-08-19T18:13:02.604Z] INFO: POST /api/users 201 83ms
[2026-08-19T18:13:02.618Z] INFO: DELETE /api/users/undefined 404 1ms
[2026-08-19T18:13:04.142Z] INFO: GET /api/users/does-not-exist 404 1ms
[2026-08-19T18:13:04.177Z] INFO: DELETE /api/users/does-not-exist 404 1ms
[2026-08-19T18:17:35.552Z] INFO: Database connected
[2026-08-19T18:17:35.554Z] INFO: Server listening on port 3000
[2026-08-19T18:17:37.440Z] INFO: GET /api/users 200 58ms
[2026-08-19T18:17:37.606Z] INFO: POST /api/users 201 118ms
[2026-08-19T18:17:37.640Z] INFO: POST /api/users 400 0ms
[2026-08-19T18:17:37.780Z] INFO: POST /api/users 201 112ms
[2026-08-19T18:17:37.795Z] INFO: PUT /api/users/undefined 404 3ms
[2026-08-19T18:17:39.105Z] INFO: POST /api/users 201 105ms
[2026-08-19T18:17:39.131Z] INFO: DELETE /api/users/undefined 404 1ms
[2026-08-19T18:17:40.629Z] INFO: GET /api/users/does-not-exist 404 2ms
[2026-08-19T18:17:40.667Z] INFO: DELETE /api/users/does-not-exist 404 1ms
[2026-08-19T18:21:05.730Z] INFO: Database connected
[2026-08-19T18:21:05.732Z] INFO: Server listening on port 3000
[2026-08-19T18:21:07.647Z] INFO: GET /api/users 200 31ms
[2026-08-19T18:21:07.808Z] INFO: POST /api/users 201 101ms
[2026-08-19T18:21:07.842Z] INFO: POST /api/users 400 1ms
[2026-08-19T18:21:07.966Z] INFO: POST /api/users 201 94ms
[2026-08-19T18:21:07.997Z] INFO: PUT /api/users/6a85f413b013f1b8690cb82e 200 26ms
[2026-08-19T18:21:08.127Z] INFO: POST /api/users 201 95ms
[2026-08-19T18:21:08.154Z] INFO: DELETE /api/users/6a85f414b013f1b8690cb831 200 23ms
[2026-08-19T18:21:08.188Z] INFO: GET /api/users/does-not-exist 404 2ms
[2026-08-19T18:21:08.222Z] INFO: DELETE /api/users/does-not-exist 404 1ms
[2026-08-19T18:22:26.185Z] INFO: Server listening on port 5174
[2026-08-19T18:22:26.183Z] INFO: Database connected
[2026-08-19T18:22:28.658Z] INFO: Notes file overwritten
[2026-08-19T18:22:28.703Z] INFO: Notes file overwritten
[2026-08-19T18:22:28.726Z] INFO: Note appended
[2026-08-19T18:22:28.807Z] INFO: Notes file overwritten
[2026-08-19T18:22:28.892Z] INFO: GET /does-not-exist 404 2ms
[2026-08-19T18:22:49.569Z] INFO: Server listening on port 5174
[2026-08-19T18:22:49.566Z] INFO: Database connected
[2026-08-19T18:22:51.718Z] INFO: GET /api/notes 200 1ms
[2026-08-19T18:22:51.778Z] INFO: Note created
[2026-08-19T18:22:51.779Z] INFO: POST /api/notes 201 1ms
[2026-08-19T18:22:51.795Z] INFO: GET /api/notes 200 1ms
[2026-08-19T18:22:51.833Z] INFO: POST /api/notes 400 0ms
[2026-08-19T18:22:51.857Z] INFO: Note created
[2026-08-19T18:22:51.857Z] INFO: POST /api/notes 201 1ms
[2026-08-19T18:22:51.870Z] INFO: Note deleted
[2026-08-19T18:22:51.870Z] INFO: DELETE /api/notes/1787163771856 200 1ms
[2026-08-19T18:22:51.876Z] INFO: GET /api/notes 200 1ms
[2026-08-19T18:22:51.901Z] INFO: DELETE /api/notes/does-not-exist 404 2ms
[2026-08-19T18:22:51.927Z] INFO: GET /health 200 2ms
[2026-08-19T18:22:51.954Z] INFO: GET /api/nope 404 1ms
[2026-08-19T18:23:09.583Z] INFO: Server listening on port 5174
[2026-08-19T18:23:09.582Z] INFO: Database connected
[2026-08-19T18:23:10.976Z] INFO: GET /api/users 200 58ms
[2026-08-19T18:23:11.139Z] INFO: POST /api/users 201 117ms
[2026-08-19T18:23:11.168Z] INFO: POST /api/users 400 0ms
[2026-08-19T18:23:11.305Z] INFO: POST /api/users 201 116ms
[2026-08-19T18:23:11.361Z] INFO: PUT /api/users/6a85f48f4a4524744a1e2a2b 200 48ms
[2026-08-19T18:23:11.569Z] INFO: POST /api/users 201 155ms
[2026-08-19T18:23:11.620Z] INFO: DELETE /api/users/6a85f48f4a4524744a1e2a2e 200 45ms
[2026-08-19T18:23:11.669Z] INFO: GET /api/users/does-not-exist 404 2ms
[2026-08-19T18:23:11.698Z] INFO: DELETE /api/users/does-not-exist 404 1ms
[2026-08-19T18:31:52.533Z] INFO: Server listening on port 5174
[2026-08-19T18:31:52.535Z] INFO: Database connected
[2026-08-19T18:31:54.801Z] INFO: Notes file overwritten
[2026-08-19T18:31:54.838Z] INFO: Notes file overwritten
[2026-08-19T18:31:54.852Z] INFO: Note appended
[2026-08-19T18:31:54.901Z] INFO: Notes file overwritten
[2026-08-19T18:31:54.957Z] INFO: GET /does-not-exist 404 1ms
[2026-08-19T18:32:14.080Z] INFO: Database connected
[2026-08-19T18:32:14.082Z] INFO: Server listening on port 5174
[2026-08-19T18:32:16.172Z] INFO: GET /api/notes 200 1ms
[2026-08-19T18:32:16.215Z] INFO: Note created
[2026-08-19T18:32:16.215Z] INFO: POST /api/notes 201 1ms
[2026-08-19T18:32:16.228Z] INFO: GET /api/notes 200 1ms
[2026-08-19T18:32:16.256Z] INFO: POST /api/notes 400 0ms
[2026-08-19T18:32:16.275Z] INFO: Note created
[2026-08-19T18:32:16.275Z] INFO: POST /api/notes 201 0ms
[2026-08-19T18:32:16.285Z] INFO: Note deleted
[2026-08-19T18:32:16.285Z] INFO: DELETE /api/notes/1787164336274 200 2ms
[2026-08-19T18:32:16.289Z] INFO: GET /api/notes 200 1ms
[2026-08-19T18:32:16.310Z] INFO: DELETE /api/notes/does-not-exist 404 1ms
[2026-08-19T18:32:16.331Z] INFO: GET /health 200 0ms
[2026-08-19T18:32:16.349Z] INFO: GET /api/nope 404 1ms
[2026-08-19T18:32:32.019Z] INFO: Server listening on port 5174
[2026-08-19T18:32:32.017Z] INFO: Database connected
[2026-08-19T18:32:33.732Z] INFO: GET /api/users 200 32ms
[2026-08-19T18:32:33.873Z] INFO: POST /api/users 201 105ms
[2026-08-19T18:32:33.906Z] INFO: POST /api/users 400 1ms
[2026-08-19T18:32:34.030Z] INFO: POST /api/users 201 95ms
[2026-08-19T18:32:34.067Z] INFO: PUT /api/users/6a85f6c2c23d17c02405b1d9 200 31ms
[2026-08-19T18:32:34.213Z] INFO: POST /api/users 201 98ms
[2026-08-19T18:32:34.249Z] INFO: DELETE /api/users/6a85f6c2c23d17c02405b1dc 200 31ms
[2026-08-19T18:32:34.292Z] INFO: GET /api/users/does-not-exist 404 2ms
[2026-08-19T18:32:34.320Z] INFO: DELETE /api/users/does-not-exist 404 1ms
[2026-08-19T18:38:51.757Z] INFO: Database connected
[2026-08-19T18:38:51.759Z] INFO: Server listening on port 3000
[2026-08-19T18:38:53.949Z] INFO: POST /auth/register 404 1ms
[2026-08-19T18:43:34.853Z] INFO: Server listening on port 3000
[2026-08-19T18:43:34.851Z] INFO: Database connected
[2026-08-19T18:47:44.494Z] INFO: Database connected
[2026-08-19T18:47:44.496Z] INFO: Server listening on port 3000
[2026-08-19T18:52:49.344Z] INFO: Server listening on port 3000
[2026-08-19T18:52:49.346Z] INFO: Database connected
[2026-08-19T18:56:37.103Z] INFO: Database connected
[2026-08-19T18:56:37.106Z] INFO: Server listening on port 3000
[2026-08-19T19:01:02.546Z] INFO: Server listening on port 3000
[2026-08-19T19:01:02.542Z] INFO: Database connected
[2026-08-19T19:04:21.512Z] INFO: Database connected
[2026-08-19T19:04:21.516Z] INFO: Server listening on port 3000
[2026-08-19T19:10:13.074Z] INFO: Server listening on port 3000
[2026-08-19T19:10:13.072Z] INFO: Database connected
[2026-08-19T19:19:39.084Z] INFO: Server listening on port 3000
[2026-08-19T19:19:39.082Z] INFO: Database connected
[2026-08-19T19:20:51.157Z] INFO: Server listening on port 5174
[2026-08-19T19:20:51.154Z] INFO: Database connected
[2026-08-19T19:20:53.349Z] INFO: Notes file overwritten
[2026-08-19T19:20:53.389Z] INFO: Notes file overwritten
[2026-08-19T19:20:53.403Z] INFO: Note appended
[2026-08-19T19:20:53.461Z] INFO: Notes file overwritten
[2026-08-19T19:20:53.527Z] INFO: GET /does-not-exist 404 1ms
[2026-08-19T19:21:13.540Z] INFO: Server listening on port 5174
[2026-08-19T19:21:13.537Z] INFO: Database connected
[2026-08-19T19:21:14.946Z] INFO: GET /api/notes 200 1ms
[2026-08-19T19:21:14.995Z] INFO: POST /api/notes 201 0ms
[2026-08-19T19:21:14.995Z] INFO: Note created
[2026-08-19T19:21:15.007Z] INFO: GET /api/notes 200 0ms
[2026-08-19T19:21:15.029Z] INFO: POST /api/notes 400 1ms
[2026-08-19T19:21:15.055Z] INFO: Note created
[2026-08-19T19:21:15.055Z] INFO: POST /api/notes 201 1ms
[2026-08-19T19:21:15.061Z] INFO: Note deleted
[2026-08-19T19:21:15.061Z] INFO: DELETE /api/notes/1787167275054 200 2ms
[2026-08-19T19:21:15.070Z] INFO: GET /api/notes 200 1ms
[2026-08-19T19:21:15.091Z] INFO: DELETE /api/notes/does-not-exist 404 2ms
[2026-08-19T19:21:15.114Z] INFO: GET /health 200 1ms
[2026-08-19T19:21:15.133Z] INFO: GET /api/nope 404 0ms
[2026-08-19T19:21:33.176Z] INFO: Server listening on port 5174
[2026-08-19T19:21:33.174Z] INFO: Database connected
[2026-08-19T19:21:35.592Z] INFO: GET /api/users 200 33ms
[2026-08-19T19:21:35.740Z] INFO: POST /api/users 201 105ms
[2026-08-19T19:21:37.042Z] INFO: POST /api/users 201 82ms
[2026-08-19T19:21:38.728Z] INFO: POST /api/users 400 1ms
[2026-08-19T19:21:38.848Z] INFO: POST /api/users 201 88ms
[2026-08-19T19:21:38.882Z] INFO: PUT /api/users/6a860242548c70a67629cb18 200 27ms
[2026-08-19T19:21:40.320Z] INFO: POST /api/users 201 89ms
[2026-08-19T19:21:40.355Z] INFO: PUT /api/users/6a860244548c70a67629cb1b 200 23ms
[2026-08-19T19:21:41.697Z] INFO: POST /api/users 201 83ms
[2026-08-19T19:21:41.729Z] INFO: DELETE /api/users/6a860245548c70a67629cb1e 200 20ms
[2026-08-19T19:21:41.762Z] INFO: GET /api/users/does-not-exist 404 1ms
[2026-08-19T19:21:41.788Z] INFO: DELETE /api/users/does-not-exist 404 0ms
[2026-08-19T19:21:59.697Z] INFO: Server listening on port 5174
[2026-08-19T19:21:59.699Z] INFO: Database connected
[2026-08-19T19:32:28.508Z] INFO: Server listening on port 3000
[2026-08-19T19:32:28.505Z] INFO: Database connected
[2026-08-19T19:32:31.099Z] INFO: POST /api/posts 401 0ms
[2026-08-19T19:39:30.833Z] INFO: Server listening on port 3000
[2026-08-19T19:39:30.830Z] INFO: Database connected
[2026-08-19T19:39:57.533Z] INFO: Server listening on port 3000
[2026-08-19T19:39:57.532Z] INFO: Database connected
[2026-08-19T19:39:59.844Z] INFO: POST /api/posts 401 0ms
[2026-08-20T05:10:19.455Z] INFO: Database connected
[2026-08-20T05:10:19.457Z] INFO: Server listening on port 5174
[2026-08-20T05:10:21.428Z] INFO: Notes file overwritten
[2026-08-20T05:10:21.483Z] INFO: Notes file overwritten
[2026-08-20T05:10:21.503Z] INFO: Note appended
[2026-08-20T05:10:21.576Z] INFO: Notes file overwritten
[2026-08-20T05:10:21.668Z] INFO: GET /does-not-exist 404 1ms
[2026-08-20T05:10:42.348Z] INFO: Database connected
[2026-08-20T05:10:42.346Z] INFO: Server listening on port 5174
[2026-08-20T05:10:44.634Z] INFO: GET /api/notes 200 1ms
[2026-08-20T05:10:44.680Z] INFO: Note created
[2026-08-20T05:10:44.681Z] INFO: POST /api/notes 201 1ms
[2026-08-20T05:10:44.694Z] INFO: GET /api/notes 200 0ms
[2026-08-20T05:10:44.717Z] INFO: POST /api/notes 400 1ms
[2026-08-20T05:10:44.746Z] INFO: Note created
[2026-08-20T05:10:44.746Z] INFO: POST /api/notes 201 0ms
[2026-08-20T05:10:44.753Z] INFO: Note deleted
[2026-08-20T05:10:44.753Z] INFO: DELETE /api/notes/1787202644745 200 1ms
[2026-08-20T05:10:44.763Z] INFO: GET /api/notes 200 1ms
[2026-08-20T05:10:44.795Z] INFO: DELETE /api/notes/does-not-exist 404 1ms
[2026-08-20T05:10:44.821Z] INFO: GET /health 200 0ms
[2026-08-20T05:10:44.841Z] INFO: GET /api/nope 404 1ms
[2026-08-20T05:11:06.057Z] INFO: Server listening on port 5174
[2026-08-20T05:11:06.055Z] INFO: Database connected
[2026-08-20T05:11:08.336Z] INFO: GET /api/users 200 36ms
[2026-08-20T05:11:08.561Z] INFO: POST /api/users 201 168ms
[2026-08-20T05:11:11.467Z] INFO: POST /api/users 201 106ms
[2026-08-20T05:11:12.821Z] INFO: POST /api/users 400 1ms
[2026-08-20T05:11:12.940Z] INFO: POST /api/users 201 87ms
[2026-08-20T05:11:13.209Z] INFO: PUT /api/users/6a868c70ad7d35ea586b43e6 200 263ms
[2026-08-20T05:11:16.288Z] INFO: POST /api/users 201 334ms
[2026-08-20T05:11:16.603Z] INFO: PUT /api/users/6a868c74ad7d35ea586b43e9 200 299ms
[2026-08-20T05:11:18.555Z] INFO: POST /api/users 201 320ms
[2026-08-20T05:11:18.595Z] INFO: DELETE /api/users/6a868c76ad7d35ea586b43ec 200 22ms
[2026-08-20T05:11:18.625Z] INFO: GET /api/users/does-not-exist 404 1ms
[2026-08-20T05:11:18.650Z] INFO: DELETE /api/users/does-not-exist 404 0ms
[2026-08-20T05:11:40.048Z] INFO: Database connected
[2026-08-20T05:11:40.050Z] INFO: Server listening on port 5174
[2026-08-20T05:12:06.306Z] INFO: Database connected
[2026-08-20T05:12:06.308Z] INFO: Server listening on port 5174
[2026-08-20T05:38:59.974Z] ERROR: DB connection failed: MongooseServerSelectionError: Could not connect to any servers in your MongoDB Atlas cluster. One common reason is that you're trying to access the database from an IP that isn't whitelisted. Make sure your current IP address is on your Atlas cluster's IP whitelist: https://www.mongodb.com/docs/atlas/security-whitelist/
    at _handleConnectionErrors (D:\SPARK+\mobile-challenge-engine\courses\02-backend-basics\project\node_modules\mongoose\lib\connection.js:1169:11)
    at NativeConnection.openUri (D:\SPARK+\mobile-challenge-engine\courses\02-backend-basics\project\node_modules\mongoose\lib\connection.js:1100:11)
    at async connectDB (file:///D:/SPARK+/mobile-challenge-engine/courses/02-backend-basics/project/src/db.js:12:5)
    at async startServer (file:///D:/SPARK+/mobile-challenge-engine/courses/02-backend-basics/project/src/server.js:113:5)
[2026-08-20T05:38:59.976Z] ERROR: Database connection failed: Could not connect to any servers in your MongoDB Atlas cluster. One common reason is that you're trying to access the database from an IP that isn't whitelisted. Make sure your current IP address is on your Atlas cluster's IP whitelist: https://www.mongodb.com/docs/atlas/security-whitelist/
[2026-08-20T05:44:00.780Z] ERROR: DB connection failed: MongooseServerSelectionError: Could not connect to any servers in your MongoDB Atlas cluster. One common reason is that you're trying to access the database from an IP that isn't whitelisted. Make sure your current IP address is on your Atlas cluster's IP whitelist: https://www.mongodb.com/docs/atlas/security-whitelist/
    at _handleConnectionErrors (D:\SPARK+\mobile-challenge-engine\courses\02-backend-basics\project\node_modules\mongoose\lib\connection.js:1169:11)
    at NativeConnection.openUri (D:\SPARK+\mobile-challenge-engine\courses\02-backend-basics\project\node_modules\mongoose\lib\connection.js:1100:11)
    at async connectDB (file:///D:/SPARK+/mobile-challenge-engine/courses/02-backend-basics/project/src/db.js:12:5)
    at async startServer (file:///D:/SPARK+/mobile-challenge-engine/courses/02-backend-basics/project/src/server.js:113:5)
[2026-08-20T05:44:00.777Z] ERROR: Database connection failed: Could not connect to any servers in your MongoDB Atlas cluster. One common reason is that you're trying to access the database from an IP that isn't whitelisted. Make sure your current IP address is on your Atlas cluster's IP whitelist: https://www.mongodb.com/docs/atlas/security-whitelist/
[2026-08-20T06:02:11.993Z] INFO: Database connected
[2026-08-20T06:02:11.995Z] INFO: Server listening on port 3000
[2026-08-20T06:23:53.742Z] INFO: Database connected
[2026-08-20T06:23:53.745Z] INFO: Server listening on port 3000
[2026-08-20T06:25:41.685Z] INFO: Database connected
[2026-08-20T06:25:41.688Z] INFO: Server listening on port 3000
[2026-08-20T06:27:17.846Z] INFO: Database connected
[2026-08-20T06:27:17.848Z] INFO: Server listening on port 3000
[2026-08-20T06:35:02.550Z] INFO: Database connected
[2026-08-20T06:35:02.552Z] INFO: Server listening on port 3000
[2026-08-20T06:37:43.873Z] INFO: Database connected
[2026-08-20T06:37:43.875Z] INFO: Server listening on port 5174
[2026-08-20T06:37:45.734Z] INFO: Notes file overwritten
[2026-08-20T06:37:45.773Z] INFO: Notes file overwritten
[2026-08-20T06:37:45.790Z] INFO: Note appended
[2026-08-20T06:37:45.853Z] INFO: Notes file overwritten
[2026-08-20T06:37:45.935Z] INFO: GET /does-not-exist 404 1ms
[2026-08-20T06:38:06.851Z] INFO: Server listening on port 5174
[2026-08-20T06:38:06.848Z] INFO: Database connected
[2026-08-20T06:38:09.195Z] INFO: GET /api/notes 200 1ms
[2026-08-20T06:38:09.249Z] INFO: Note created
[2026-08-20T06:38:09.250Z] INFO: POST /api/notes 201 1ms
[2026-08-20T06:38:09.264Z] INFO: GET /api/notes 200 1ms
[2026-08-20T06:38:09.305Z] INFO: POST /api/notes 400 2ms
[2026-08-20T06:38:09.329Z] INFO: Note created
[2026-08-20T06:38:09.329Z] INFO: POST /api/notes 201 1ms
[2026-08-20T06:38:09.342Z] INFO: Note deleted
[2026-08-20T06:38:09.342Z] INFO: DELETE /api/notes/1787207889327 200 1ms
[2026-08-20T06:38:09.347Z] INFO: GET /api/notes 200 0ms
[2026-08-20T06:38:09.374Z] INFO: DELETE /api/notes/does-not-exist 404 1ms
[2026-08-20T06:38:09.400Z] INFO: GET /health 200 1ms
[2026-08-20T06:38:09.425Z] INFO: GET /api/nope 404 1ms
[2026-08-20T06:38:31.231Z] INFO: Database connected
[2026-08-20T06:38:31.233Z] INFO: Server listening on port 5174
[2026-08-20T06:38:33.159Z] INFO: GET /api/users 200 40ms
[2026-08-20T06:38:33.336Z] INFO: POST /api/users 201 113ms
[2026-08-20T06:38:34.806Z] INFO: POST /api/users 201 111ms
[2026-08-20T06:38:36.906Z] INFO: POST /api/users 400 1ms
[2026-08-20T06:38:37.356Z] INFO: POST /api/users 201 417ms
[2026-08-20T06:38:37.571Z] INFO: PUT /api/users/6a86a0eda010fd7aa4135f31 200 204ms
[2026-08-20T06:38:39.313Z] INFO: POST /api/users 201 434ms
[2026-08-20T06:38:39.522Z] INFO: PUT /api/users/6a86a0eea010fd7aa4135f34 200 188ms
[2026-08-20T06:38:41.072Z] INFO: POST /api/users 201 128ms
[2026-08-20T06:38:41.314Z] INFO: DELETE /api/users/6a86a0f1a010fd7aa4135f37 200 230ms
[2026-08-20T06:38:41.360Z] INFO: GET /api/users/does-not-exist 404 1ms
[2026-08-20T06:38:41.391Z] INFO: DELETE /api/users/does-not-exist 404 1ms
[2026-08-20T06:39:00.394Z] INFO: Server listening on port 5174
[2026-08-20T06:39:00.392Z] INFO: Database connected
[2026-08-20T06:39:25.166Z] INFO: Server listening on port 5174
[2026-08-20T06:39:25.164Z] INFO: Database connected
[2026-08-20T06:41:14.017Z] INFO: Database connected
[2026-08-20T06:41:14.019Z] INFO: Server listening on port 3000
[2026-08-20T06:41:16.066Z] INFO: GET /api/users 200 34ms
[2026-08-20T06:41:16.257Z] INFO: POST /api/users 201 111ms
[2026-08-20T06:41:18.328Z] INFO: POST /api/users 400 0ms
[2026-08-20T06:41:18.690Z] INFO: POST /api/users 201 319ms
[2026-08-20T06:41:18.852Z] INFO: PUT /api/users/6a86a18e80af4a2e2f3c5147 200 156ms
[2026-08-20T06:41:20.415Z] INFO: POST /api/users 201 97ms
[2026-08-20T06:41:20.657Z] INFO: DELETE /api/users/6a86a19080af4a2e2f3c514a 200 229ms
[2026-08-20T06:41:20.699Z] INFO: GET /api/users/does-not-exist 404 2ms
[2026-08-20T06:41:20.730Z] INFO: DELETE /api/users/does-not-exist 404 1ms
[2026-08-20T06:47:45.691Z] ERROR: DB connection failed: MongooseServerSelectionError: Could not connect to any servers in your MongoDB Atlas cluster. One common reason is that you're trying to access the database from an IP that isn't whitelisted. Make sure your current IP address is on your Atlas cluster's IP whitelist: https://www.mongodb.com/docs/atlas/security-whitelist/
    at _handleConnectionErrors (D:\SPARK+\mobile-challenge-engine\courses\02-backend-basics\project\node_modules\mongoose\lib\connection.js:1169:11)
    at NativeConnection.openUri (D:\SPARK+\mobile-challenge-engine\courses\02-backend-basics\project\node_modules\mongoose\lib\connection.js:1100:11)
    at async connectDB (file:///D:/SPARK+/mobile-challenge-engine/courses/02-backend-basics/project/src/db.js:12:5)
    at async startServer (file:///D:/SPARK+/mobile-challenge-engine/courses/02-backend-basics/project/src/server.js:113:5)
[2026-08-20T06:47:45.688Z] ERROR: Database connection failed: Could not connect to any servers in your MongoDB Atlas cluster. One common reason is that you're trying to access the database from an IP that isn't whitelisted. Make sure your current IP address is on your Atlas cluster's IP whitelist: https://www.mongodb.com/docs/atlas/security-whitelist/
[2026-08-20T06:59:30.752Z] ERROR: Database connection failed: Could not connect to any servers in your MongoDB Atlas cluster. One common reason is that you're trying to access the database from an IP that isn't whitelisted. Make sure your current IP address is on your Atlas cluster's IP whitelist: https://www.mongodb.com/docs/atlas/security-whitelist/
[2026-08-20T06:59:30.756Z] ERROR: DB connection failed: MongooseServerSelectionError: Could not connect to any servers in your MongoDB Atlas cluster. One common reason is that you're trying to access the database from an IP that isn't whitelisted. Make sure your current IP address is on your Atlas cluster's IP whitelist: https://www.mongodb.com/docs/atlas/security-whitelist/
    at _handleConnectionErrors (D:\SPARK+\mobile-challenge-engine\courses\02-backend-basics\project\node_modules\mongoose\lib\connection.js:1169:11)
    at NativeConnection.openUri (D:\SPARK+\mobile-challenge-engine\courses\02-backend-basics\project\node_modules\mongoose\lib\connection.js:1100:11)
    at async connectDB (file:///D:/SPARK+/mobile-challenge-engine/courses/02-backend-basics/project/src/db.js:12:5)
    at async startServer (file:///D:/SPARK+/mobile-challenge-engine/courses/02-backend-basics/project/src/server.js:113:5)
[2026-08-20T07:05:37.842Z] ERROR: DB connection failed: MongooseServerSelectionError: Could not connect to any servers in your MongoDB Atlas cluster. One common reason is that you're trying to access the database from an IP that isn't whitelisted. Make sure your current IP address is on your Atlas cluster's IP whitelist: https://www.mongodb.com/docs/atlas/security-whitelist/
    at _handleConnectionErrors (D:\SPARK+\mobile-challenge-engine\courses\02-backend-basics\project\node_modules\mongoose\lib\connection.js:1169:11)
    at NativeConnection.openUri (D:\SPARK+\mobile-challenge-engine\courses\02-backend-basics\project\node_modules\mongoose\lib\connection.js:1100:11)
    at async connectDB (file:///D:/SPARK+/mobile-challenge-engine/courses/02-backend-basics/project/src/db.js:12:5)
    at async startServer (file:///D:/SPARK+/mobile-challenge-engine/courses/02-backend-basics/project/src/server.js:113:5)
[2026-08-20T07:05:37.844Z] ERROR: Database connection failed: Could not connect to any servers in your MongoDB Atlas cluster. One common reason is that you're trying to access the database from an IP that isn't whitelisted. Make sure your current IP address is on your Atlas cluster's IP whitelist: https://www.mongodb.com/docs/atlas/security-whitelist/
[2026-08-20T07:10:52.026Z] ERROR: DB connection failed: MongooseServerSelectionError: Could not connect to any servers in your MongoDB Atlas cluster. One common reason is that you're trying to access the database from an IP that isn't whitelisted. Make sure your current IP address is on your Atlas cluster's IP whitelist: https://www.mongodb.com/docs/atlas/security-whitelist/
    at _handleConnectionErrors (D:\SPARK+\mobile-challenge-engine\courses\02-backend-basics\project\node_modules\mongoose\lib\connection.js:1169:11)
    at NativeConnection.openUri (D:\SPARK+\mobile-challenge-engine\courses\02-backend-basics\project\node_modules\mongoose\lib\connection.js:1100:11)
    at async connectDB (file:///D:/SPARK+/mobile-challenge-engine/courses/02-backend-basics/project/src/db.js:12:5)
    at async startServer (file:///D:/SPARK+/mobile-challenge-engine/courses/02-backend-basics/project/src/server.js:113:5)
[2026-08-20T07:10:52.024Z] ERROR: Database connection failed: Could not connect to any servers in your MongoDB Atlas cluster. One common reason is that you're trying to access the database from an IP that isn't whitelisted. Make sure your current IP address is on your Atlas cluster's IP whitelist: https://www.mongodb.com/docs/atlas/security-whitelist/
[2026-08-20T07:11:43.767Z] ERROR: Database connection failed: Could not connect to any servers in your MongoDB Atlas cluster. One common reason is that you're trying to access the database from an IP that isn't whitelisted. Make sure your current IP address is on your Atlas cluster's IP whitelist: https://www.mongodb.com/docs/atlas/security-whitelist/
[2026-08-20T07:11:43.773Z] ERROR: DB connection failed: MongooseServerSelectionError: Could not connect to any servers in your MongoDB Atlas cluster. One common reason is that you're trying to access the database from an IP that isn't whitelisted. Make sure your current IP address is on your Atlas cluster's IP whitelist: https://www.mongodb.com/docs/atlas/security-whitelist/
    at _handleConnectionErrors (D:\SPARK+\mobile-challenge-engine\courses\02-backend-basics\project\node_modules\mongoose\lib\connection.js:1169:11)
    at NativeConnection.openUri (D:\SPARK+\mobile-challenge-engine\courses\02-backend-basics\project\node_modules\mongoose\lib\connection.js:1100:11)
    at async connectDB (file:///D:/SPARK+/mobile-challenge-engine/courses/02-backend-basics/project/src/db.js:12:5)
    at async startServer (file:///D:/SPARK+/mobile-challenge-engine/courses/02-backend-basics/project/src/server.js:113:5)
[2026-08-20T07:22:47.284Z] ERROR: Database connection failed: Could not connect to any servers in your MongoDB Atlas cluster. One common reason is that you're trying to access the database from an IP that isn't whitelisted. Make sure your current IP address is on your Atlas cluster's IP whitelist: https://www.mongodb.com/docs/atlas/security-whitelist/
[2026-08-20T07:22:47.286Z] ERROR: DB connection failed: MongooseServerSelectionError: Could not connect to any servers in your MongoDB Atlas cluster. One common reason is that you're trying to access the database from an IP that isn't whitelisted. Make sure your current IP address is on your Atlas cluster's IP whitelist: https://www.mongodb.com/docs/atlas/security-whitelist/
    at _handleConnectionErrors (D:\SPARK+\mobile-challenge-engine\courses\02-backend-basics\project\node_modules\mongoose\lib\connection.js:1169:11)
    at NativeConnection.openUri (D:\SPARK+\mobile-challenge-engine\courses\02-backend-basics\project\node_modules\mongoose\lib\connection.js:1100:11)
    at async connectDB (file:///D:/SPARK+/mobile-challenge-engine/courses/02-backend-basics/project/src/db.js:12:5)
    at async startServer (file:///D:/SPARK+/mobile-challenge-engine/courses/02-backend-basics/project/src/server.js:111:5)
[2026-08-20T08:15:54.239Z] ERROR: Database connection failed: Could not connect to any servers in your MongoDB Atlas cluster. One common reason is that you're trying to access the database from an IP that isn't whitelisted. Make sure your current IP address is on your Atlas cluster's IP whitelist: https://www.mongodb.com/docs/atlas/security-whitelist/
[2026-08-20T08:15:54.237Z] ERROR: DB connection failed: MongooseServerSelectionError: Could not connect to any servers in your MongoDB Atlas cluster. One common reason is that you're trying to access the database from an IP that isn't whitelisted. Make sure your current IP address is on your Atlas cluster's IP whitelist: https://www.mongodb.com/docs/atlas/security-whitelist/
    at _handleConnectionErrors (D:\SPARK+\mobile-challenge-engine\courses\02-backend-basics\project\node_modules\mongoose\lib\connection.js:1169:11)
    at NativeConnection.openUri (D:\SPARK+\mobile-challenge-engine\courses\02-backend-basics\project\node_modules\mongoose\lib\connection.js:1100:11)
    at async connectDB (file:///D:/SPARK+/mobile-challenge-engine/courses/02-backend-basics/project/src/db.js:14:5)
    at async startServer (file:///D:/SPARK+/mobile-challenge-engine/courses/02-backend-basics/project/src/server.js:12:5)
[2026-08-20T08:16:52.041Z] ERROR: DB connection failed: MongooseServerSelectionError: Could not connect to any servers in your MongoDB Atlas cluster. One common reason is that you're trying to access the database from an IP that isn't whitelisted. Make sure your current IP address is on your Atlas cluster's IP whitelist: https://www.mongodb.com/docs/atlas/security-whitelist/
    at _handleConnectionErrors (D:\SPARK+\mobile-challenge-engine\courses\02-backend-basics\project\node_modules\mongoose\lib\connection.js:1169:11)
    at NativeConnection.openUri (D:\SPARK+\mobile-challenge-engine\courses\02-backend-basics\project\node_modules\mongoose\lib\connection.js:1100:11)
    at async connectDB (file:///D:/SPARK+/mobile-challenge-engine/courses/02-backend-basics/project/src/db.js:14:5)
    at async startServer (file:///D:/SPARK+/mobile-challenge-engine/courses/02-backend-basics/project/src/server.js:12:5)
[2026-08-20T08:16:52.060Z] ERROR: Database connection failed: Could not connect to any servers in your MongoDB Atlas cluster. One common reason is that you're trying to access the database from an IP that isn't whitelisted. Make sure your current IP address is on your Atlas cluster's IP whitelist: https://www.mongodb.com/docs/atlas/security-whitelist/
[2026-08-20T08:29:22.039Z] INFO: Database connected
[2026-08-20T08:29:22.041Z] INFO: Server listening on port 3000
[2026-08-20T08:29:22.319Z] INFO: GET /index.html 404 1ms
[2026-08-20T08:29:22.319Z] INFO: GET / 404 2ms
[2026-08-20T08:29:23.325Z] INFO: GET / 404 1ms
[2026-08-20T08:29:23.327Z] INFO: GET /index.html 404 0ms
[2026-08-20T08:29:24.336Z] INFO: GET / 404 1ms
[2026-08-20T08:29:24.340Z] INFO: GET /index.html 404 1ms
[2026-08-20T08:29:25.348Z] INFO: GET / 404 0ms
[2026-08-20T08:29:25.349Z] INFO: GET /index.html 404 1ms
[2026-08-20T08:29:26.366Z] INFO: GET / 404 1ms
[2026-08-20T08:29:26.367Z] INFO: GET /index.html 404 0ms
[2026-08-20T08:29:27.382Z] INFO: GET / 404 1ms
[2026-08-20T08:29:27.382Z] INFO: GET /index.html 404 1ms
[2026-08-20T08:29:28.396Z] INFO: GET / 404 1ms
[2026-08-20T08:29:28.396Z] INFO: GET /index.html 404 1ms
[2026-08-20T08:29:29.409Z] INFO: GET / 404 1ms
[2026-08-20T08:29:29.410Z] INFO: GET /index.html 404 1ms
[2026-08-20T08:29:30.421Z] INFO: GET / 404 0ms
[2026-08-20T08:29:30.421Z] INFO: GET /index.html 404 0ms
[2026-08-20T08:29:31.425Z] INFO: GET / 404 1ms
[2026-08-20T08:29:31.425Z] INFO: GET /index.html 404 0ms
[2026-08-20T08:29:32.436Z] INFO: GET / 404 1ms
[2026-08-20T08:29:32.437Z] INFO: GET /index.html 404 0ms
[2026-08-20T08:29:33.450Z] INFO: GET / 404 0ms
[2026-08-20T08:29:33.450Z] INFO: GET /index.html 404 1ms
[2026-08-20T08:29:34.465Z] INFO: GET / 404 1ms
[2026-08-20T08:29:34.466Z] INFO: GET /index.html 404 1ms
[2026-08-20T08:29:35.479Z] INFO: GET / 404 1ms
[2026-08-20T08:29:35.479Z] INFO: GET /index.html 404 1ms
[2026-08-20T08:29:36.489Z] INFO: GET / 404 0ms
[2026-08-20T08:29:36.490Z] INFO: GET /index.html 404 1ms
[2026-08-20T08:29:37.504Z] INFO: GET / 404 1ms
[2026-08-20T08:29:37.505Z] INFO: GET /index.html 404 1ms
[2026-08-20T08:29:38.516Z] INFO: GET / 404 1ms
[2026-08-20T08:29:38.516Z] INFO: GET /index.html 404 0ms
[2026-08-20T08:29:39.536Z] INFO: GET / 404 1ms
[2026-08-20T08:29:39.536Z] INFO: GET /index.html 404 1ms
[2026-08-20T08:29:40.547Z] INFO: GET / 404 1ms
[2026-08-20T08:29:40.548Z] INFO: GET /index.html 404 1ms
[2026-08-20T08:29:41.562Z] INFO: GET / 404 1ms
[2026-08-20T08:29:41.562Z] INFO: GET /index.html 404 1ms
[2026-08-20T08:29:42.573Z] INFO: GET / 404 1ms
[2026-08-20T08:29:42.573Z] INFO: GET /index.html 404 0ms
[2026-08-20T08:29:43.584Z] INFO: GET / 404 1ms
[2026-08-20T08:29:43.586Z] INFO: GET /index.html 404 0ms
[2026-08-20T08:29:44.600Z] INFO: GET / 404 1ms
[2026-08-20T08:29:44.601Z] INFO: GET /index.html 404 0ms
[2026-08-20T08:29:45.617Z] INFO: GET / 404 2ms
[2026-08-20T08:29:45.617Z] INFO: GET /index.html 404 1ms
[2026-08-20T08:29:46.627Z] INFO: GET / 404 0ms
[2026-08-20T08:29:46.627Z] INFO: GET /index.html 404 0ms
[2026-08-20T08:29:47.639Z] INFO: GET / 404 1ms
[2026-08-20T08:29:47.640Z] INFO: GET /index.html 404 0ms
[2026-08-20T08:29:48.656Z] INFO: GET / 404 0ms
[2026-08-20T08:29:48.657Z] INFO: GET /index.html 404 1ms
[2026-08-20T08:29:49.671Z] INFO: GET / 404 1ms
[2026-08-20T08:29:49.672Z] INFO: GET /index.html 404 0ms
[2026-08-20T08:29:50.685Z] INFO: GET / 404 1ms
[2026-08-20T08:29:50.686Z] INFO: GET /index.html 404 1ms
[2026-08-20T08:29:51.697Z] INFO: GET / 404 1ms
[2026-08-20T08:29:51.697Z] INFO: GET /index.html 404 1ms
[2026-08-20T08:29:52.708Z] INFO: GET / 404 0ms
[2026-08-20T08:29:52.708Z] INFO: GET /index.html 404 0ms
[2026-08-20T08:29:53.725Z] INFO: GET / 404 1ms
[2026-08-20T08:29:53.725Z] INFO: GET /index.html 404 1ms
[2026-08-20T08:29:54.742Z] INFO: GET / 404 1ms
[2026-08-20T08:29:54.742Z] INFO: GET /index.html 404 0ms
[2026-08-20T08:29:55.755Z] INFO: GET / 404 0ms
[2026-08-20T08:29:55.756Z] INFO: GET /index.html 404 1ms
[2026-08-20T08:29:56.773Z] INFO: GET / 404 1ms
[2026-08-20T08:29:56.774Z] INFO: GET /index.html 404 1ms
[2026-08-20T08:29:57.788Z] INFO: GET / 404 1ms
[2026-08-20T08:29:57.789Z] INFO: GET /index.html 404 1ms
[2026-08-20T08:29:58.804Z] INFO: GET / 404 0ms
[2026-08-20T08:29:58.804Z] INFO: GET /index.html 404 0ms
[2026-08-20T08:29:59.816Z] INFO: GET / 404 0ms
[2026-08-20T08:29:59.818Z] INFO: GET /index.html 404 1ms
[2026-08-20T08:30:00.833Z] INFO: GET / 404 0ms
[2026-08-20T08:30:00.833Z] INFO: GET /index.html 404 0ms
[2026-08-20T08:30:01.853Z] INFO: GET / 404 2ms
[2026-08-20T08:30:01.854Z] INFO: GET /index.html 404 1ms
[2026-08-20T08:30:02.867Z] INFO: GET / 404 2ms
[2026-08-20T08:30:02.867Z] INFO: GET /index.html 404 1ms
[2026-08-20T08:30:03.875Z] INFO: GET / 404 1ms
[2026-08-20T08:30:03.875Z] INFO: GET /index.html 404 1ms
[2026-08-20T08:30:04.891Z] INFO: GET / 404 1ms
[2026-08-20T08:30:04.891Z] INFO: GET /index.html 404 0ms
[2026-08-20T08:30:05.904Z] INFO: GET /index.html 404 0ms
[2026-08-20T08:30:05.903Z] INFO: GET / 404 0ms
[2026-08-20T08:30:06.918Z] INFO: GET / 404 1ms
[2026-08-20T08:30:06.918Z] INFO: GET /index.html 404 1ms
[2026-08-20T08:30:07.933Z] INFO: GET / 404 1ms
[2026-08-20T08:30:07.933Z] INFO: GET /index.html 404 0ms
[2026-08-20T08:30:08.947Z] INFO: GET / 404 1ms
[2026-08-20T08:30:08.948Z] INFO: GET /index.html 404 0ms
[2026-08-20T08:30:09.958Z] INFO: GET / 404 1ms
[2026-08-20T08:30:09.958Z] INFO: GET /index.html 404 0ms
[2026-08-20T08:30:10.969Z] INFO: GET / 404 1ms
[2026-08-20T08:30:10.971Z] INFO: GET /index.html 404 0ms
[2026-08-20T08:30:11.984Z] INFO: GET / 404 0ms
[2026-08-20T08:30:11.986Z] INFO: GET /index.html 404 1ms
[2026-08-20T08:30:13.002Z] INFO: GET / 404 0ms
[2026-08-20T08:30:13.002Z] INFO: GET /index.html 404 0ms
[2026-08-20T08:30:14.016Z] INFO: GET / 404 1ms
[2026-08-20T08:30:14.017Z] INFO: GET /index.html 404 1ms
[2026-08-20T08:30:15.026Z] INFO: GET / 404 0ms
[2026-08-20T08:30:15.027Z] INFO: GET /index.html 404 0ms
[2026-08-20T08:30:16.043Z] INFO: GET / 404 0ms
[2026-08-20T08:30:16.043Z] INFO: GET /index.html 404 0ms
[2026-08-20T08:30:17.052Z] INFO: GET / 404 1ms
[2026-08-20T08:30:17.053Z] INFO: GET /index.html 404 1ms
[2026-08-20T08:34:38.114Z] INFO: Database connected
[2026-08-20T08:34:38.117Z] INFO: Server listening on port 3000
[2026-08-20T08:34:39.070Z] INFO: GET / 404 8ms
[2026-08-20T08:34:39.074Z] INFO: GET /index.html 404 1ms
[2026-08-20T08:34:40.082Z] INFO: GET / 404 2ms
[2026-08-20T08:34:40.083Z] INFO: GET /index.html 404 1ms
[2026-08-20T08:34:41.091Z] INFO: GET / 404 1ms
[2026-08-20T08:34:41.094Z] INFO: GET /index.html 404 1ms
[2026-08-20T08:34:42.111Z] INFO: GET / 404 1ms
[2026-08-20T08:34:42.112Z] INFO: GET /index.html 404 1ms
[2026-08-20T08:34:43.123Z] INFO: GET / 404 3ms
[2026-08-20T08:34:43.123Z] INFO: GET /index.html 404 0ms
[2026-08-20T08:34:44.132Z] INFO: GET / 404 1ms
[2026-08-20T08:34:44.133Z] INFO: GET /index.html 404 1ms
[2026-08-20T08:34:45.140Z] INFO: GET / 404 2ms
[2026-08-20T08:34:45.141Z] INFO: GET /index.html 404 1ms
[2026-08-20T08:34:46.152Z] INFO: GET / 404 1ms
[2026-08-20T08:34:46.152Z] INFO: GET /index.html 404 1ms
[2026-08-20T08:34:47.166Z] INFO: GET / 404 2ms
[2026-08-20T08:34:47.167Z] INFO: GET /index.html 404 1ms
[2026-08-20T08:34:48.180Z] INFO: GET / 404 1ms
[2026-08-20T08:34:48.180Z] INFO: GET /index.html 404 1ms
[2026-08-20T08:34:49.195Z] INFO: GET / 404 1ms
[2026-08-20T08:34:49.196Z] INFO: GET /index.html 404 0ms
[2026-08-20T08:34:50.211Z] INFO: GET / 404 1ms
[2026-08-20T08:34:50.212Z] INFO: GET /index.html 404 0ms
[2026-08-20T08:34:51.223Z] INFO: GET / 404 1ms
[2026-08-20T08:34:51.225Z] INFO: GET /index.html 404 0ms
[2026-08-20T08:34:52.238Z] INFO: GET / 404 0ms
[2026-08-20T08:34:52.238Z] INFO: GET /index.html 404 1ms
[2026-08-20T08:34:53.252Z] INFO: GET / 404 1ms
[2026-08-20T08:34:53.254Z] INFO: GET /index.html 404 1ms
[2026-08-20T08:34:54.265Z] INFO: GET / 404 0ms
[2026-08-20T08:34:54.266Z] INFO: GET /index.html 404 0ms
[2026-08-20T08:34:55.281Z] INFO: GET / 404 1ms
[2026-08-20T08:34:55.282Z] INFO: GET /index.html 404 0ms
[2026-08-20T08:34:56.296Z] INFO: GET / 404 0ms
[2026-08-20T08:34:56.296Z] INFO: GET /index.html 404 0ms
[2026-08-20T08:34:57.307Z] INFO: GET / 404 1ms
[2026-08-20T08:34:57.310Z] INFO: GET /index.html 404 1ms
[2026-08-20T08:34:58.324Z] INFO: GET /index.html 404 0ms
[2026-08-20T08:34:58.324Z] INFO: GET / 404 0ms
[2026-08-20T08:34:59.338Z] INFO: GET / 404 1ms
[2026-08-20T08:34:59.338Z] INFO: GET /index.html 404 0ms
[2026-08-20T08:35:00.352Z] INFO: GET / 404 0ms
[2026-08-20T08:35:00.352Z] INFO: GET /index.html 404 1ms
[2026-08-20T08:35:01.369Z] INFO: GET / 404 1ms
[2026-08-20T08:35:01.370Z] INFO: GET /index.html 404 1ms
[2026-08-20T08:35:02.384Z] INFO: GET / 404 2ms
[2026-08-20T08:35:02.385Z] INFO: GET /index.html 404 1ms
[2026-08-20T08:35:03.400Z] INFO: GET / 404 1ms
[2026-08-20T08:35:03.401Z] INFO: GET /index.html 404 1ms
[2026-08-20T08:35:04.417Z] INFO: GET / 404 1ms
[2026-08-20T08:35:04.417Z] INFO: GET /index.html 404 1ms
[2026-08-20T08:35:05.429Z] INFO: GET / 404 1ms
[2026-08-20T08:35:05.429Z] INFO: GET /index.html 404 0ms
[2026-08-20T08:35:06.442Z] INFO: GET / 404 0ms
[2026-08-20T08:35:06.443Z] INFO: GET /index.html 404 1ms
[2026-08-20T08:35:07.455Z] INFO: GET / 404 1ms
[2026-08-20T08:35:07.456Z] INFO: GET /index.html 404 1ms
[2026-08-20T08:35:08.465Z] INFO: GET / 404 1ms
[2026-08-20T08:35:08.466Z] INFO: GET /index.html 404 1ms
[2026-08-20T08:35:09.478Z] INFO: GET / 404 1ms
[2026-08-20T08:35:09.478Z] INFO: GET /index.html 404 0ms
[2026-08-20T08:35:10.486Z] INFO: GET / 404 0ms
[2026-08-20T08:35:10.486Z] INFO: GET /index.html 404 1ms
[2026-08-20T08:35:11.505Z] INFO: GET / 404 2ms
[2026-08-20T08:35:11.505Z] INFO: GET /index.html 404 0ms
[2026-08-20T08:35:12.518Z] INFO: GET / 404 1ms
[2026-08-20T08:35:12.518Z] INFO: GET /index.html 404 0ms
[2026-08-20T08:35:13.530Z] INFO: GET / 404 0ms
[2026-08-20T08:35:13.531Z] INFO: GET /index.html 404 0ms
[2026-08-20T08:35:14.544Z] INFO: GET / 404 2ms
[2026-08-20T08:35:14.544Z] INFO: GET /index.html 404 0ms
[2026-08-20T08:35:15.549Z] INFO: GET / 404 1ms
[2026-08-20T08:35:15.549Z] INFO: GET /index.html 404 0ms
[2026-08-20T08:35:16.561Z] INFO: GET / 404 2ms
[2026-08-20T08:35:16.561Z] INFO: GET /index.html 404 0ms
[2026-08-20T08:35:17.573Z] INFO: GET / 404 0ms
[2026-08-20T08:35:17.573Z] INFO: GET /index.html 404 0ms
[2026-08-20T08:35:18.589Z] INFO: GET / 404 0ms
[2026-08-20T08:35:18.590Z] INFO: GET /index.html 404 1ms
[2026-08-20T08:35:19.602Z] INFO: GET / 404 2ms
[2026-08-20T08:35:19.603Z] INFO: GET /index.html 404 1ms
[2026-08-20T08:35:20.612Z] INFO: GET / 404 1ms
[2026-08-20T08:35:20.613Z] INFO: GET /index.html 404 0ms
[2026-08-20T08:35:21.626Z] INFO: GET / 404 1ms
[2026-08-20T08:35:21.626Z] INFO: GET /index.html 404 1ms
[2026-08-20T08:35:22.643Z] INFO: GET / 404 1ms
[2026-08-20T08:35:22.644Z] INFO: GET /index.html 404 1ms
[2026-08-20T08:35:23.656Z] INFO: GET / 404 1ms
[2026-08-20T08:35:23.656Z] INFO: GET /index.html 404 1ms
[2026-08-20T08:35:24.674Z] INFO: GET / 404 1ms
[2026-08-20T08:35:24.674Z] INFO: GET /index.html 404 1ms
[2026-08-20T08:35:25.690Z] INFO: GET / 404 1ms
[2026-08-20T08:35:25.690Z] INFO: GET /index.html 404 1ms
[2026-08-20T08:35:26.703Z] INFO: GET / 404 1ms
[2026-08-20T08:35:26.703Z] INFO: GET /index.html 404 1ms
[2026-08-20T08:35:27.714Z] INFO: GET / 404 0ms
[2026-08-20T08:35:27.715Z] INFO: GET /index.html 404 1ms
[2026-08-20T08:35:28.732Z] INFO: GET / 404 0ms
[2026-08-20T08:35:28.733Z] INFO: GET /index.html 404 1ms
[2026-08-20T08:35:29.746Z] INFO: GET / 404 1ms
[2026-08-20T08:35:29.747Z] INFO: GET /index.html 404 0ms
[2026-08-20T08:35:30.757Z] INFO: GET / 404 1ms
[2026-08-20T08:35:30.757Z] INFO: GET /index.html 404 0ms
[2026-08-20T08:35:31.771Z] INFO: GET / 404 1ms
[2026-08-20T08:35:31.771Z] INFO: GET /index.html 404 0ms
[2026-08-20T08:35:32.784Z] INFO: GET / 404 0ms
[2026-08-20T08:35:32.784Z] INFO: GET /index.html 404 1ms
[2026-08-20T08:38:48.227Z] INFO: Database connected
[2026-08-20T08:38:48.230Z] INFO: Server listening on port 3000
[2026-08-20T10:07:26.246Z] INFO: Server listening on port 3000
[2026-08-20T10:07:26.244Z] INFO: Database connected
[2026-08-20T10:07:26.394Z] INFO: GET / 404 6ms
[2026-08-20T10:07:26.399Z] INFO: GET /index.html 404 1ms
[2026-08-20T10:07:27.405Z] INFO: GET / 404 2ms
[2026-08-20T10:07:27.408Z] INFO: GET /index.html 404 1ms
[2026-08-20T10:07:28.416Z] INFO: GET / 404 1ms
[2026-08-20T10:07:28.419Z] INFO: GET /index.html 404 1ms
[2026-08-20T10:07:29.434Z] INFO: GET / 404 1ms
[2026-08-20T10:07:29.438Z] INFO: GET /index.html 404 1ms
[2026-08-20T10:07:30.451Z] INFO: GET / 404 2ms
[2026-08-20T10:07:30.451Z] INFO: GET /index.html 404 0ms
[2026-08-20T10:07:31.465Z] INFO: GET / 404 1ms
[2026-08-20T10:07:31.465Z] INFO: GET /index.html 404 0ms
[2026-08-20T10:07:32.483Z] INFO: GET / 404 1ms
[2026-08-20T10:07:32.484Z] INFO: GET /index.html 404 2ms
[2026-08-20T10:07:33.499Z] INFO: GET / 404 2ms
[2026-08-20T10:07:33.500Z] INFO: GET /index.html 404 1ms
[2026-08-20T10:07:34.511Z] INFO: GET / 404 1ms
[2026-08-20T10:07:34.512Z] INFO: GET /index.html 404 0ms
[2026-08-20T10:07:35.514Z] INFO: GET / 404 1ms
[2026-08-20T10:07:35.516Z] INFO: GET /index.html 404 0ms
[2026-08-20T10:07:36.529Z] INFO: GET / 404 1ms
[2026-08-20T10:07:36.530Z] INFO: GET /index.html 404 1ms
[2026-08-20T10:07:37.543Z] INFO: GET / 404 0ms
[2026-08-20T10:07:37.543Z] INFO: GET /index.html 404 0ms
[2026-08-20T10:07:38.560Z] INFO: GET / 404 1ms
[2026-08-20T10:07:38.560Z] INFO: GET /index.html 404 1ms
[2026-08-20T10:07:39.571Z] INFO: GET / 404 0ms
[2026-08-20T10:07:39.571Z] INFO: GET /index.html 404 1ms
[2026-08-20T10:07:40.586Z] INFO: GET / 404 1ms
[2026-08-20T10:07:40.586Z] INFO: GET /index.html 404 1ms
[2026-08-20T10:07:41.600Z] INFO: GET / 404 0ms
[2026-08-20T10:07:41.601Z] INFO: GET /index.html 404 1ms
[2026-08-20T10:07:42.613Z] INFO: GET / 404 1ms
[2026-08-20T10:07:42.613Z] INFO: GET /index.html 404 1ms
[2026-08-20T10:07:43.634Z] INFO: GET / 404 2ms
[2026-08-20T10:07:43.634Z] INFO: GET /index.html 404 1ms
[2026-08-20T10:07:44.648Z] INFO: GET / 404 1ms
[2026-08-20T10:07:44.649Z] INFO: GET /index.html 404 1ms
[2026-08-20T10:07:45.661Z] INFO: GET / 404 1ms
[2026-08-20T10:07:45.661Z] INFO: GET /index.html 404 0ms
[2026-08-20T10:07:46.677Z] INFO: GET / 404 1ms
[2026-08-20T10:07:46.677Z] INFO: GET /index.html 404 1ms
[2026-08-20T10:07:47.689Z] INFO: GET / 404 0ms
[2026-08-20T10:07:47.690Z] INFO: GET /index.html 404 0ms
[2026-08-20T10:07:48.707Z] INFO: GET / 404 1ms
[2026-08-20T10:07:48.708Z] INFO: GET /index.html 404 0ms
[2026-08-20T10:07:49.725Z] INFO: GET / 404 1ms
[2026-08-20T10:07:49.726Z] INFO: GET /index.html 404 1ms
[2026-08-20T10:07:50.737Z] INFO: GET / 404 0ms
[2026-08-20T10:07:50.737Z] INFO: GET /index.html 404 0ms
[2026-08-20T10:07:51.749Z] INFO: GET / 404 1ms
[2026-08-20T10:07:51.750Z] INFO: GET /index.html 404 0ms
[2026-08-20T10:07:52.764Z] INFO: GET / 404 1ms
[2026-08-20T10:07:52.767Z] INFO: GET /index.html 404 1ms
[2026-08-20T10:07:53.776Z] INFO: GET / 404 1ms
[2026-08-20T10:07:53.777Z] INFO: GET /index.html 404 1ms
[2026-08-20T10:07:54.792Z] INFO: GET / 404 1ms
[2026-08-20T10:07:54.793Z] INFO: GET /index.html 404 1ms
[2026-08-20T10:07:55.806Z] INFO: GET / 404 1ms
[2026-08-20T10:07:55.807Z] INFO: GET /index.html 404 1ms
[2026-08-20T10:07:56.816Z] INFO: GET / 404 1ms
[2026-08-20T10:07:56.816Z] INFO: GET /index.html 404 1ms
[2026-08-20T10:07:57.830Z] INFO: GET / 404 1ms
[2026-08-20T10:07:57.831Z] INFO: GET /index.html 404 0ms
[2026-08-20T10:07:58.841Z] INFO: GET / 404 1ms
[2026-08-20T10:07:58.841Z] INFO: GET /index.html 404 1ms
[2026-08-20T10:07:59.857Z] INFO: GET / 404 0ms
[2026-08-20T10:07:59.858Z] INFO: GET /index.html 404 1ms
[2026-08-20T10:08:00.872Z] INFO: GET / 404 1ms
[2026-08-20T10:08:00.873Z] INFO: GET /index.html 404 1ms
[2026-08-20T10:08:01.883Z] INFO: GET / 404 0ms
[2026-08-20T10:08:01.883Z] INFO: GET /index.html 404 0ms
[2026-08-20T10:08:02.895Z] INFO: GET / 404 0ms
[2026-08-20T10:08:02.895Z] INFO: GET /index.html 404 0ms
[2026-08-20T10:08:03.911Z] INFO: GET / 404 1ms
[2026-08-20T10:08:03.911Z] INFO: GET /index.html 404 0ms
[2026-08-20T10:08:04.923Z] INFO: GET / 404 1ms
[2026-08-20T10:08:04.924Z] INFO: GET /index.html 404 1ms
[2026-08-20T10:08:05.941Z] INFO: GET / 404 1ms
[2026-08-20T10:08:05.942Z] INFO: GET /index.html 404 1ms
[2026-08-20T10:08:06.957Z] INFO: GET / 404 1ms
[2026-08-20T10:08:06.958Z] INFO: GET /index.html 404 1ms
[2026-08-20T10:08:07.972Z] INFO: GET / 404 1ms
[2026-08-20T10:08:07.972Z] INFO: GET /index.html 404 1ms
[2026-08-20T10:08:08.983Z] INFO: GET / 404 1ms
[2026-08-20T10:08:08.984Z] INFO: GET /index.html 404 0ms
[2026-08-20T10:08:10.000Z] INFO: GET / 404 1ms
[2026-08-20T10:08:10.000Z] INFO: GET /index.html 404 1ms
[2026-08-20T10:08:11.013Z] INFO: GET / 404 0ms
[2026-08-20T10:08:11.013Z] INFO: GET /index.html 404 1ms
[2026-08-20T10:08:12.034Z] INFO: GET / 404 1ms
[2026-08-20T10:08:12.035Z] INFO: GET /index.html 404 0ms
[2026-08-20T10:08:13.050Z] INFO: GET / 404 1ms
[2026-08-20T10:08:13.051Z] INFO: GET /index.html 404 0ms
[2026-08-20T10:08:14.057Z] INFO: GET / 404 0ms
[2026-08-20T10:08:14.058Z] INFO: GET /index.html 404 0ms
[2026-08-20T10:08:15.077Z] INFO: GET / 404 1ms
[2026-08-20T10:08:15.078Z] INFO: GET /index.html 404 0ms
[2026-08-20T10:08:16.092Z] INFO: GET / 404 1ms
[2026-08-20T10:08:16.092Z] INFO: GET /index.html 404 0ms
[2026-08-20T10:08:17.109Z] INFO: GET / 404 1ms
[2026-08-20T10:08:17.109Z] INFO: GET /index.html 404 0ms
[2026-08-20T10:08:18.122Z] INFO: GET / 404 1ms
[2026-08-20T10:08:18.122Z] INFO: GET /index.html 404 1ms
[2026-08-20T10:08:19.135Z] INFO: GET / 404 1ms
[2026-08-20T10:08:19.136Z] INFO: GET /index.html 404 0ms
[2026-08-20T10:08:20.150Z] INFO: GET / 404 1ms
[2026-08-20T10:08:20.150Z] INFO: GET /index.html 404 0ms
[2026-08-20T11:27:53.650Z] INFO: Database connected
[2026-08-20T11:27:53.651Z] INFO: Server listening on port 3000
[2026-08-21T00:11:57.123Z] INFO: Database connected
[2026-08-21T00:11:57.121Z] INFO: Server listening on port 5174
[2026-08-21T00:11:57.529Z] INFO: GET / 404 4ms
[2026-08-21T00:11:57.535Z] INFO: GET /index.html 404 1ms
[2026-08-21T00:11:58.553Z] INFO: GET / 404 1ms
[2026-08-21T00:11:58.553Z] INFO: GET /index.html 404 1ms
[2026-08-21T00:11:59.569Z] INFO: GET / 404 1ms
[2026-08-21T00:11:59.572Z] INFO: GET /index.html 404 1ms
[2026-08-21T00:12:00.584Z] INFO: GET / 404 1ms
[2026-08-21T00:12:00.586Z] INFO: GET /index.html 404 0ms
[2026-08-21T00:12:01.609Z] INFO: GET /index.html 404 2ms
[2026-08-21T00:12:01.608Z] INFO: GET / 404 3ms
[2026-08-21T00:12:02.628Z] INFO: GET / 404 4ms
[2026-08-21T00:12:02.629Z] INFO: GET /index.html 404 1ms
[2026-08-21T00:12:03.631Z] INFO: GET / 404 1ms
[2026-08-21T00:12:03.632Z] INFO: GET /index.html 404 0ms
[2026-08-21T00:12:04.648Z] INFO: GET / 404 2ms
[2026-08-21T00:12:04.649Z] INFO: GET /index.html 404 1ms
[2026-08-21T00:12:05.657Z] INFO: GET / 404 0ms
[2026-08-21T00:12:05.657Z] INFO: GET /index.html 404 0ms
[2026-08-21T00:12:06.663Z] INFO: GET / 404 1ms
[2026-08-21T00:12:06.664Z] INFO: GET /index.html 404 1ms
[2026-08-21T00:12:07.669Z] INFO: GET / 404 1ms
[2026-08-21T00:12:07.670Z] INFO: GET /index.html 404 0ms
[2026-08-21T00:12:08.683Z] INFO: GET / 404 1ms
[2026-08-21T00:12:08.683Z] INFO: GET /index.html 404 1ms
[2026-08-21T00:12:09.695Z] INFO: GET / 404 0ms
[2026-08-21T00:12:09.696Z] INFO: GET /index.html 404 1ms
[2026-08-21T00:12:10.711Z] INFO: GET / 404 1ms
[2026-08-21T00:12:10.711Z] INFO: GET /index.html 404 0ms
[2026-08-21T00:12:11.715Z] INFO: GET / 404 0ms
[2026-08-21T00:12:11.716Z] INFO: GET /index.html 404 1ms
[2026-08-21T00:12:12.733Z] INFO: GET / 404 0ms
[2026-08-21T00:12:12.734Z] INFO: GET /index.html 404 1ms
[2026-08-21T00:12:13.745Z] INFO: GET / 404 1ms
[2026-08-21T00:12:13.746Z] INFO: GET /index.html 404 0ms
[2026-08-21T00:12:14.762Z] INFO: GET / 404 1ms
[2026-08-21T00:12:14.762Z] INFO: GET /index.html 404 0ms
[2026-08-21T00:12:15.769Z] INFO: GET / 404 0ms
[2026-08-21T00:12:15.769Z] INFO: GET /index.html 404 1ms
[2026-08-21T00:12:16.783Z] INFO: GET / 404 1ms
[2026-08-21T00:12:16.785Z] INFO: GET /index.html 404 1ms
[2026-08-21T00:12:17.793Z] INFO: GET / 404 1ms
[2026-08-21T00:12:17.795Z] INFO: GET /index.html 404 0ms
[2026-08-21T00:12:18.809Z] INFO: GET / 404 2ms
[2026-08-21T00:12:18.823Z] INFO: GET /index.html 404 2ms
[2026-08-21T00:12:19.825Z] INFO: GET / 404 1ms
[2026-08-21T00:12:19.827Z] INFO: GET /index.html 404 3ms
[2026-08-21T00:12:20.841Z] INFO: GET / 404 2ms
[2026-08-21T00:12:20.842Z] INFO: GET /index.html 404 1ms
[2026-08-21T00:12:21.853Z] INFO: GET / 404 2ms
[2026-08-21T00:12:21.855Z] INFO: GET /index.html 404 1ms
[2026-08-21T00:12:22.868Z] INFO: GET /index.html 404 0ms
[2026-08-21T00:12:22.868Z] INFO: GET / 404 1ms
[2026-08-21T00:12:23.885Z] INFO: GET /index.html 404 1ms
[2026-08-21T00:12:23.885Z] INFO: GET / 404 1ms
[2026-08-21T00:12:24.898Z] INFO: GET / 404 0ms
[2026-08-21T00:12:24.899Z] INFO: GET /index.html 404 1ms
[2026-08-21T00:12:25.916Z] INFO: GET / 404 1ms
[2026-08-21T00:12:25.917Z] INFO: GET /index.html 404 1ms
[2026-08-21T00:12:26.927Z] INFO: GET / 404 0ms
[2026-08-21T00:12:26.928Z] INFO: GET /index.html 404 0ms
[2026-08-21T00:12:27.942Z] INFO: GET / 404 3ms
[2026-08-21T00:12:27.943Z] INFO: GET /index.html 404 1ms
[2026-08-21T00:12:28.952Z] INFO: GET / 404 1ms
[2026-08-21T00:12:28.953Z] INFO: GET /index.html 404 1ms
[2026-08-21T00:12:29.966Z] INFO: GET / 404 1ms
[2026-08-21T00:12:29.966Z] INFO: GET /index.html 404 1ms
[2026-08-21T00:12:30.976Z] INFO: GET / 404 1ms
[2026-08-21T00:12:30.979Z] INFO: GET /index.html 404 1ms
[2026-08-21T00:12:31.991Z] INFO: GET / 404 0ms
[2026-08-21T00:12:31.994Z] INFO: GET /index.html 404 1ms
[2026-08-21T00:12:33.002Z] INFO: GET / 404 2ms
[2026-08-21T00:12:33.006Z] INFO: GET /index.html 404 1ms
[2026-08-21T00:12:34.020Z] INFO: GET / 404 2ms
[2026-08-21T00:12:34.021Z] INFO: GET /index.html 404 2ms
[2026-08-21T00:12:35.041Z] INFO: GET / 404 2ms
[2026-08-21T00:12:35.043Z] INFO: GET /index.html 404 1ms
[2026-08-21T00:12:36.060Z] INFO: GET / 404 1ms
[2026-08-21T00:12:36.061Z] INFO: GET /index.html 404 1ms
[2026-08-21T00:12:37.076Z] INFO: GET / 404 1ms
[2026-08-21T00:12:37.079Z] INFO: GET /index.html 404 0ms
[2026-08-21T00:12:38.093Z] INFO: GET / 404 1ms
[2026-08-21T00:12:38.097Z] INFO: GET /index.html 404 1ms
[2026-08-21T00:12:39.116Z] INFO: GET / 404 1ms
[2026-08-21T00:12:39.117Z] INFO: GET /index.html 404 1ms
[2026-08-21T00:12:40.154Z] INFO: GET /index.html 404 1ms
[2026-08-21T00:12:40.154Z] INFO: GET / 404 1ms
[2026-08-21T00:12:41.168Z] INFO: GET / 404 2ms
[2026-08-21T00:12:41.172Z] INFO: GET /index.html 404 0ms
[2026-08-21T00:12:42.181Z] INFO: GET / 404 1ms
[2026-08-21T00:12:42.184Z] INFO: GET /index.html 404 1ms
[2026-08-21T00:12:43.199Z] INFO: GET / 404 1ms
[2026-08-21T00:12:43.199Z] INFO: GET /index.html 404 1ms
[2026-08-21T00:12:44.211Z] INFO: GET / 404 1ms
[2026-08-21T00:12:44.211Z] INFO: GET /index.html 404 1ms
[2026-08-21T00:12:45.229Z] INFO: GET / 404 1ms
[2026-08-21T00:12:45.232Z] INFO: GET /index.html 404 1ms
[2026-08-21T00:12:46.245Z] INFO: GET /index.html 404 1ms
[2026-08-21T00:12:46.244Z] INFO: GET / 404 2ms
[2026-08-21T00:12:47.263Z] INFO: GET / 404 2ms
[2026-08-21T00:12:47.264Z] INFO: GET /index.html 404 1ms
[2026-08-21T00:12:48.272Z] INFO: GET / 404 1ms
[2026-08-21T00:12:48.276Z] INFO: GET /index.html 404 1ms
[2026-08-21T00:12:49.292Z] INFO: GET / 404 1ms
[2026-08-21T00:12:49.295Z] INFO: GET /index.html 404 1ms
[2026-08-21T00:12:50.312Z] INFO: GET / 404 1ms
[2026-08-21T00:12:50.312Z] INFO: GET /index.html 404 1ms
[2026-08-21T00:12:51.326Z] INFO: GET /index.html 404 1ms
[2026-08-21T00:12:51.325Z] INFO: GET / 404 1ms
[2026-08-21T00:13:25.466Z] INFO: Server listening on port 5174
[2026-08-21T00:13:25.463Z] INFO: Database connected
[2026-08-21T00:13:26.047Z] INFO: GET / 404 5ms
[2026-08-21T00:13:26.053Z] INFO: GET /index.html 404 1ms
[2026-08-21T00:13:27.062Z] INFO: GET / 404 1ms
[2026-08-21T00:13:27.064Z] INFO: GET /index.html 404 1ms
[2026-08-21T00:13:28.080Z] INFO: GET / 404 0ms
[2026-08-21T00:13:28.095Z] INFO: GET /index.html 404 1ms
[2026-08-21T00:13:29.134Z] INFO: GET / 404 1ms
[2026-08-21T00:13:29.136Z] INFO: GET /index.html 404 0ms
[2026-08-21T00:13:30.153Z] INFO: GET / 404 2ms
[2026-08-21T00:13:30.156Z] INFO: GET /index.html 404 1ms
[2026-08-21T00:13:31.172Z] INFO: GET / 404 1ms
[2026-08-21T00:13:31.175Z] INFO: GET /index.html 404 1ms
[2026-08-21T00:13:32.188Z] INFO: GET / 404 1ms
[2026-08-21T00:13:32.194Z] INFO: GET /index.html 404 3ms
[2026-08-21T00:13:33.211Z] INFO: GET / 404 1ms
[2026-08-21T00:13:33.221Z] INFO: GET /index.html 404 2ms
[2026-08-21T00:13:34.239Z] INFO: GET / 404 1ms
[2026-08-21T00:13:34.263Z] INFO: GET /index.html 404 0ms
[2026-08-21T00:13:35.255Z] INFO: GET / 404 1ms
[2026-08-21T00:13:35.256Z] INFO: GET /index.html 404 0ms
[2026-08-21T00:13:36.366Z] INFO: GET / 404 1ms
[2026-08-21T00:13:36.400Z] INFO: GET /index.html 404 1ms
[2026-08-21T00:13:37.380Z] INFO: GET /index.html 404 1ms
[2026-08-21T00:13:37.380Z] INFO: GET / 404 2ms
[2026-08-21T00:13:38.441Z] INFO: GET / 404 1ms
[2026-08-21T00:13:38.441Z] INFO: GET /index.html 404 1ms
[2026-08-21T00:13:39.488Z] INFO: GET / 404 1ms
[2026-08-21T00:13:39.488Z] INFO: GET /index.html 404 1ms
[2026-08-21T00:13:40.530Z] INFO: GET / 404 1ms
[2026-08-21T00:13:40.533Z] INFO: GET /index.html 404 1ms
[2026-08-21T00:13:41.569Z] INFO: GET / 404 1ms
[2026-08-21T00:13:41.572Z] INFO: GET /index.html 404 1ms
[2026-08-21T00:13:42.710Z] INFO: GET /index.html 404 11ms
[2026-08-21T00:13:42.710Z] INFO: GET / 404 1ms
[2026-08-21T00:13:43.739Z] INFO: GET / 404 1ms
[2026-08-21T00:13:43.739Z] INFO: GET /index.html 404 0ms
[2026-08-21T00:13:44.754Z] INFO: GET / 404 1ms
[2026-08-21T00:13:44.754Z] INFO: GET /index.html 404 1ms
[2026-08-21T00:13:45.767Z] INFO: GET / 404 2ms
[2026-08-21T00:13:45.770Z] INFO: GET /index.html 404 1ms
[2026-08-21T00:13:46.778Z] INFO: GET / 404 1ms
[2026-08-21T00:13:46.780Z] INFO: GET /index.html 404 1ms
[2026-08-21T00:13:47.832Z] INFO: GET / 404 3ms
[2026-08-21T00:13:47.838Z] INFO: GET /index.html 404 1ms
[2026-08-21T00:13:48.835Z] INFO: GET / 404 1ms
[2026-08-21T00:13:48.835Z] INFO: GET /index.html 404 1ms
[2026-08-21T00:13:49.849Z] INFO: GET / 404 1ms
[2026-08-21T00:13:49.850Z] INFO: GET /index.html 404 1ms
[2026-08-21T00:13:50.868Z] INFO: GET / 404 2ms
[2026-08-21T00:13:50.869Z] INFO: GET /index.html 404 1ms
[2026-08-21T00:13:51.878Z] INFO: GET / 404 1ms
[2026-08-21T00:13:51.878Z] INFO: GET /index.html 404 0ms
[2026-08-21T00:13:52.893Z] INFO: GET / 404 1ms
[2026-08-21T00:13:52.896Z] INFO: GET /index.html 404 2ms
[2026-08-21T00:13:53.911Z] INFO: GET /index.html 404 1ms
[2026-08-21T00:13:53.910Z] INFO: GET / 404 1ms
[2026-08-21T00:13:54.927Z] INFO: GET / 404 1ms
[2026-08-21T00:13:54.927Z] INFO: GET /index.html 404 1ms
[2026-08-21T00:13:55.940Z] INFO: GET /index.html 404 1ms
[2026-08-21T00:13:55.940Z] INFO: GET / 404 1ms
[2026-08-21T00:13:56.949Z] INFO: GET / 404 1ms
[2026-08-21T00:13:56.950Z] INFO: GET /index.html 404 1ms
[2026-08-21T00:13:57.970Z] INFO: GET / 404 1ms
[2026-08-21T00:13:57.970Z] INFO: GET /index.html 404 1ms
[2026-08-21T00:13:58.985Z] INFO: GET / 404 1ms
[2026-08-21T00:13:58.986Z] INFO: GET /index.html 404 1ms
[2026-08-21T00:14:00.002Z] INFO: GET / 404 1ms
[2026-08-21T00:14:00.002Z] INFO: GET /index.html 404 1ms
[2026-08-21T00:14:01.014Z] INFO: GET / 404 1ms
[2026-08-21T00:14:01.016Z] INFO: GET /index.html 404 1ms
[2026-08-21T00:14:02.037Z] INFO: GET /index.html 404 1ms
[2026-08-21T00:14:02.036Z] INFO: GET / 404 1ms
[2026-08-21T00:14:03.057Z] INFO: GET / 404 0ms
[2026-08-21T00:14:03.057Z] INFO: GET /index.html 404 1ms
[2026-08-21T00:14:04.073Z] INFO: GET / 404 1ms
[2026-08-21T00:14:04.089Z] INFO: GET /index.html 404 1ms
[2026-08-21T00:14:05.098Z] INFO: GET / 404 1ms
[2026-08-21T00:14:05.099Z] INFO: GET /index.html 404 1ms
[2026-08-21T00:14:06.105Z] INFO: GET / 404 2ms
[2026-08-21T00:14:06.108Z] INFO: GET /index.html 404 1ms
[2026-08-21T00:14:07.125Z] INFO: GET / 404 1ms
[2026-08-21T00:14:07.126Z] INFO: GET /index.html 404 1ms
[2026-08-21T00:14:08.141Z] INFO: GET / 404 1ms
[2026-08-21T00:14:08.142Z] INFO: GET /index.html 404 4ms
[2026-08-21T00:14:09.155Z] INFO: GET /index.html 404 1ms
[2026-08-21T00:14:09.152Z] INFO: GET / 404 1ms
[2026-08-21T00:14:10.174Z] INFO: GET / 404 1ms
[2026-08-21T00:14:10.175Z] INFO: GET /index.html 404 1ms
[2026-08-21T00:14:11.192Z] INFO: GET / 404 2ms
[2026-08-21T00:14:11.193Z] INFO: GET /index.html 404 1ms
[2026-08-21T00:14:12.200Z] INFO: GET / 404 1ms
[2026-08-21T00:14:12.203Z] INFO: GET /index.html 404 1ms
[2026-08-21T00:14:13.216Z] INFO: GET / 404 1ms
[2026-08-21T00:14:13.219Z] INFO: GET /index.html 404 1ms
[2026-08-21T00:14:14.230Z] INFO: GET / 404 1ms
[2026-08-21T00:14:14.231Z] INFO: GET /index.html 404 1ms
[2026-08-21T00:14:15.248Z] INFO: GET /index.html 404 1ms
[2026-08-21T00:14:15.248Z] INFO: GET / 404 1ms
[2026-08-21T00:14:16.263Z] INFO: GET / 404 1ms
[2026-08-21T00:14:16.264Z] INFO: GET /index.html 404 1ms
[2026-08-21T00:14:17.278Z] INFO: GET / 404 1ms
[2026-08-21T00:14:17.281Z] INFO: GET /index.html 404 1ms
[2026-08-21T00:14:40.969Z] INFO: Server listening on port 5174
[2026-08-21T00:14:40.967Z] INFO: Database connected
[2026-08-21T00:14:41.654Z] INFO: GET / 404 3ms
[2026-08-21T00:14:41.659Z] INFO: GET /index.html 404 1ms
[2026-08-21T00:14:42.676Z] INFO: GET / 404 2ms
[2026-08-21T00:14:42.678Z] INFO: GET /index.html 404 1ms
[2026-08-21T00:14:43.687Z] INFO: GET / 404 1ms
[2026-08-21T00:14:43.691Z] INFO: GET /index.html 404 1ms
[2026-08-21T00:14:44.709Z] INFO: GET / 404 1ms
[2026-08-21T00:14:44.719Z] INFO: GET /index.html 404 1ms
[2026-08-21T00:14:45.735Z] INFO: GET / 404 4ms
[2026-08-21T00:14:45.735Z] INFO: GET /index.html 404 2ms
[2026-08-21T00:14:46.751Z] INFO: GET / 404 2ms
[2026-08-21T00:14:46.752Z] INFO: GET /index.html 404 1ms
[2026-08-21T00:14:47.768Z] INFO: GET / 404 2ms
[2026-08-21T00:14:47.768Z] INFO: GET /index.html 404 2ms
[2026-08-21T00:14:48.782Z] INFO: GET / 404 2ms
[2026-08-21T00:14:48.782Z] INFO: GET /index.html 404 1ms
[2026-08-21T00:14:49.796Z] INFO: GET / 404 2ms
[2026-08-21T00:14:49.797Z] INFO: GET /index.html 404 1ms
[2026-08-21T00:14:50.815Z] INFO: GET / 404 1ms
[2026-08-21T00:14:50.815Z] INFO: GET /index.html 404 1ms
[2026-08-21T00:14:51.820Z] INFO: GET / 404 1ms
[2026-08-21T00:14:51.821Z] INFO: GET /index.html 404 1ms
[2026-08-21T00:14:52.828Z] INFO: GET / 404 1ms
[2026-08-21T00:14:52.829Z] INFO: GET /index.html 404 2ms
[2026-08-21T00:14:53.846Z] INFO: GET / 404 1ms
[2026-08-21T00:14:53.847Z] INFO: GET /index.html 404 1ms
[2026-08-21T00:14:54.859Z] INFO: GET / 404 1ms
[2026-08-21T00:14:54.860Z] INFO: GET /index.html 404 2ms
[2026-08-21T00:14:55.875Z] INFO: GET / 404 1ms
[2026-08-21T00:14:55.876Z] INFO: GET /index.html 404 1ms
[2026-08-21T00:14:56.889Z] INFO: GET / 404 2ms
[2026-08-21T00:14:56.890Z] INFO: GET /index.html 404 1ms
[2026-08-21T00:14:57.908Z] INFO: GET /index.html 404 2ms
[2026-08-21T00:14:57.907Z] INFO: GET / 404 1ms
[2026-08-21T00:14:58.922Z] INFO: GET / 404 1ms
[2026-08-21T00:14:58.922Z] INFO: GET /index.html 404 1ms
[2026-08-21T00:14:59.935Z] INFO: GET / 404 1ms
[2026-08-21T00:14:59.937Z] INFO: GET /index.html 404 1ms
[2026-08-21T00:15:00.942Z] INFO: GET / 404 1ms
[2026-08-21T00:15:00.945Z] INFO: GET /index.html 404 1ms
[2026-08-21T00:15:01.956Z] INFO: GET / 404 1ms
[2026-08-21T00:15:01.960Z] INFO: GET /index.html 404 1ms
[2026-08-21T00:15:02.964Z] INFO: GET / 404 1ms
[2026-08-21T00:15:02.968Z] INFO: GET /index.html 404 1ms
[2026-08-21T00:15:03.982Z] INFO: GET / 404 1ms
[2026-08-21T00:15:03.983Z] INFO: GET /index.html 404 1ms
[2026-08-21T00:15:04.996Z] INFO: GET / 404 1ms
[2026-08-21T00:15:04.997Z] INFO: GET /index.html 404 1ms
[2026-08-21T00:15:06.009Z] INFO: GET / 404 1ms
[2026-08-21T00:15:06.012Z] INFO: GET /index.html 404 1ms
[2026-08-21T00:15:07.025Z] INFO: GET / 404 1ms
[2026-08-21T00:15:07.029Z] INFO: GET /index.html 404 2ms
[2026-08-21T00:15:08.038Z] INFO: GET / 404 2ms
[2026-08-21T00:15:08.039Z] INFO: GET /index.html 404 1ms
[2026-08-21T00:15:09.057Z] INFO: GET / 404 1ms
[2026-08-21T00:15:09.058Z] INFO: GET /index.html 404 1ms
[2026-08-21T00:15:10.072Z] INFO: GET / 404 1ms
[2026-08-21T00:15:10.076Z] INFO: GET /index.html 404 1ms
[2026-08-21T00:15:11.090Z] INFO: GET / 404 2ms
[2026-08-21T00:15:11.091Z] INFO: GET /index.html 404 2ms
[2026-08-21T00:15:12.107Z] INFO: GET / 404 1ms
[2026-08-21T00:15:12.108Z] INFO: GET /index.html 404 1ms
[2026-08-21T00:15:13.121Z] INFO: GET / 404 1ms
[2026-08-21T00:15:13.122Z] INFO: GET /index.html 404 2ms
[2026-08-21T00:15:14.133Z] INFO: GET / 404 1ms
[2026-08-21T00:15:14.134Z] INFO: GET /index.html 404 1ms
[2026-08-21T00:15:15.141Z] INFO: GET / 404 1ms
[2026-08-21T00:15:15.144Z] INFO: GET /index.html 404 1ms
[2026-08-21T00:15:16.159Z] INFO: GET / 404 1ms
[2026-08-21T00:15:16.160Z] INFO: GET /index.html 404 1ms
[2026-08-21T00:15:17.175Z] INFO: GET / 404 1ms
[2026-08-21T00:15:17.178Z] INFO: GET /index.html 404 1ms
[2026-08-21T00:15:18.194Z] INFO: GET / 404 1ms
[2026-08-21T00:15:18.197Z] INFO: GET /index.html 404 1ms
[2026-08-21T00:15:19.214Z] INFO: GET / 404 2ms
[2026-08-21T00:15:19.215Z] INFO: GET /index.html 404 1ms
[2026-08-21T00:15:20.229Z] INFO: GET / 404 2ms
[2026-08-21T00:15:20.229Z] INFO: GET /index.html 404 1ms
[2026-08-21T00:15:21.247Z] INFO: GET / 404 2ms
[2026-08-21T00:15:21.248Z] INFO: GET /index.html 404 1ms
[2026-08-21T00:15:22.264Z] INFO: GET / 404 1ms
[2026-08-21T00:15:22.264Z] INFO: GET /index.html 404 1ms
[2026-08-21T00:15:23.270Z] INFO: GET / 404 0ms
[2026-08-21T00:15:23.277Z] INFO: GET /index.html 404 1ms
[2026-08-21T00:15:24.285Z] INFO: GET /index.html 404 1ms
[2026-08-21T00:15:24.284Z] INFO: GET / 404 1ms
[2026-08-21T00:15:25.297Z] INFO: GET / 404 2ms
[2026-08-21T00:15:25.297Z] INFO: GET /index.html 404 1ms
[2026-08-21T00:15:26.312Z] INFO: GET / 404 0ms
[2026-08-21T00:15:26.313Z] INFO: GET /index.html 404 1ms
[2026-08-21T00:15:27.331Z] INFO: GET / 404 2ms
[2026-08-21T00:15:27.332Z] INFO: GET /index.html 404 1ms
[2026-08-21T00:15:28.350Z] INFO: GET /index.html 404 1ms
[2026-08-21T00:15:28.349Z] INFO: GET / 404 1ms
[2026-08-21T00:15:29.357Z] INFO: GET / 404 2ms
[2026-08-21T00:15:29.358Z] INFO: GET /index.html 404 2ms
[2026-08-21T00:15:30.370Z] INFO: GET / 404 1ms
[2026-08-21T00:15:30.373Z] INFO: GET /index.html 404 1ms
[2026-08-21T00:15:31.388Z] INFO: GET / 404 1ms
[2026-08-21T00:15:31.389Z] INFO: GET /index.html 404 1ms
[2026-08-21T00:15:32.403Z] INFO: GET / 404 1ms
[2026-08-21T00:15:32.404Z] INFO: GET /index.html 404 1ms
[2026-08-21T00:15:33.418Z] INFO: GET / 404 1ms
[2026-08-21T00:15:33.419Z] INFO: GET /index.html 404 1ms
[2026-08-21T00:15:34.423Z] INFO: GET / 404 1ms
[2026-08-21T00:15:34.424Z] INFO: GET /index.html 404 1ms
[2026-08-21T00:15:35.444Z] INFO: GET / 404 1ms
[2026-08-21T00:15:35.444Z] INFO: GET /index.html 404 1ms
[2026-08-21T00:15:36.461Z] INFO: GET / 404 1ms
[2026-08-21T00:15:36.462Z] INFO: GET /index.html 404 1ms
[2026-08-21T00:15:58.713Z] INFO: Database connected
[2026-08-21T00:15:58.716Z] INFO: Server listening on port 5174
[2026-08-21T00:15:58.803Z] INFO: GET / 404 4ms
[2026-08-21T00:15:58.815Z] INFO: GET /index.html 404 1ms
[2026-08-21T00:15:59.824Z] INFO: GET / 404 1ms
[2026-08-21T00:15:59.829Z] INFO: GET /index.html 404 2ms
[2026-08-21T00:16:00.839Z] INFO: GET / 404 2ms
[2026-08-21T00:16:00.845Z] INFO: GET /index.html 404 3ms
[2026-08-21T00:16:01.872Z] INFO: GET / 404 2ms
[2026-08-21T00:16:01.881Z] INFO: GET /index.html 404 1ms
[2026-08-21T00:16:02.909Z] INFO: GET / 404 4ms
[2026-08-21T00:16:02.910Z] INFO: GET /index.html 404 2ms
[2026-08-21T00:16:03.922Z] INFO: GET / 404 2ms
[2026-08-21T00:16:03.922Z] INFO: GET /index.html 404 2ms
[2026-08-21T00:16:04.935Z] INFO: GET / 404 1ms
[2026-08-21T00:16:04.940Z] INFO: GET /index.html 404 2ms
[2026-08-21T00:16:05.952Z] INFO: GET / 404 2ms
[2026-08-21T00:16:05.953Z] INFO: GET /index.html 404 1ms
[2026-08-21T00:16:06.980Z] INFO: GET /index.html 404 8ms
[2026-08-21T00:16:06.980Z] INFO: GET / 404 4ms
[2026-08-21T00:16:07.983Z] INFO: GET / 404 2ms
[2026-08-21T00:16:07.984Z] INFO: GET /index.html 404 2ms
[2026-08-21T00:16:08.995Z] INFO: GET / 404 1ms
[2026-08-21T00:16:08.998Z] INFO: GET /index.html 404 2ms
[2026-08-21T00:16:10.017Z] INFO: GET / 404 3ms
[2026-08-21T00:16:10.027Z] INFO: GET /index.html 404 3ms
[2026-08-21T00:16:11.035Z] INFO: GET / 404 1ms
[2026-08-21T00:16:11.035Z] INFO: GET /index.html 404 1ms
[2026-08-21T00:16:12.047Z] INFO: GET / 404 1ms
[2026-08-21T00:16:12.050Z] INFO: GET /index.html 404 1ms
[2026-08-21T00:16:13.066Z] INFO: GET / 404 1ms
[2026-08-21T00:16:13.078Z] INFO: GET /index.html 404 2ms
[2026-08-21T00:16:14.079Z] INFO: GET / 404 1ms
[2026-08-21T00:16:14.080Z] INFO: GET /index.html 404 1ms
[2026-08-21T00:16:15.098Z] INFO: GET /index.html 404 2ms
[2026-08-21T00:16:15.098Z] INFO: GET / 404 0ms
[2026-08-21T00:16:16.114Z] INFO: GET / 404 1ms
[2026-08-21T00:16:16.119Z] INFO: GET /index.html 404 2ms
[2026-08-21T00:16:17.130Z] INFO: GET / 404 2ms
[2026-08-21T00:16:17.131Z] INFO: GET /index.html 404 1ms
[2026-08-21T00:16:18.142Z] INFO: GET / 404 1ms
[2026-08-21T00:16:18.142Z] INFO: GET /index.html 404 0ms
[2026-08-21T00:16:19.152Z] INFO: GET / 404 1ms
[2026-08-21T00:16:19.152Z] INFO: GET /index.html 404 1ms
[2026-08-21T00:16:20.164Z] INFO: GET / 404 2ms
[2026-08-21T00:16:20.165Z] INFO: GET /index.html 404 1ms
[2026-08-21T00:16:21.182Z] INFO: GET / 404 1ms
[2026-08-21T00:16:21.183Z] INFO: GET /index.html 404 1ms
[2026-08-21T00:16:22.190Z] INFO: GET / 404 1ms
[2026-08-21T00:16:22.191Z] INFO: GET /index.html 404 0ms
[2026-08-21T00:16:23.209Z] INFO: GET / 404 1ms
[2026-08-21T00:16:23.212Z] INFO: GET /index.html 404 1ms
[2026-08-21T00:16:24.229Z] INFO: GET / 404 2ms
[2026-08-21T00:16:24.231Z] INFO: GET /index.html 404 1ms
[2026-08-21T00:16:25.241Z] INFO: GET / 404 1ms
[2026-08-21T00:16:25.242Z] INFO: GET /index.html 404 1ms
[2026-08-21T00:16:26.252Z] INFO: GET / 404 1ms
[2026-08-21T00:16:26.257Z] INFO: GET /index.html 404 1ms
[2026-08-21T00:16:27.271Z] INFO: GET / 404 2ms
[2026-08-21T00:16:27.272Z] INFO: GET /index.html 404 2ms
[2026-08-21T00:16:28.283Z] INFO: GET /index.html 404 1ms
[2026-08-21T00:16:28.282Z] INFO: GET / 404 1ms
[2026-08-21T00:16:29.295Z] INFO: GET / 404 1ms
[2026-08-21T00:16:29.296Z] INFO: GET /index.html 404 0ms
[2026-08-21T00:16:30.302Z] INFO: GET / 404 1ms
[2026-08-21T00:16:30.303Z] INFO: GET /index.html 404 1ms
[2026-08-21T00:16:31.316Z] INFO: GET /index.html 404 1ms
[2026-08-21T00:16:31.315Z] INFO: GET / 404 1ms
[2026-08-21T00:16:32.327Z] INFO: GET / 404 1ms
[2026-08-21T00:16:32.328Z] INFO: GET /index.html 404 1ms
[2026-08-21T00:16:33.340Z] INFO: GET / 404 1ms
[2026-08-21T00:16:33.341Z] INFO: GET /index.html 404 1ms
[2026-08-21T00:16:34.357Z] INFO: GET / 404 2ms
[2026-08-21T00:16:34.358Z] INFO: GET /index.html 404 1ms
[2026-08-21T00:16:35.374Z] INFO: GET / 404 1ms
[2026-08-21T00:16:35.375Z] INFO: GET /index.html 404 1ms
[2026-08-21T00:16:36.390Z] INFO: GET /index.html 404 1ms
[2026-08-21T00:16:36.389Z] INFO: GET / 404 1ms
[2026-08-21T00:16:37.404Z] INFO: GET / 404 2ms
[2026-08-21T00:16:37.405Z] INFO: GET /index.html 404 1ms
[2026-08-21T00:16:38.413Z] INFO: GET / 404 1ms
[2026-08-21T00:16:38.415Z] INFO: GET /index.html 404 1ms
[2026-08-21T00:16:39.423Z] INFO: GET / 404 1ms
[2026-08-21T00:16:39.423Z] INFO: GET /index.html 404 1ms
[2026-08-21T00:16:40.441Z] INFO: GET / 404 1ms
[2026-08-21T00:16:40.442Z] INFO: GET /index.html 404 1ms
[2026-08-21T00:16:41.456Z] INFO: GET / 404 1ms
[2026-08-21T00:16:41.457Z] INFO: GET /index.html 404 1ms
[2026-08-21T00:16:42.478Z] INFO: GET /index.html 404 2ms
[2026-08-21T00:16:42.478Z] INFO: GET / 404 1ms
[2026-08-21T00:16:43.492Z] INFO: GET / 404 1ms
[2026-08-21T00:16:43.495Z] INFO: GET /index.html 404 1ms
[2026-08-21T00:16:44.513Z] INFO: GET / 404 1ms
[2026-08-21T00:16:44.514Z] INFO: GET /index.html 404 1ms
[2026-08-21T00:16:45.528Z] INFO: GET / 404 1ms
[2026-08-21T00:16:45.532Z] INFO: GET /index.html 404 1ms
[2026-08-21T00:16:46.542Z] INFO: GET / 404 1ms
[2026-08-21T00:16:46.546Z] INFO: GET /index.html 404 1ms
[2026-08-21T00:16:47.550Z] INFO: GET / 404 1ms
[2026-08-21T00:16:47.551Z] INFO: GET /index.html 404 1ms
[2026-08-21T00:16:48.570Z] INFO: GET / 404 1ms
[2026-08-21T00:16:48.572Z] INFO: GET /index.html 404 1ms
[2026-08-21T00:16:49.590Z] INFO: GET / 404 1ms
[2026-08-21T00:16:49.591Z] INFO: GET /index.html 404 1ms
[2026-08-21T00:16:50.602Z] INFO: GET / 404 1ms
[2026-08-21T00:16:50.602Z] INFO: GET /index.html 404 1ms
[2026-08-21T00:16:51.614Z] INFO: GET / 404 1ms
[2026-08-21T00:16:51.615Z] INFO: GET /index.html 404 2ms
[2026-08-21T00:16:52.628Z] INFO: GET / 404 1ms
[2026-08-21T00:16:52.629Z] INFO: GET /index.html 404 1ms
[2026-08-21T00:16:53.646Z] INFO: GET /index.html 404 1ms
[2026-08-21T00:16:53.646Z] INFO: GET / 404 2ms
[2026-08-21T00:17:21.197Z] INFO: Database connected
[2026-08-21T00:17:21.202Z] INFO: Server listening on port 5174
[2026-08-21T00:17:21.590Z] INFO: GET / 404 9ms
[2026-08-21T00:17:21.594Z] INFO: GET /index.html 404 1ms
[2026-08-21T00:17:22.605Z] INFO: GET / 404 1ms
[2026-08-21T00:17:22.608Z] INFO: GET /index.html 404 1ms
[2026-08-21T00:17:23.611Z] INFO: GET / 404 1ms
[2026-08-21T00:17:23.613Z] INFO: GET /index.html 404 1ms
[2026-08-21T00:17:24.630Z] INFO: GET / 404 1ms
[2026-08-21T00:17:24.630Z] INFO: GET /index.html 404 0ms
[2026-08-21T00:17:25.662Z] INFO: GET /index.html 404 2ms
[2026-08-21T00:17:25.662Z] INFO: GET / 404 2ms
[2026-08-21T00:17:26.672Z] INFO: GET / 404 1ms
[2026-08-21T00:17:26.672Z] INFO: GET /index.html 404 1ms
[2026-08-21T00:17:27.694Z] INFO: GET /index.html 404 1ms
[2026-08-21T00:17:27.695Z] INFO: GET / 404 1ms
[2026-08-21T00:17:28.692Z] INFO: GET / 404 1ms
[2026-08-21T00:17:28.693Z] INFO: GET /index.html 404 1ms
[2026-08-21T00:17:29.706Z] INFO: GET / 404 1ms
[2026-08-21T00:17:29.707Z] INFO: GET /index.html 404 1ms
[2026-08-21T00:17:30.715Z] INFO: GET / 404 0ms
[2026-08-21T00:17:30.715Z] INFO: GET /index.html 404 0ms
[2026-08-21T00:17:31.738Z] INFO: GET / 404 1ms
[2026-08-21T00:17:31.738Z] INFO: GET /index.html 404 0ms
[2026-08-21T00:17:32.757Z] INFO: GET / 404 0ms
[2026-08-21T00:17:32.757Z] INFO: GET /index.html 404 1ms
[2026-08-21T00:17:33.769Z] INFO: GET / 404 2ms
[2026-08-21T00:17:33.770Z] INFO: GET /index.html 404 1ms
[2026-08-21T00:17:34.785Z] INFO: GET / 404 1ms
[2026-08-21T00:17:34.785Z] INFO: GET /index.html 404 0ms
[2026-08-21T00:17:35.803Z] INFO: GET / 404 1ms
[2026-08-21T00:17:35.803Z] INFO: GET /index.html 404 1ms
[2026-08-21T00:17:36.820Z] INFO: GET / 404 2ms
[2026-08-21T00:17:36.821Z] INFO: GET /index.html 404 2ms
[2026-08-21T00:17:37.832Z] INFO: GET / 404 1ms
[2026-08-21T00:17:37.833Z] INFO: GET /index.html 404 1ms
[2026-08-21T00:17:38.839Z] INFO: GET / 404 1ms
[2026-08-21T00:17:38.839Z] INFO: GET /index.html 404 2ms
[2026-08-21T00:17:39.853Z] INFO: GET / 404 2ms
[2026-08-21T00:17:39.855Z] INFO: GET /index.html 404 1ms
[2026-08-21T00:17:40.864Z] INFO: GET / 404 2ms
[2026-08-21T00:17:40.867Z] INFO: GET /index.html 404 1ms
[2026-08-21T00:17:41.886Z] INFO: GET / 404 1ms
[2026-08-21T00:17:41.887Z] INFO: GET /index.html 404 1ms
[2026-08-21T00:17:42.894Z] INFO: GET / 404 1ms
[2026-08-21T00:17:42.895Z] INFO: GET /index.html 404 1ms
[2026-08-21T00:17:43.910Z] INFO: GET / 404 1ms
[2026-08-21T00:17:43.916Z] INFO: GET /index.html 404 2ms
[2026-08-21T00:17:44.934Z] INFO: GET / 404 1ms
[2026-08-21T00:17:44.936Z] INFO: GET /index.html 404 1ms
[2026-08-21T00:17:45.950Z] INFO: GET / 404 1ms
[2026-08-21T00:17:45.953Z] INFO: GET /index.html 404 1ms
[2026-08-21T00:17:46.970Z] INFO: GET / 404 1ms
[2026-08-21T00:17:46.971Z] INFO: GET /index.html 404 2ms
[2026-08-21T00:17:47.982Z] INFO: GET / 404 1ms
[2026-08-21T00:17:47.985Z] INFO: GET /index.html 404 1ms
[2026-08-21T00:17:49.001Z] INFO: GET / 404 1ms
[2026-08-21T00:17:49.002Z] INFO: GET /index.html 404 1ms
[2026-08-21T00:17:50.017Z] INFO: GET /index.html 404 1ms
[2026-08-21T00:17:50.016Z] INFO: GET / 404 1ms
[2026-08-21T00:17:51.028Z] INFO: GET / 404 1ms
[2026-08-21T00:17:51.029Z] INFO: GET /index.html 404 1ms
[2026-08-21T00:17:52.043Z] INFO: GET / 404 1ms
[2026-08-21T00:17:52.043Z] INFO: GET /index.html 404 1ms
[2026-08-21T00:17:53.055Z] INFO: GET / 404 2ms
[2026-08-21T00:17:53.058Z] INFO: GET /index.html 404 1ms
[2026-08-21T00:17:54.070Z] INFO: GET / 404 2ms
[2026-08-21T00:17:54.070Z] INFO: GET /index.html 404 1ms
[2026-08-21T00:17:55.085Z] INFO: GET / 404 1ms
[2026-08-21T00:17:55.089Z] INFO: GET /index.html 404 1ms
[2026-08-21T00:17:56.107Z] INFO: GET / 404 1ms
[2026-08-21T00:17:56.107Z] INFO: GET /index.html 404 1ms
[2026-08-21T00:17:57.125Z] INFO: GET / 404 1ms
[2026-08-21T00:17:57.128Z] INFO: GET /index.html 404 1ms
[2026-08-21T00:17:58.138Z] INFO: GET / 404 2ms
[2026-08-21T00:17:58.138Z] INFO: GET /index.html 404 1ms
[2026-08-21T00:17:59.149Z] INFO: GET / 404 1ms
[2026-08-21T00:17:59.150Z] INFO: GET /index.html 404 1ms
[2026-08-21T00:18:00.166Z] INFO: GET / 404 2ms
[2026-08-21T00:18:00.166Z] INFO: GET /index.html 404 1ms
[2026-08-21T00:18:01.171Z] INFO: GET / 404 1ms
[2026-08-21T00:18:01.172Z] INFO: GET /index.html 404 1ms
[2026-08-21T00:18:02.193Z] INFO: GET / 404 2ms
[2026-08-21T00:18:02.194Z] INFO: GET /index.html 404 2ms
[2026-08-21T00:18:03.208Z] INFO: GET /index.html 404 2ms
[2026-08-21T00:18:03.208Z] INFO: GET / 404 1ms
[2026-08-21T00:18:04.225Z] INFO: GET / 404 1ms
[2026-08-21T00:18:04.226Z] INFO: GET /index.html 404 1ms
[2026-08-21T00:18:05.239Z] INFO: GET / 404 2ms
[2026-08-21T00:18:05.239Z] INFO: GET /index.html 404 2ms
[2026-08-21T00:18:06.248Z] INFO: GET / 404 1ms
[2026-08-21T00:18:06.249Z] INFO: GET /index.html 404 1ms
[2026-08-21T00:18:07.261Z] INFO: GET / 404 1ms
[2026-08-21T00:18:07.262Z] INFO: GET /index.html 404 1ms
[2026-08-21T00:18:08.273Z] INFO: GET / 404 2ms
[2026-08-21T00:18:08.274Z] INFO: GET /index.html 404 1ms
[2026-08-21T00:18:09.288Z] INFO: GET / 404 1ms
[2026-08-21T00:18:09.289Z] INFO: GET /index.html 404 0ms
[2026-08-21T00:18:10.301Z] INFO: GET / 404 1ms
[2026-08-21T00:18:10.302Z] INFO: GET /index.html 404 0ms
[2026-08-21T00:18:11.318Z] INFO: GET / 404 1ms
[2026-08-21T00:18:11.321Z] INFO: GET /index.html 404 1ms
[2026-08-21T00:18:12.332Z] INFO: GET / 404 1ms
[2026-08-21T00:18:12.334Z] INFO: GET /index.html 404 1ms
[2026-08-21T00:18:13.350Z] INFO: GET / 404 1ms
[2026-08-21T00:18:13.351Z] INFO: GET /index.html 404 0ms
[2026-08-21T00:18:14.370Z] INFO: GET / 404 2ms
[2026-08-21T00:18:14.370Z] INFO: GET /index.html 404 1ms
[2026-08-21T00:18:15.379Z] INFO: GET / 404 2ms
[2026-08-21T00:18:15.382Z] INFO: GET /index.html 404 1ms
[2026-08-27T04:47:43.943Z] INFO: Database connected
[2026-08-27T04:47:43.945Z] INFO: Server listening on port 5174
[2026-08-27T04:47:44.900Z] INFO: GET / 404 4ms
[2026-08-27T04:47:44.908Z] INFO: GET /index.html 404 1ms
[2026-08-27T04:47:45.915Z] INFO: GET / 404 1ms
[2026-08-27T04:47:45.918Z] INFO: GET /index.html 404 1ms
[2026-08-27T04:47:46.939Z] INFO: GET / 404 1ms
[2026-08-27T04:47:46.944Z] INFO: GET /index.html 404 1ms
[2026-08-27T04:47:47.958Z] INFO: GET / 404 1ms
[2026-08-27T04:47:47.958Z] INFO: GET /index.html 404 1ms
[2026-08-27T04:47:48.968Z] INFO: GET / 404 1ms
[2026-08-27T04:47:48.971Z] INFO: GET /index.html 404 1ms
[2026-08-27T04:47:49.980Z] INFO: GET / 404 1ms
[2026-08-27T04:47:49.980Z] INFO: GET /index.html 404 0ms
[2026-08-27T04:47:50.993Z] INFO: GET / 404 1ms
[2026-08-27T04:47:50.993Z] INFO: GET /index.html 404 1ms
[2026-08-27T04:47:52.006Z] INFO: GET /index.html 404 0ms
[2026-08-27T04:47:52.005Z] INFO: GET / 404 0ms
[2026-08-27T04:47:53.087Z] INFO: GET / 404 40ms
[2026-08-27T04:47:53.087Z] INFO: GET /index.html 404 2ms
[2026-08-27T04:47:54.077Z] INFO: GET / 404 2ms
[2026-08-27T04:47:54.078Z] INFO: GET /index.html 404 1ms
[2026-08-27T04:47:55.097Z] INFO: GET / 404 1ms
[2026-08-27T04:47:55.100Z] INFO: GET /index.html 404 1ms
[2026-08-27T04:47:56.151Z] INFO: GET /index.html 404 1ms
[2026-08-27T04:47:56.151Z] INFO: GET / 404 5ms
[2026-08-27T04:47:57.152Z] INFO: GET / 404 2ms
[2026-08-27T04:47:57.152Z] INFO: GET /index.html 404 1ms
[2026-08-27T04:47:58.162Z] INFO: GET / 404 1ms
[2026-08-27T04:47:58.163Z] INFO: GET /index.html 404 1ms
[2026-08-27T04:47:59.179Z] INFO: GET /index.html 404 1ms
[2026-08-27T04:47:59.179Z] INFO: GET / 404 1ms
[2026-08-27T04:48:00.198Z] INFO: GET / 404 1ms
[2026-08-27T04:48:00.198Z] INFO: GET /index.html 404 1ms
[2026-08-27T04:48:01.214Z] INFO: GET / 404 1ms
[2026-08-27T04:48:01.214Z] INFO: GET /index.html 404 1ms
[2026-08-27T04:48:02.227Z] INFO: GET / 404 1ms
[2026-08-27T04:48:02.227Z] INFO: GET /index.html 404 1ms
[2026-08-27T04:48:03.244Z] INFO: GET / 404 1ms
[2026-08-27T04:48:03.245Z] INFO: GET /index.html 404 2ms
[2026-08-27T04:48:04.258Z] INFO: GET / 404 1ms
[2026-08-27T04:48:04.260Z] INFO: GET /index.html 404 0ms
[2026-08-27T04:48:05.272Z] INFO: GET / 404 1ms
[2026-08-27T04:48:05.273Z] INFO: GET /index.html 404 1ms
[2026-08-27T04:48:06.285Z] INFO: GET / 404 1ms
[2026-08-27T04:48:06.288Z] INFO: GET /index.html 404 1ms
[2026-08-27T04:48:07.301Z] INFO: GET / 404 1ms
[2026-08-27T04:48:07.302Z] INFO: GET /index.html 404 1ms
[2026-08-27T04:48:08.315Z] INFO: GET / 404 1ms
[2026-08-27T04:48:08.316Z] INFO: GET /index.html 404 1ms
[2026-08-27T04:48:09.327Z] INFO: GET / 404 1ms
[2026-08-27T04:48:09.330Z] INFO: GET /index.html 404 1ms
[2026-08-27T04:48:10.344Z] INFO: GET / 404 1ms
[2026-08-27T04:48:10.344Z] INFO: GET /index.html 404 1ms
[2026-08-27T04:48:11.364Z] INFO: GET / 404 1ms
[2026-08-27T04:48:11.364Z] INFO: GET /index.html 404 1ms
[2026-08-27T04:48:12.378Z] INFO: GET / 404 1ms
[2026-08-27T04:48:12.379Z] INFO: GET /index.html 404 1ms
[2026-08-27T04:48:13.389Z] INFO: GET / 404 1ms
[2026-08-27T04:48:13.392Z] INFO: GET /index.html 404 1ms
[2026-08-27T04:48:14.404Z] INFO: GET / 404 2ms
[2026-08-27T04:48:14.405Z] INFO: GET /index.html 404 1ms
[2026-08-27T04:48:15.412Z] INFO: GET / 404 2ms
[2026-08-27T04:48:15.413Z] INFO: GET /index.html 404 1ms
[2026-08-27T04:48:16.424Z] INFO: GET / 404 2ms
[2026-08-27T04:48:16.424Z] INFO: GET /index.html 404 1ms
[2026-08-27T04:48:17.437Z] INFO: GET / 404 2ms
[2026-08-27T04:48:17.438Z] INFO: GET /index.html 404 1ms
[2026-08-27T04:48:18.452Z] INFO: GET / 404 0ms
[2026-08-27T04:48:18.453Z] INFO: GET /index.html 404 0ms
[2026-08-27T04:48:19.464Z] INFO: GET / 404 1ms
[2026-08-27T04:48:19.468Z] INFO: GET /index.html 404 1ms
[2026-08-27T04:48:20.485Z] INFO: GET / 404 2ms
[2026-08-27T04:48:20.486Z] INFO: GET /index.html 404 1ms
[2026-08-27T04:48:21.497Z] INFO: GET / 404 2ms
[2026-08-27T04:48:21.498Z] INFO: GET /index.html 404 1ms
[2026-08-27T04:48:22.509Z] INFO: GET / 404 1ms
[2026-08-27T04:48:22.509Z] INFO: GET /index.html 404 1ms
[2026-08-27T04:48:23.521Z] INFO: GET / 404 1ms
[2026-08-27T04:48:23.522Z] INFO: GET /index.html 404 0ms
[2026-08-27T04:48:24.530Z] INFO: GET / 404 1ms
[2026-08-27T04:48:24.533Z] INFO: GET /index.html 404 1ms
[2026-08-27T04:48:25.546Z] INFO: GET / 404 1ms
[2026-08-27T04:48:25.546Z] INFO: GET /index.html 404 1ms
[2026-08-27T04:48:26.559Z] INFO: GET / 404 1ms
[2026-08-27T04:48:26.560Z] INFO: GET /index.html 404 1ms
[2026-08-27T04:48:27.576Z] INFO: GET / 404 2ms
[2026-08-27T04:48:27.578Z] INFO: GET /index.html 404 1ms
[2026-08-27T04:48:28.594Z] INFO: GET / 404 1ms
[2026-08-27T04:48:28.594Z] INFO: GET /index.html 404 1ms
[2026-08-27T04:48:29.609Z] INFO: GET / 404 1ms
[2026-08-27T04:48:29.609Z] INFO: GET /index.html 404 1ms
[2026-08-27T04:48:30.628Z] INFO: GET / 404 1ms
[2026-08-27T04:48:30.629Z] INFO: GET /index.html 404 1ms
[2026-08-27T04:48:31.635Z] INFO: GET / 404 0ms
[2026-08-27T04:48:31.636Z] INFO: GET /index.html 404 1ms
[2026-08-27T04:48:32.653Z] INFO: GET / 404 1ms
[2026-08-27T04:48:32.659Z] INFO: GET /index.html 404 1ms
[2026-08-27T04:48:33.678Z] INFO: GET / 404 1ms
[2026-08-27T04:48:33.680Z] INFO: GET /index.html 404 1ms
[2026-08-27T04:48:34.690Z] INFO: GET / 404 1ms
[2026-08-27T04:48:34.691Z] INFO: GET /index.html 404 1ms
[2026-08-27T04:48:35.693Z] INFO: GET / 404 1ms
[2026-08-27T04:48:35.694Z] INFO: GET /index.html 404 0ms
[2026-08-27T04:48:36.708Z] INFO: GET / 404 1ms
[2026-08-27T04:48:36.708Z] INFO: GET /index.html 404 0ms
[2026-08-27T04:48:37.716Z] INFO: GET / 404 1ms
[2026-08-27T04:48:37.717Z] INFO: GET /index.html 404 1ms
[2026-08-27T04:48:38.728Z] INFO: GET / 404 1ms
[2026-08-27T04:48:38.729Z] INFO: GET /index.html 404 0ms
[2026-08-27T04:49:06.124Z] INFO: Database connected
[2026-08-27T04:49:06.126Z] INFO: Server listening on port 5174
[2026-08-27T04:49:07.116Z] INFO: GET / 404 4ms
[2026-08-27T04:49:07.130Z] INFO: GET /index.html 404 2ms
[2026-08-27T04:49:08.137Z] INFO: GET / 404 1ms
[2026-08-27T04:49:08.141Z] INFO: GET /index.html 404 1ms
[2026-08-27T04:49:09.155Z] INFO: GET / 404 1ms
[2026-08-27T04:49:09.156Z] INFO: GET /index.html 404 2ms
[2026-08-27T04:49:10.170Z] INFO: GET / 404 2ms
[2026-08-27T04:49:10.170Z] INFO: GET /index.html 404 2ms
[2026-08-27T04:49:11.181Z] INFO: GET / 404 4ms
[2026-08-27T04:49:11.187Z] INFO: GET /index.html 404 2ms
[2026-08-27T04:49:12.215Z] INFO: GET /index.html 404 5ms
[2026-08-27T04:49:12.215Z] INFO: GET / 404 3ms
[2026-08-27T04:49:13.224Z] INFO: GET / 404 1ms
[2026-08-27T04:49:13.224Z] INFO: GET /index.html 404 1ms
[2026-08-27T04:49:14.239Z] INFO: GET / 404 1ms
[2026-08-27T04:49:14.240Z] INFO: GET /index.html 404 1ms
[2026-08-27T04:49:15.260Z] INFO: GET / 404 1ms
[2026-08-27T04:49:15.261Z] INFO: GET /index.html 404 2ms
[2026-08-27T04:49:16.269Z] INFO: GET / 404 1ms
[2026-08-27T04:49:16.272Z] INFO: GET /index.html 404 2ms
[2026-08-27T04:49:17.290Z] INFO: GET / 404 1ms
[2026-08-27T04:49:17.294Z] INFO: GET /index.html 404 2ms
[2026-08-27T04:49:18.309Z] INFO: GET / 404 1ms
[2026-08-27T04:49:18.310Z] INFO: GET /index.html 404 1ms
[2026-08-27T04:49:19.326Z] INFO: GET / 404 1ms
[2026-08-27T04:49:19.326Z] INFO: GET /index.html 404 1ms
[2026-08-27T04:49:20.340Z] INFO: GET / 404 1ms
[2026-08-27T04:49:20.342Z] INFO: GET /index.html 404 2ms
[2026-08-27T04:49:21.352Z] INFO: GET / 404 1ms
[2026-08-27T04:49:21.352Z] INFO: GET /index.html 404 1ms
[2026-08-27T04:49:22.366Z] INFO: GET / 404 1ms
[2026-08-27T04:49:22.367Z] INFO: GET /index.html 404 1ms
[2026-08-27T04:49:23.380Z] INFO: GET / 404 1ms
[2026-08-27T04:49:23.384Z] INFO: GET /index.html 404 1ms
[2026-08-27T04:49:24.395Z] INFO: GET / 404 1ms
[2026-08-27T04:49:24.396Z] INFO: GET /index.html 404 1ms
[2026-08-27T04:49:25.405Z] INFO: GET / 404 1ms
[2026-08-27T04:49:25.409Z] INFO: GET /index.html 404 2ms
[2026-08-27T04:49:26.415Z] INFO: GET / 404 1ms
[2026-08-27T04:49:26.416Z] INFO: GET /index.html 404 1ms
[2026-08-27T04:49:27.435Z] INFO: GET / 404 2ms
[2026-08-27T04:49:27.437Z] INFO: GET /index.html 404 1ms
[2026-08-27T04:49:28.477Z] INFO: GET /index.html 404 4ms
[2026-08-27T04:49:28.476Z] INFO: GET / 404 17ms
[2026-08-27T04:49:29.482Z] INFO: GET / 404 1ms
[2026-08-27T04:49:29.483Z] INFO: GET /index.html 404 1ms
[2026-08-27T04:49:30.491Z] INFO: GET / 404 1ms
[2026-08-27T04:49:30.494Z] INFO: GET /index.html 404 1ms
[2026-08-27T04:49:31.514Z] INFO: GET / 404 1ms
[2026-08-27T04:49:31.515Z] INFO: GET /index.html 404 3ms
[2026-08-27T04:49:32.522Z] INFO: GET / 404 1ms
[2026-08-27T04:49:32.524Z] INFO: GET /index.html 404 1ms
[2026-08-27T04:49:33.540Z] INFO: GET / 404 2ms
[2026-08-27T04:49:33.543Z] INFO: GET /index.html 404 1ms
[2026-08-27T04:49:34.558Z] INFO: GET / 404 2ms
[2026-08-27T04:49:34.559Z] INFO: GET /index.html 404 1ms
[2026-08-27T04:49:35.573Z] INFO: GET / 404 1ms
[2026-08-27T04:49:35.575Z] INFO: GET /index.html 404 1ms
[2026-08-27T04:49:36.588Z] INFO: GET / 404 2ms
[2026-08-27T04:49:36.589Z] INFO: GET /index.html 404 1ms
[2026-08-27T04:49:37.609Z] INFO: GET /index.html 404 1ms
[2026-08-27T04:49:37.609Z] INFO: GET / 404 2ms
[2026-08-27T04:49:38.624Z] INFO: GET / 404 0ms
[2026-08-27T04:49:38.625Z] INFO: GET /index.html 404 1ms
[2026-08-27T04:49:39.628Z] INFO: GET / 404 1ms
[2026-08-27T04:49:39.629Z] INFO: GET /index.html 404 1ms
[2026-08-27T04:49:40.642Z] INFO: GET / 404 1ms
[2026-08-27T04:49:40.644Z] INFO: GET /index.html 404 2ms
[2026-08-27T04:49:41.662Z] INFO: GET / 404 3ms
[2026-08-27T04:49:41.663Z] INFO: GET /index.html 404 1ms
[2026-08-27T04:49:42.679Z] INFO: GET / 404 1ms
[2026-08-27T04:49:42.683Z] INFO: GET /index.html 404 1ms
[2026-08-27T04:49:43.692Z] INFO: GET /index.html 404 1ms
[2026-08-27T04:49:43.694Z] INFO: GET / 404 1ms
[2026-08-27T04:49:44.711Z] INFO: GET / 404 1ms
[2026-08-27T04:49:44.712Z] INFO: GET /index.html 404 2ms
[2026-08-27T04:49:45.728Z] INFO: GET / 404 2ms
[2026-08-27T04:49:45.729Z] INFO: GET /index.html 404 0ms
[2026-08-27T04:49:46.743Z] INFO: GET / 404 1ms
[2026-08-27T04:49:46.744Z] INFO: GET /index.html 404 1ms
[2026-08-27T04:49:47.760Z] INFO: GET / 404 1ms
[2026-08-27T04:49:47.760Z] INFO: GET /index.html 404 1ms
[2026-08-27T04:49:48.771Z] INFO: GET / 404 1ms
[2026-08-27T04:49:48.772Z] INFO: GET /index.html 404 1ms
[2026-08-27T04:49:49.789Z] INFO: GET / 404 1ms
[2026-08-27T04:49:49.790Z] INFO: GET /index.html 404 1ms
[2026-08-27T04:49:50.800Z] INFO: GET / 404 1ms
[2026-08-27T04:49:50.801Z] INFO: GET /index.html 404 1ms
[2026-08-27T04:49:51.817Z] INFO: GET / 404 1ms
[2026-08-27T04:49:51.818Z] INFO: GET /index.html 404 1ms
[2026-08-27T04:49:52.835Z] INFO: GET / 404 1ms
[2026-08-27T04:49:52.836Z] INFO: GET /index.html 404 1ms
[2026-08-27T04:49:53.860Z] INFO: GET /index.html 404 0ms
[2026-08-27T04:49:53.860Z] INFO: GET / 404 0ms
[2026-08-27T04:49:54.876Z] INFO: GET / 404 1ms
[2026-08-27T04:49:54.877Z] INFO: GET /index.html 404 1ms
[2026-08-27T04:49:55.883Z] INFO: GET / 404 1ms
[2026-08-27T04:49:55.884Z] INFO: GET /index.html 404 1ms
[2026-08-27T04:49:56.894Z] INFO: GET / 404 1ms
[2026-08-27T04:49:56.895Z] INFO: GET /index.html 404 1ms
[2026-08-27T04:49:57.906Z] INFO: GET / 404 1ms
[2026-08-27T04:49:57.906Z] INFO: GET /index.html 404 1ms
[2026-08-27T04:49:58.921Z] INFO: GET / 404 2ms
[2026-08-27T04:49:58.921Z] INFO: GET /index.html 404 1ms
[2026-08-27T04:49:59.934Z] INFO: GET / 404 1ms
[2026-08-27T04:49:59.937Z] INFO: GET /index.html 404 2ms
[2026-08-27T04:50:00.949Z] INFO: GET / 404 1ms
[2026-08-27T04:50:00.949Z] INFO: GET /index.html 404 0ms
[2026-08-27T04:50:01.963Z] INFO: GET / 404 1ms
[2026-08-27T04:50:01.964Z] INFO: GET /index.html 404 1ms
[2026-08-27T04:50:30.989Z] INFO: Server listening on port 5174
[2026-08-27T04:50:30.992Z] INFO: Database connected
[2026-08-27T04:50:31.177Z] INFO: GET / 404 10ms
[2026-08-27T04:50:31.183Z] INFO: GET /index.html 404 1ms
[2026-08-27T04:50:32.201Z] INFO: GET / 404 1ms
[2026-08-27T04:50:32.203Z] INFO: GET /index.html 404 0ms
[2026-08-27T04:50:33.218Z] INFO: GET / 404 2ms
[2026-08-27T04:50:33.219Z] INFO: GET /index.html 404 2ms
[2026-08-27T04:50:34.231Z] INFO: GET / 404 3ms
[2026-08-27T04:50:34.234Z] INFO: GET /index.html 404 1ms
[2026-08-27T04:50:35.250Z] INFO: GET / 404 5ms
[2026-08-27T04:50:35.266Z] INFO: GET /index.html 404 5ms
[2026-08-27T04:50:36.276Z] INFO: GET / 404 2ms
[2026-08-27T04:50:36.276Z] INFO: GET /index.html 404 1ms
[2026-08-27T04:50:37.287Z] INFO: GET / 404 1ms
[2026-08-27T04:50:37.288Z] INFO: GET /index.html 404 1ms
[2026-08-27T04:50:38.303Z] INFO: GET / 404 1ms
[2026-08-27T04:50:38.304Z] INFO: GET /index.html 404 1ms
[2026-08-27T04:50:39.320Z] INFO: GET / 404 2ms
[2026-08-27T04:50:39.320Z] INFO: GET /index.html 404 2ms
[2026-08-27T04:50:40.333Z] INFO: GET / 404 1ms
[2026-08-27T04:50:40.334Z] INFO: GET /index.html 404 1ms
[2026-08-27T04:50:41.348Z] INFO: GET / 404 2ms
[2026-08-27T04:50:41.349Z] INFO: GET /index.html 404 1ms
[2026-08-27T04:50:42.364Z] INFO: GET / 404 3ms
[2026-08-27T04:50:42.365Z] INFO: GET /index.html 404 1ms
[2026-08-27T04:50:43.406Z] INFO: GET / 404 3ms
[2026-08-27T04:50:43.406Z] INFO: GET /index.html 404 2ms
[2026-08-27T04:50:44.412Z] INFO: GET / 404 1ms
[2026-08-27T04:50:44.414Z] INFO: GET /index.html 404 1ms
[2026-08-27T04:50:45.428Z] INFO: GET / 404 1ms
[2026-08-27T04:50:45.431Z] INFO: GET /index.html 404 1ms
[2026-08-27T04:50:46.440Z] INFO: GET / 404 1ms
[2026-08-27T04:50:46.441Z] INFO: GET /index.html 404 2ms
[2026-08-27T04:50:47.456Z] INFO: GET / 404 1ms
[2026-08-27T04:50:47.459Z] INFO: GET /index.html 404 1ms
[2026-08-27T04:50:48.469Z] INFO: GET / 404 1ms
[2026-08-27T04:50:48.470Z] INFO: GET /index.html 404 1ms
[2026-08-27T04:50:49.489Z] INFO: GET / 404 1ms
[2026-08-27T04:50:49.490Z] INFO: GET /index.html 404 0ms
[2026-08-27T04:50:50.506Z] INFO: GET / 404 1ms
[2026-08-27T04:50:50.507Z] INFO: GET /index.html 404 1ms
[2026-08-27T04:50:51.512Z] INFO: GET / 404 1ms
[2026-08-27T04:50:51.514Z] INFO: GET /index.html 404 1ms
[2026-08-27T04:50:52.523Z] INFO: GET / 404 1ms
[2026-08-27T04:50:52.523Z] INFO: GET /index.html 404 1ms
[2026-08-27T04:50:53.542Z] INFO: GET /index.html 404 1ms
[2026-08-27T04:50:53.541Z] INFO: GET / 404 1ms
[2026-08-27T04:50:54.553Z] INFO: GET / 404 1ms
[2026-08-27T04:50:54.554Z] INFO: GET /index.html 404 1ms
[2026-08-27T04:50:55.560Z] INFO: GET / 404 1ms
[2026-08-27T04:50:55.565Z] INFO: GET /index.html 404 1ms
[2026-08-27T04:50:56.595Z] INFO: GET / 404 0ms
[2026-08-27T04:50:56.600Z] INFO: GET /index.html 404 6ms
[2026-08-27T04:50:57.603Z] INFO: GET / 404 0ms
[2026-08-27T04:50:57.603Z] INFO: GET /index.html 404 1ms
[2026-08-27T04:50:58.658Z] INFO: GET / 404 1ms
[2026-08-27T04:50:58.685Z] INFO: GET /index.html 404 5ms
[2026-08-27T04:50:59.739Z] INFO: GET / 404 0ms
[2026-08-27T04:50:59.742Z] INFO: GET /index.html 404 1ms
[2026-08-27T04:51:00.747Z] INFO: GET / 404 1ms
[2026-08-27T04:51:00.749Z] INFO: GET /index.html 404 1ms
[2026-08-27T04:51:01.800Z] INFO: GET / 404 1ms
[2026-08-27T04:51:01.800Z] INFO: GET /index.html 404 5ms
[2026-08-27T04:51:02.814Z] INFO: GET / 404 1ms
[2026-08-27T04:51:02.815Z] INFO: GET /index.html 404 2ms
[2026-08-27T04:51:03.829Z] INFO: GET /index.html 404 1ms
[2026-08-27T04:51:03.830Z] INFO: GET / 404 1ms
[2026-08-27T04:51:04.847Z] INFO: GET / 404 2ms
[2026-08-27T04:51:04.854Z] INFO: GET /index.html 404 2ms
[2026-08-27T04:51:05.865Z] INFO: GET / 404 1ms
[2026-08-27T04:51:05.866Z] INFO: GET /index.html 404 1ms
[2026-08-27T04:51:06.882Z] INFO: GET / 404 1ms
[2026-08-27T04:51:06.885Z] INFO: GET /index.html 404 1ms
[2026-08-27T04:51:07.897Z] INFO: GET / 404 1ms
[2026-08-27T04:51:07.897Z] INFO: GET /index.html 404 0ms
[2026-08-27T04:51:08.905Z] INFO: GET / 404 1ms
[2026-08-27T04:51:08.912Z] INFO: GET /index.html 404 1ms
[2026-08-27T04:51:09.936Z] INFO: GET /index.html 404 1ms
[2026-08-27T04:51:09.935Z] INFO: GET / 404 1ms
[2026-08-27T04:51:10.955Z] INFO: GET / 404 1ms
[2026-08-27T04:51:10.956Z] INFO: GET /index.html 404 1ms
[2026-08-27T04:51:11.971Z] INFO: GET / 404 1ms
[2026-08-27T04:51:11.972Z] INFO: GET /index.html 404 1ms
[2026-08-27T04:51:12.984Z] INFO: GET / 404 1ms
[2026-08-27T04:51:12.985Z] INFO: GET /index.html 404 2ms
[2026-08-27T04:51:13.989Z] INFO: GET / 404 1ms
[2026-08-27T04:51:13.990Z] INFO: GET /index.html 404 1ms
[2026-08-27T04:51:14.994Z] INFO: GET /index.html 404 1ms
[2026-08-27T04:51:14.993Z] INFO: GET / 404 1ms
[2026-08-27T04:51:16.012Z] INFO: GET / 404 2ms
[2026-08-27T04:51:16.012Z] INFO: GET /index.html 404 1ms
[2026-08-27T04:51:17.021Z] INFO: GET / 404 1ms
[2026-08-27T04:51:17.022Z] INFO: GET /index.html 404 1ms
[2026-08-27T04:51:18.040Z] INFO: GET / 404 1ms
[2026-08-27T04:51:18.041Z] INFO: GET /index.html 404 1ms
[2026-08-27T04:51:19.053Z] INFO: GET / 404 1ms
[2026-08-27T04:51:19.054Z] INFO: GET /index.html 404 1ms
[2026-08-27T04:51:20.071Z] INFO: GET / 404 1ms
[2026-08-27T04:51:20.071Z] INFO: GET /index.html 404 0ms
[2026-08-27T04:51:21.087Z] INFO: GET /index.html 404 1ms
[2026-08-27T04:51:21.087Z] INFO: GET / 404 1ms
[2026-08-27T04:51:22.102Z] INFO: GET / 404 1ms
[2026-08-27T04:51:22.102Z] INFO: GET /index.html 404 1ms
[2026-08-27T04:51:23.113Z] INFO: GET / 404 1ms
[2026-08-27T04:51:23.116Z] INFO: GET /index.html 404 1ms
[2026-08-27T04:51:24.128Z] INFO: GET / 404 1ms
[2026-08-27T04:51:24.128Z] INFO: GET /index.html 404 1ms
[2026-08-27T04:51:25.143Z] INFO: GET /index.html 404 0ms
[2026-08-27T04:51:25.143Z] INFO: GET / 404 1ms
[2026-08-27T04:51:26.153Z] INFO: GET / 404 1ms
[2026-08-27T04:51:26.154Z] INFO: GET /index.html 404 1ms
[2026-08-27T04:51:27.166Z] INFO: GET / 404 1ms
[2026-08-27T04:51:27.167Z] INFO: GET /index.html 404 1ms
[2026-08-27T04:51:58.110Z] INFO: Server listening on port 5174
[2026-08-27T04:51:58.159Z] INFO: Database connected
[2026-08-27T04:51:58.671Z] INFO: GET / 404 5ms
[2026-08-27T04:51:58.693Z] INFO: GET /index.html 404 1ms
[2026-08-27T04:51:59.733Z] INFO: GET / 404 1ms
[2026-08-27T04:51:59.737Z] INFO: GET /index.html 404 1ms
[2026-08-27T04:52:00.757Z] INFO: GET / 404 3ms
[2026-08-27T04:52:00.758Z] INFO: GET /index.html 404 1ms
[2026-08-27T04:52:01.767Z] INFO: GET / 404 2ms
[2026-08-27T04:52:01.770Z] INFO: GET /index.html 404 1ms
[2026-08-27T04:52:02.779Z] INFO: GET / 404 3ms
[2026-08-27T04:52:02.786Z] INFO: GET /index.html 404 2ms
[2026-08-27T04:52:03.791Z] INFO: GET / 404 1ms
[2026-08-27T04:52:03.791Z] INFO: GET /index.html 404 1ms
[2026-08-27T04:52:04.799Z] INFO: GET /index.html 404 1ms
[2026-08-27T04:52:04.799Z] INFO: GET / 404 1ms
[2026-08-27T04:52:05.814Z] INFO: GET / 404 2ms
[2026-08-27T04:52:05.815Z] INFO: GET /index.html 404 1ms
[2026-08-27T04:52:06.831Z] INFO: GET / 404 1ms
[2026-08-27T04:52:06.839Z] INFO: GET /index.html 404 1ms
[2026-08-27T04:52:07.857Z] INFO: GET / 404 1ms
[2026-08-27T04:52:07.862Z] INFO: GET /index.html 404 0ms
[2026-08-27T04:52:08.872Z] INFO: GET / 404 1ms
[2026-08-27T04:52:08.874Z] INFO: GET /index.html 404 1ms
[2026-08-27T04:52:09.880Z] INFO: GET / 404 1ms
[2026-08-27T04:52:09.883Z] INFO: GET /index.html 404 1ms
[2026-08-27T04:52:10.890Z] INFO: GET / 404 1ms
[2026-08-27T04:52:10.891Z] INFO: GET /index.html 404 1ms
[2026-08-27T04:52:11.902Z] INFO: GET / 404 2ms
[2026-08-27T04:52:11.902Z] INFO: GET /index.html 404 1ms
[2026-08-27T04:52:12.920Z] INFO: GET / 404 2ms
[2026-08-27T04:52:12.921Z] INFO: GET /index.html 404 1ms
[2026-08-27T04:52:13.929Z] INFO: GET / 404 1ms
[2026-08-27T04:52:13.929Z] INFO: GET /index.html 404 1ms
[2026-08-27T04:52:14.938Z] INFO: GET / 404 2ms
[2026-08-27T04:52:14.942Z] INFO: GET /index.html 404 1ms
[2026-08-27T04:52:15.955Z] INFO: GET / 404 1ms
[2026-08-27T04:52:15.957Z] INFO: GET /index.html 404 0ms
[2026-08-27T04:52:16.971Z] INFO: GET / 404 1ms
[2026-08-27T04:52:16.971Z] INFO: GET /index.html 404 1ms
[2026-08-27T04:52:17.989Z] INFO: GET / 404 1ms
[2026-08-27T04:52:17.993Z] INFO: GET /index.html 404 2ms
[2026-08-27T04:52:19.009Z] INFO: GET / 404 1ms
[2026-08-27T04:52:19.010Z] INFO: GET /index.html 404 1ms
[2026-08-27T04:52:20.019Z] INFO: GET / 404 1ms
[2026-08-27T04:52:20.022Z] INFO: GET /index.html 404 1ms
[2026-08-27T04:52:21.037Z] INFO: GET /index.html 404 0ms
[2026-08-27T04:52:21.037Z] INFO: GET / 404 1ms
[2026-08-27T04:52:22.042Z] INFO: GET / 404 1ms
[2026-08-27T04:52:22.042Z] INFO: GET /index.html 404 1ms
[2026-08-27T04:52:23.053Z] INFO: GET / 404 1ms
[2026-08-27T04:52:23.054Z] INFO: GET /index.html 404 1ms
[2026-08-27T04:52:24.067Z] INFO: GET / 404 1ms
[2026-08-27T04:52:24.067Z] INFO: GET /index.html 404 0ms
[2026-08-27T04:52:25.080Z] INFO: GET / 404 1ms
[2026-08-27T04:52:25.081Z] INFO: GET /index.html 404 1ms
[2026-08-27T04:52:26.088Z] INFO: GET / 404 1ms
[2026-08-27T04:52:26.089Z] INFO: GET /index.html 404 1ms
[2026-08-27T04:52:27.101Z] INFO: GET / 404 1ms
[2026-08-27T04:52:27.102Z] INFO: GET /index.html 404 1ms
[2026-08-27T04:52:28.113Z] INFO: GET / 404 1ms
[2026-08-27T04:52:28.117Z] INFO: GET /index.html 404 2ms
[2026-08-27T04:52:29.128Z] INFO: GET / 404 1ms
[2026-08-27T04:52:29.129Z] INFO: GET /index.html 404 1ms
[2026-08-27T04:52:30.141Z] INFO: GET / 404 1ms
[2026-08-27T04:52:30.142Z] INFO: GET /index.html 404 1ms
[2026-08-27T04:52:31.156Z] INFO: GET / 404 1ms
[2026-08-27T04:52:31.156Z] INFO: GET /index.html 404 1ms
[2026-08-27T04:52:32.177Z] INFO: GET / 404 1ms
[2026-08-27T04:52:32.182Z] INFO: GET /index.html 404 2ms
[2026-08-27T04:52:33.198Z] INFO: GET / 404 1ms
[2026-08-27T04:52:33.198Z] INFO: GET /index.html 404 1ms
[2026-08-27T04:52:34.212Z] INFO: GET / 404 1ms
[2026-08-27T04:52:34.212Z] INFO: GET /index.html 404 1ms
[2026-08-27T04:52:35.229Z] INFO: GET / 404 1ms
[2026-08-27T04:52:35.230Z] INFO: GET /index.html 404 2ms
[2026-08-27T04:52:36.243Z] INFO: GET / 404 0ms
[2026-08-27T04:52:36.243Z] INFO: GET /index.html 404 0ms
[2026-08-27T04:52:37.259Z] INFO: GET / 404 1ms
[2026-08-27T04:52:37.263Z] INFO: GET /index.html 404 1ms
[2026-08-27T04:52:38.272Z] INFO: GET / 404 1ms
[2026-08-27T04:52:38.275Z] INFO: GET /index.html 404 1ms
[2026-08-27T04:52:39.288Z] INFO: GET / 404 2ms
[2026-08-27T04:52:39.289Z] INFO: GET /index.html 404 0ms
[2026-08-27T04:52:40.297Z] INFO: GET / 404 1ms
[2026-08-27T04:52:40.298Z] INFO: GET /index.html 404 1ms
[2026-08-27T04:52:41.317Z] INFO: GET / 404 2ms
[2026-08-27T04:52:41.318Z] INFO: GET /index.html 404 2ms
[2026-08-27T04:52:42.320Z] INFO: GET / 404 1ms
[2026-08-27T04:52:42.322Z] INFO: GET /index.html 404 0ms
[2026-08-27T04:52:43.339Z] INFO: GET /index.html 404 1ms
[2026-08-27T04:52:43.338Z] INFO: GET / 404 2ms
[2026-08-27T04:52:44.355Z] INFO: GET / 404 2ms
[2026-08-27T04:52:44.356Z] INFO: GET /index.html 404 1ms
[2026-08-27T04:52:45.368Z] INFO: GET / 404 1ms
[2026-08-27T04:52:45.369Z] INFO: GET /index.html 404 1ms
[2026-08-27T04:52:46.379Z] INFO: GET /index.html 404 1ms
[2026-08-27T04:52:46.379Z] INFO: GET / 404 1ms
[2026-08-27T04:52:47.394Z] INFO: GET / 404 1ms
[2026-08-27T04:52:47.395Z] INFO: GET /index.html 404 1ms
[2026-08-27T04:52:48.406Z] INFO: GET / 404 1ms
[2026-08-27T04:52:48.409Z] INFO: GET /index.html 404 1ms
[2026-08-27T04:52:49.422Z] INFO: GET / 404 2ms
[2026-08-27T04:52:49.423Z] INFO: GET /index.html 404 2ms
[2026-08-27T04:52:50.434Z] INFO: GET / 404 1ms
[2026-08-27T04:52:50.434Z] INFO: GET /index.html 404 1ms
[2026-08-27T04:52:51.443Z] INFO: GET / 404 1ms
[2026-08-27T04:52:51.443Z] INFO: GET /index.html 404 1ms
[2026-08-27T04:52:52.458Z] INFO: GET / 404 1ms
[2026-08-27T04:52:52.458Z] INFO: GET /index.html 404 1ms
[2026-08-27T04:53:20.715Z] INFO: Server listening on port 5174
[2026-08-27T04:53:20.633Z] INFO: Database connected
[2026-08-27T04:53:21.400Z] INFO: GET / 404 6ms
[2026-08-27T04:53:21.415Z] INFO: GET /index.html 404 1ms
[2026-08-27T04:53:22.435Z] INFO: GET / 404 2ms
[2026-08-27T04:53:22.442Z] INFO: GET /index.html 404 2ms
[2026-08-27T04:53:23.457Z] INFO: GET / 404 2ms
[2026-08-27T04:53:23.461Z] INFO: GET /index.html 404 1ms
[2026-08-27T04:53:24.478Z] INFO: GET / 404 1ms
[2026-08-27T04:53:24.479Z] INFO: GET /index.html 404 1ms
[2026-08-27T04:53:25.500Z] INFO: GET / 404 3ms
[2026-08-27T04:53:25.500Z] INFO: GET /index.html 404 2ms
[2026-08-27T04:53:26.514Z] INFO: GET /index.html 404 1ms
[2026-08-27T04:53:26.513Z] INFO: GET / 404 2ms
[2026-08-27T04:53:27.530Z] INFO: GET / 404 1ms
[2026-08-27T04:53:27.540Z] INFO: GET /index.html 404 1ms
[2026-08-27T04:53:28.564Z] INFO: GET / 404 1ms
[2026-08-27T04:53:28.564Z] INFO: GET /index.html 404 1ms
[2026-08-27T04:53:29.578Z] INFO: GET / 404 2ms
[2026-08-27T04:53:29.579Z] INFO: GET /index.html 404 1ms
[2026-08-27T04:53:30.595Z] INFO: GET /index.html 404 2ms
[2026-08-27T04:53:30.595Z] INFO: GET / 404 0ms
[2026-08-27T04:53:31.609Z] INFO: GET / 404 1ms
[2026-08-27T04:53:31.610Z] INFO: GET /index.html 404 1ms
[2026-08-27T04:53:32.618Z] INFO: GET / 404 1ms
[2026-08-27T04:53:32.623Z] INFO: GET /index.html 404 1ms
[2026-08-27T04:53:33.631Z] INFO: GET / 404 1ms
[2026-08-27T04:53:33.634Z] INFO: GET /index.html 404 0ms
[2026-08-27T04:53:34.646Z] INFO: GET / 404 0ms
[2026-08-27T04:53:34.648Z] INFO: GET /index.html 404 1ms
[2026-08-27T04:53:35.665Z] INFO: GET /index.html 404 1ms
[2026-08-27T04:53:35.664Z] INFO: GET / 404 1ms
[2026-08-27T04:53:36.678Z] INFO: GET / 404 1ms
[2026-08-27T04:53:36.678Z] INFO: GET /index.html 404 1ms
[2026-08-27T04:53:37.690Z] INFO: GET / 404 1ms
[2026-08-27T04:53:37.692Z] INFO: GET /index.html 404 1ms
[2026-08-27T04:53:38.708Z] INFO: GET / 404 1ms
[2026-08-27T04:53:38.709Z] INFO: GET /index.html 404 0ms
[2026-08-27T04:53:39.728Z] INFO: GET / 404 1ms
[2026-08-27T04:53:39.728Z] INFO: GET /index.html 404 1ms
[2026-08-27T04:53:40.751Z] INFO: GET / 404 0ms
[2026-08-27T04:53:40.752Z] INFO: GET /index.html 404 1ms
[2026-08-27T04:53:41.762Z] INFO: GET / 404 2ms
[2026-08-27T04:53:41.763Z] INFO: GET /index.html 404 0ms
[2026-08-27T04:53:42.777Z] INFO: GET / 404 2ms
[2026-08-27T04:53:42.778Z] INFO: GET /index.html 404 1ms
[2026-08-27T04:53:43.792Z] INFO: GET / 404 2ms
[2026-08-27T04:53:43.796Z] INFO: GET /index.html 404 1ms
[2026-08-27T04:53:44.812Z] INFO: GET / 404 0ms
[2026-08-27T04:53:44.832Z] INFO: GET /index.html 404 0ms
[2026-08-27T04:53:45.853Z] INFO: GET / 404 1ms
[2026-08-27T04:53:45.854Z] INFO: GET /index.html 404 1ms
[2026-08-27T04:53:46.869Z] INFO: GET / 404 2ms
[2026-08-27T04:53:46.873Z] INFO: GET /index.html 404 1ms
[2026-08-27T04:53:47.883Z] INFO: GET / 404 0ms
[2026-08-27T04:53:47.884Z] INFO: GET /index.html 404 0ms
[2026-08-27T04:53:48.895Z] INFO: GET /index.html 404 0ms
[2026-08-27T04:53:48.895Z] INFO: GET / 404 1ms
[2026-08-27T04:53:49.902Z] INFO: GET / 404 1ms
[2026-08-27T04:53:49.902Z] INFO: GET /index.html 404 1ms
[2026-08-27T04:53:50.914Z] INFO: GET /index.html 404 1ms
[2026-08-27T04:53:50.914Z] INFO: GET / 404 1ms
[2026-08-27T04:53:51.934Z] INFO: GET / 404 2ms
[2026-08-27T04:53:51.934Z] INFO: GET /index.html 404 0ms
[2026-08-27T04:53:52.947Z] INFO: GET / 404 1ms
[2026-08-27T04:53:52.948Z] INFO: GET /index.html 404 1ms
[2026-08-27T04:53:53.959Z] INFO: GET / 404 0ms
[2026-08-27T04:53:53.959Z] INFO: GET /index.html 404 1ms
[2026-08-27T04:53:54.974Z] INFO: GET / 404 1ms
[2026-08-27T04:53:54.976Z] INFO: GET /index.html 404 1ms
[2026-08-27T04:53:55.991Z] INFO: GET / 404 1ms
[2026-08-27T04:53:55.991Z] INFO: GET /index.html 404 0ms
[2026-08-27T04:53:57.005Z] INFO: GET / 404 1ms
[2026-08-27T04:53:57.005Z] INFO: GET /index.html 404 0ms
[2026-08-27T04:53:58.019Z] INFO: GET / 404 1ms
[2026-08-27T04:53:58.020Z] INFO: GET /index.html 404 1ms
[2026-08-27T04:53:59.031Z] INFO: GET / 404 1ms
[2026-08-27T04:53:59.032Z] INFO: GET /index.html 404 0ms
[2026-08-27T04:54:00.050Z] INFO: GET /index.html 404 0ms
[2026-08-27T04:54:00.050Z] INFO: GET / 404 0ms
[2026-08-27T04:54:01.062Z] INFO: GET / 404 1ms
[2026-08-27T04:54:01.062Z] INFO: GET /index.html 404 1ms
[2026-08-27T04:54:02.078Z] INFO: GET / 404 0ms
[2026-08-27T04:54:02.078Z] INFO: GET /index.html 404 1ms
[2026-08-27T04:54:03.098Z] INFO: GET / 404 1ms
[2026-08-27T04:54:03.098Z] INFO: GET /index.html 404 0ms
[2026-08-27T04:54:04.116Z] INFO: GET / 404 0ms
[2026-08-27T04:54:04.116Z] INFO: GET /index.html 404 0ms
[2026-08-27T04:54:05.129Z] INFO: GET / 404 1ms
[2026-08-27T04:54:05.142Z] INFO: GET /index.html 404 1ms
[2026-08-27T04:54:06.142Z] INFO: GET / 404 1ms
[2026-08-27T04:54:06.142Z] INFO: GET /index.html 404 1ms
[2026-08-27T04:54:07.158Z] INFO: GET / 404 0ms
[2026-08-27T04:54:07.158Z] INFO: GET /index.html 404 0ms
[2026-08-27T04:54:08.172Z] INFO: GET / 404 0ms
[2026-08-27T04:54:08.173Z] INFO: GET /index.html 404 0ms
[2026-08-27T04:54:09.185Z] INFO: GET / 404 1ms
[2026-08-27T04:54:09.185Z] INFO: GET /index.html 404 0ms
[2026-08-27T04:54:10.198Z] INFO: GET / 404 2ms
[2026-08-27T04:54:10.199Z] INFO: GET /index.html 404 1ms
[2026-08-27T04:54:11.217Z] INFO: GET /index.html 404 1ms
[2026-08-27T04:54:11.217Z] INFO: GET / 404 2ms
[2026-08-27T04:54:12.254Z] INFO: GET / 404 0ms
[2026-08-27T04:54:12.254Z] INFO: GET /index.html 404 1ms
[2026-08-27T04:54:13.269Z] INFO: GET /index.html 404 0ms
[2026-08-27T04:54:13.269Z] INFO: GET / 404 1ms
[2026-08-27T04:54:14.278Z] INFO: GET / 404 0ms
[2026-08-27T04:54:14.278Z] INFO: GET /index.html 404 1ms
[2026-08-27T04:54:15.284Z] INFO: GET / 404 1ms
[2026-08-27T04:54:15.286Z] INFO: GET /index.html 404 1ms
[2026-08-27T04:54:16.294Z] INFO: GET /index.html 404 1ms
[2026-08-27T04:54:16.294Z] INFO: GET / 404 0ms
[2026-08-27T10:14:03.284Z] INFO: Server listening on port 5174
[2026-08-27T10:14:03.286Z] INFO: Database connected
[2026-08-27T10:14:03.751Z] INFO: GET / 404 3ms
[2026-08-27T10:14:03.757Z] INFO: GET /index.html 404 0ms
[2026-08-27T10:14:04.770Z] INFO: GET / 404 1ms
[2026-08-27T10:14:04.773Z] INFO: GET /index.html 404 1ms
[2026-08-27T10:14:05.786Z] INFO: GET / 404 1ms
[2026-08-27T10:14:05.786Z] INFO: GET /index.html 404 0ms
[2026-08-27T10:14:06.803Z] INFO: GET / 404 1ms
[2026-08-27T10:14:06.806Z] INFO: GET /index.html 404 1ms
[2026-08-27T10:14:07.819Z] INFO: GET / 404 1ms
[2026-08-27T10:14:07.819Z] INFO: GET /index.html 404 1ms
[2026-08-27T10:14:08.833Z] INFO: GET / 404 1ms
[2026-08-27T10:14:08.833Z] INFO: GET /index.html 404 1ms
[2026-08-27T10:14:09.849Z] INFO: GET / 404 1ms
[2026-08-27T10:14:09.852Z] INFO: GET /index.html 404 1ms
[2026-08-27T10:14:10.865Z] INFO: GET / 404 1ms
[2026-08-27T10:14:10.866Z] INFO: GET /index.html 404 0ms
[2026-08-27T10:14:11.877Z] INFO: GET / 404 1ms
[2026-08-27T10:14:11.877Z] INFO: GET /index.html 404 1ms
[2026-08-27T10:14:12.890Z] INFO: GET / 404 1ms
[2026-08-27T10:14:12.891Z] INFO: GET /index.html 404 0ms
[2026-08-27T10:14:13.905Z] INFO: GET / 404 1ms
[2026-08-27T10:14:13.905Z] INFO: GET /index.html 404 1ms
[2026-08-27T10:14:14.922Z] INFO: GET / 404 1ms
[2026-08-27T10:14:14.923Z] INFO: GET /index.html 404 1ms
[2026-08-27T10:14:15.933Z] INFO: GET / 404 1ms
[2026-08-27T10:14:15.935Z] INFO: GET /index.html 404 1ms
[2026-08-27T10:14:16.942Z] INFO: GET / 404 0ms
[2026-08-27T10:14:16.942Z] INFO: GET /index.html 404 0ms
[2026-08-27T10:14:17.958Z] INFO: GET / 404 1ms
[2026-08-27T10:14:17.958Z] INFO: GET /index.html 404 1ms
[2026-08-27T10:14:18.972Z] INFO: GET / 404 1ms
[2026-08-27T10:14:18.974Z] INFO: GET /index.html 404 0ms
[2026-08-27T10:14:19.987Z] INFO: GET / 404 1ms
[2026-08-27T10:14:19.987Z] INFO: GET /index.html 404 0ms
[2026-08-27T10:14:21.007Z] INFO: GET / 404 1ms
[2026-08-27T10:14:21.007Z] INFO: GET /index.html 404 1ms
[2026-08-27T10:14:22.018Z] INFO: GET / 404 1ms
[2026-08-27T10:14:22.019Z] INFO: GET /index.html 404 2ms
[2026-08-27T10:14:23.032Z] INFO: GET / 404 1ms
[2026-08-27T10:14:23.032Z] INFO: GET /index.html 404 0ms
[2026-08-27T10:14:24.034Z] INFO: GET / 404 1ms
[2026-08-27T10:14:24.035Z] INFO: GET /index.html 404 0ms
[2026-08-27T10:14:25.047Z] INFO: GET / 404 1ms
[2026-08-27T10:14:25.047Z] INFO: GET /index.html 404 0ms
[2026-08-27T10:14:26.065Z] INFO: GET / 404 1ms
[2026-08-27T10:14:26.066Z] INFO: GET /index.html 404 0ms
[2026-08-27T10:14:27.080Z] INFO: GET / 404 2ms
[2026-08-27T10:14:27.081Z] INFO: GET /index.html 404 1ms
[2026-08-27T10:14:28.088Z] INFO: GET / 404 1ms
[2026-08-27T10:14:28.090Z] INFO: GET /index.html 404 0ms
[2026-08-27T10:14:29.106Z] INFO: GET / 404 1ms
[2026-08-27T10:14:29.106Z] INFO: GET /index.html 404 1ms
[2026-08-27T10:14:30.122Z] INFO: GET / 404 1ms
[2026-08-27T10:14:30.123Z] INFO: GET /index.html 404 1ms
[2026-08-27T10:14:31.139Z] INFO: GET / 404 1ms
[2026-08-27T10:14:31.139Z] INFO: GET /index.html 404 1ms
[2026-08-27T10:14:32.153Z] INFO: GET / 404 1ms
[2026-08-27T10:14:32.153Z] INFO: GET /index.html 404 1ms
[2026-08-27T10:14:33.166Z] INFO: GET / 404 1ms
[2026-08-27T10:14:33.166Z] INFO: GET /index.html 404 1ms
[2026-08-27T10:14:34.204Z] INFO: GET / 404 1ms
[2026-08-27T10:14:34.213Z] INFO: GET /index.html 404 1ms
[2026-08-27T10:14:35.221Z] INFO: GET / 404 1ms
[2026-08-27T10:14:35.222Z] INFO: GET /index.html 404 1ms
[2026-08-27T10:14:36.228Z] INFO: GET / 404 1ms
[2026-08-27T10:14:36.228Z] INFO: GET /index.html 404 1ms
[2026-08-27T10:14:37.266Z] INFO: GET / 404 2ms
[2026-08-27T10:14:37.266Z] INFO: GET /index.html 404 1ms
[2026-08-27T10:14:38.282Z] INFO: GET / 404 1ms
[2026-08-27T10:14:38.283Z] INFO: GET /index.html 404 1ms
[2026-08-27T10:14:39.295Z] INFO: GET / 404 1ms
[2026-08-27T10:14:39.295Z] INFO: GET /index.html 404 1ms
[2026-08-27T10:14:40.308Z] INFO: GET / 404 1ms
[2026-08-27T10:14:40.309Z] INFO: GET /index.html 404 0ms
[2026-08-27T10:14:41.321Z] INFO: GET /index.html 404 1ms
[2026-08-27T10:14:41.321Z] INFO: GET / 404 1ms
[2026-08-27T10:14:42.336Z] INFO: GET / 404 1ms
[2026-08-27T10:14:42.338Z] INFO: GET /index.html 404 0ms
[2026-08-27T10:14:43.351Z] INFO: GET / 404 1ms
[2026-08-27T10:14:43.353Z] INFO: GET /index.html 404 0ms
[2026-08-27T10:14:44.369Z] INFO: GET / 404 1ms
[2026-08-27T10:14:44.369Z] INFO: GET /index.html 404 0ms
[2026-08-27T10:14:45.379Z] INFO: GET / 404 1ms
[2026-08-27T10:14:45.380Z] INFO: GET /index.html 404 1ms
[2026-08-27T10:14:46.385Z] INFO: GET / 404 1ms
[2026-08-27T10:14:46.385Z] INFO: GET /index.html 404 1ms
[2026-08-27T10:14:47.404Z] INFO: GET / 404 1ms
[2026-08-27T10:14:47.404Z] INFO: GET /index.html 404 0ms
[2026-08-27T10:14:48.421Z] INFO: GET / 404 0ms
[2026-08-27T10:14:48.422Z] INFO: GET /index.html 404 1ms
[2026-08-27T10:14:49.432Z] INFO: GET / 404 1ms
[2026-08-27T10:14:49.434Z] INFO: GET /index.html 404 0ms
[2026-08-27T10:14:50.440Z] INFO: GET / 404 0ms
[2026-08-27T10:14:50.440Z] INFO: GET /index.html 404 1ms
[2026-08-27T10:14:51.458Z] INFO: GET / 404 1ms
[2026-08-27T10:14:51.458Z] INFO: GET /index.html 404 1ms
[2026-08-27T10:14:52.468Z] INFO: GET / 404 1ms
[2026-08-27T10:14:52.468Z] INFO: GET /index.html 404 1ms
[2026-08-27T10:14:53.485Z] INFO: GET / 404 1ms
[2026-08-27T10:14:53.485Z] INFO: GET /index.html 404 0ms
[2026-08-27T10:14:54.503Z] INFO: GET / 404 1ms
[2026-08-27T10:14:54.503Z] INFO: GET /index.html 404 2ms
[2026-08-27T10:14:55.510Z] INFO: GET / 404 0ms
[2026-08-27T10:14:55.512Z] INFO: GET /index.html 404 1ms
[2026-08-27T10:14:56.526Z] INFO: GET / 404 0ms
[2026-08-27T10:14:56.527Z] INFO: GET /index.html 404 0ms
[2026-08-27T10:14:57.542Z] INFO: GET / 404 1ms
[2026-08-27T10:14:57.543Z] INFO: GET /index.html 404 1ms
[2026-08-27T10:14:58.558Z] INFO: GET / 404 1ms
[2026-08-27T10:14:58.559Z] INFO: GET /index.html 404 2ms
[2026-08-27T10:15:19.838Z] INFO: Database connected
[2026-08-27T10:15:19.840Z] INFO: Server listening on port 5174
[2026-08-27T10:15:20.382Z] INFO: GET / 404 8ms
[2026-08-27T10:15:20.385Z] INFO: GET /index.html 404 1ms
[2026-08-27T10:15:21.393Z] INFO: GET / 404 2ms
[2026-08-27T10:15:21.402Z] INFO: GET /index.html 404 2ms
[2026-08-27T10:15:22.419Z] INFO: GET / 404 1ms
[2026-08-27T10:15:22.422Z] INFO: GET /index.html 404 1ms
[2026-08-27T10:15:23.432Z] INFO: GET / 404 1ms
[2026-08-27T10:15:23.434Z] INFO: GET /index.html 404 0ms
[2026-08-27T10:15:24.447Z] INFO: GET / 404 2ms
[2026-08-27T10:15:24.447Z] INFO: GET /index.html 404 0ms
[2026-08-27T10:15:25.460Z] INFO: GET / 404 1ms
[2026-08-27T10:15:25.462Z] INFO: GET /index.html 404 0ms
[2026-08-27T10:15:26.477Z] INFO: GET / 404 1ms
[2026-08-27T10:15:26.478Z] INFO: GET /index.html 404 1ms
[2026-08-27T10:15:27.499Z] INFO: GET / 404 1ms
[2026-08-27T10:15:27.499Z] INFO: GET /index.html 404 1ms
[2026-08-27T10:15:28.514Z] INFO: GET / 404 1ms
[2026-08-27T10:15:28.515Z] INFO: GET /index.html 404 0ms
[2026-08-27T10:15:29.529Z] INFO: GET / 404 1ms
[2026-08-27T10:15:29.530Z] INFO: GET /index.html 404 1ms
[2026-08-27T10:15:30.539Z] INFO: GET / 404 1ms
[2026-08-27T10:15:30.541Z] INFO: GET /index.html 404 1ms
[2026-08-27T10:15:31.558Z] INFO: GET / 404 1ms
[2026-08-27T10:15:31.559Z] INFO: GET /index.html 404 1ms
[2026-08-27T10:15:32.579Z] INFO: GET / 404 1ms
[2026-08-27T10:15:32.579Z] INFO: GET /index.html 404 1ms
[2026-08-27T10:15:33.594Z] INFO: GET / 404 0ms
[2026-08-27T10:15:33.596Z] INFO: GET /index.html 404 1ms
[2026-08-27T10:15:34.611Z] INFO: GET / 404 4ms
[2026-08-27T10:15:34.611Z] INFO: GET /index.html 404 1ms
[2026-08-27T10:15:35.618Z] INFO: GET / 404 1ms
[2026-08-27T10:15:35.619Z] INFO: GET /index.html 404 0ms
[2026-08-27T10:15:36.633Z] INFO: GET / 404 0ms
[2026-08-27T10:15:36.633Z] INFO: GET /index.html 404 0ms
[2026-08-27T10:15:37.641Z] INFO: GET / 404 1ms
[2026-08-27T10:15:37.641Z] INFO: GET /index.html 404 1ms
[2026-08-27T10:15:38.656Z] INFO: GET / 404 1ms
[2026-08-27T10:15:38.656Z] INFO: GET /index.html 404 0ms
[2026-08-27T10:15:39.667Z] INFO: GET / 404 1ms
[2026-08-27T10:15:39.667Z] INFO: GET /index.html 404 1ms
[2026-08-27T10:15:40.680Z] INFO: GET / 404 1ms
[2026-08-27T10:15:40.680Z] INFO: GET /index.html 404 1ms
[2026-08-27T10:15:41.692Z] INFO: GET /index.html 404 1ms
[2026-08-27T10:15:41.693Z] INFO: GET / 404 1ms
[2026-08-27T10:15:42.695Z] INFO: GET / 404 1ms
[2026-08-27T10:15:42.696Z] INFO: GET /index.html 404 0ms
[2026-08-27T10:15:43.710Z] INFO: GET / 404 1ms
[2026-08-27T10:15:43.712Z] INFO: GET /index.html 404 1ms
[2026-08-27T10:15:44.725Z] INFO: GET / 404 1ms
[2026-08-27T10:15:44.726Z] INFO: GET /index.html 404 1ms
[2026-08-27T10:15:45.739Z] INFO: GET / 404 1ms
[2026-08-27T10:15:45.739Z] INFO: GET /index.html 404 1ms
[2026-08-27T10:15:46.750Z] INFO: GET / 404 1ms
[2026-08-27T10:15:46.751Z] INFO: GET /index.html 404 1ms
[2026-08-27T10:15:47.770Z] INFO: GET /index.html 404 0ms
[2026-08-27T10:15:47.770Z] INFO: GET / 404 1ms
[2026-08-27T10:15:48.781Z] INFO: GET / 404 1ms
[2026-08-27T10:15:48.781Z] INFO: GET /index.html 404 1ms
[2026-08-27T10:15:49.793Z] INFO: GET /index.html 404 0ms
[2026-08-27T10:15:49.792Z] INFO: GET / 404 0ms
[2026-08-27T10:15:50.809Z] INFO: GET / 404 1ms
[2026-08-27T10:15:50.810Z] INFO: GET /index.html 404 0ms
[2026-08-27T10:15:51.824Z] INFO: GET / 404 0ms
[2026-08-27T10:15:51.824Z] INFO: GET /index.html 404 1ms
[2026-08-27T10:15:52.838Z] INFO: GET / 404 1ms
[2026-08-27T10:15:52.840Z] INFO: GET /index.html 404 0ms
[2026-08-27T10:15:53.860Z] INFO: GET / 404 1ms
[2026-08-27T10:15:53.860Z] INFO: GET /index.html 404 1ms
[2026-08-27T10:15:54.872Z] INFO: GET / 404 1ms
[2026-08-27T10:15:54.874Z] INFO: GET /index.html 404 0ms
[2026-08-27T10:15:55.876Z] INFO: GET / 404 0ms
[2026-08-27T10:15:55.877Z] INFO: GET /index.html 404 0ms
[2026-08-27T10:15:56.890Z] INFO: GET / 404 1ms
[2026-08-27T10:15:56.891Z] INFO: GET /index.html 404 1ms
[2026-08-27T10:15:57.900Z] INFO: GET / 404 1ms
[2026-08-27T10:15:57.901Z] INFO: GET /index.html 404 0ms
[2026-08-27T10:15:58.919Z] INFO: GET / 404 0ms
[2026-08-27T10:15:58.919Z] INFO: GET /index.html 404 1ms
[2026-08-27T10:15:59.932Z] INFO: GET / 404 1ms
[2026-08-27T10:15:59.933Z] INFO: GET /index.html 404 1ms
[2026-08-27T10:16:00.944Z] INFO: GET / 404 1ms
[2026-08-27T10:16:00.946Z] INFO: GET /index.html 404 0ms
[2026-08-27T10:16:01.961Z] INFO: GET / 404 2ms
[2026-08-27T10:16:01.961Z] INFO: GET /index.html 404 0ms
[2026-08-27T10:16:02.969Z] INFO: GET / 404 1ms
[2026-08-27T10:16:02.970Z] INFO: GET /index.html 404 1ms
[2026-08-27T10:16:03.984Z] INFO: GET / 404 0ms
[2026-08-27T10:16:03.985Z] INFO: GET /index.html 404 1ms
[2026-08-27T10:16:04.997Z] INFO: GET / 404 1ms
[2026-08-27T10:16:04.999Z] INFO: GET /index.html 404 1ms
[2026-08-27T10:16:06.007Z] INFO: GET / 404 0ms
[2026-08-27T10:16:06.007Z] INFO: GET /index.html 404 0ms
[2026-08-27T10:16:07.046Z] INFO: GET / 404 2ms
[2026-08-27T10:16:07.052Z] INFO: GET /index.html 404 2ms
[2026-08-27T10:16:08.045Z] INFO: GET / 404 1ms
[2026-08-27T10:16:08.046Z] INFO: GET /index.html 404 1ms
[2026-08-27T10:16:09.061Z] INFO: GET / 404 0ms
[2026-08-27T10:16:09.062Z] INFO: GET /index.html 404 0ms
[2026-08-27T10:16:10.070Z] INFO: GET / 404 1ms
[2026-08-27T10:16:10.071Z] INFO: GET /index.html 404 1ms
[2026-08-27T10:16:11.077Z] INFO: GET / 404 1ms
[2026-08-27T10:16:11.079Z] INFO: GET /index.html 404 1ms
[2026-08-27T10:16:12.092Z] INFO: GET / 404 2ms
[2026-08-27T10:16:12.093Z] INFO: GET /index.html 404 1ms
[2026-08-27T10:16:13.105Z] INFO: GET / 404 0ms
[2026-08-27T10:16:13.105Z] INFO: GET /index.html 404 0ms
[2026-08-27T10:16:14.110Z] INFO: GET /index.html 404 1ms
[2026-08-27T10:16:14.109Z] INFO: GET / 404 0ms
[2026-08-27T10:16:15.121Z] INFO: GET / 404 1ms
[2026-08-27T10:16:15.122Z] INFO: GET /index.html 404 1ms
[2026-08-27T10:16:35.018Z] INFO: Database connected
[2026-08-27T10:16:35.023Z] INFO: Server listening on port 5174
[2026-08-27T10:16:35.790Z] INFO: GET / 404 7ms
[2026-08-27T10:16:35.798Z] INFO: GET /index.html 404 2ms
[2026-08-27T10:16:36.806Z] INFO: GET / 404 1ms
[2026-08-27T10:16:36.808Z] INFO: GET /index.html 404 1ms
[2026-08-27T10:16:37.823Z] INFO: GET / 404 1ms
[2026-08-27T10:16:37.823Z] INFO: GET /index.html 404 0ms
[2026-08-27T10:16:38.836Z] INFO: GET / 404 1ms
[2026-08-27T10:16:38.838Z] INFO: GET /index.html 404 0ms
[2026-08-27T10:16:39.846Z] INFO: GET / 404 2ms
[2026-08-27T10:16:39.849Z] INFO: GET /index.html 404 1ms
[2026-08-27T10:16:40.859Z] INFO: GET / 404 1ms
[2026-08-27T10:16:40.861Z] INFO: GET /index.html 404 0ms
[2026-08-27T10:16:41.873Z] INFO: GET / 404 2ms
[2026-08-27T10:16:41.875Z] INFO: GET /index.html 404 1ms
[2026-08-27T10:16:42.891Z] INFO: GET / 404 0ms
[2026-08-27T10:16:42.892Z] INFO: GET /index.html 404 0ms
[2026-08-27T10:16:43.896Z] INFO: GET / 404 0ms
[2026-08-27T10:16:43.897Z] INFO: GET /index.html 404 1ms
[2026-08-27T10:16:44.902Z] INFO: GET / 404 1ms
[2026-08-27T10:16:44.902Z] INFO: GET /index.html 404 1ms
[2026-08-27T10:16:45.914Z] INFO: GET / 404 0ms
[2026-08-27T10:16:45.914Z] INFO: GET /index.html 404 0ms
[2026-08-27T10:16:46.927Z] INFO: GET / 404 1ms
[2026-08-27T10:16:46.929Z] INFO: GET /index.html 404 1ms
[2026-08-27T10:16:47.941Z] INFO: GET / 404 1ms
[2026-08-27T10:16:47.942Z] INFO: GET /index.html 404 1ms
[2026-08-27T10:16:48.957Z] INFO: GET / 404 1ms
[2026-08-27T10:16:48.957Z] INFO: GET /index.html 404 0ms
[2026-08-27T10:16:49.969Z] INFO: GET / 404 2ms
[2026-08-27T10:16:49.969Z] INFO: GET /index.html 404 0ms
[2026-08-27T10:16:50.982Z] INFO: GET / 404 0ms
[2026-08-27T10:16:50.982Z] INFO: GET /index.html 404 0ms
[2026-08-27T10:16:51.987Z] INFO: GET /index.html 404 1ms
[2026-08-27T10:16:51.986Z] INFO: GET / 404 1ms
[2026-08-27T10:16:52.997Z] INFO: GET / 404 1ms
[2026-08-27T10:16:52.999Z] INFO: GET /index.html 404 0ms
[2026-08-27T10:16:54.003Z] INFO: GET / 404 2ms
[2026-08-27T10:16:54.007Z] INFO: GET /index.html 404 1ms
[2026-08-27T10:16:55.016Z] INFO: GET / 404 0ms
[2026-08-27T10:16:55.017Z] INFO: GET /index.html 404 1ms
[2026-08-27T10:16:56.033Z] INFO: GET / 404 0ms
[2026-08-27T10:16:56.034Z] INFO: GET /index.html 404 1ms
[2026-08-27T10:16:57.045Z] INFO: GET / 404 1ms
[2026-08-27T10:16:57.047Z] INFO: GET /index.html 404 1ms
[2026-08-27T10:16:58.056Z] INFO: GET / 404 1ms
[2026-08-27T10:16:58.057Z] INFO: GET /index.html 404 1ms
[2026-08-27T10:16:59.070Z] INFO: GET / 404 1ms
[2026-08-27T10:16:59.070Z] INFO: GET /index.html 404 1ms
[2026-08-27T10:17:00.085Z] INFO: GET / 404 1ms
[2026-08-27T10:17:00.086Z] INFO: GET /index.html 404 1ms
[2026-08-27T10:17:01.094Z] INFO: GET / 404 0ms
[2026-08-27T10:17:01.094Z] INFO: GET /index.html 404 0ms
[2026-08-27T10:17:02.110Z] INFO: GET / 404 0ms
[2026-08-27T10:17:02.110Z] INFO: GET /index.html 404 0ms
[2026-08-27T10:17:03.125Z] INFO: GET / 404 1ms
[2026-08-27T10:17:03.125Z] INFO: GET /index.html 404 1ms
[2026-08-27T10:17:04.139Z] INFO: GET / 404 2ms
[2026-08-27T10:17:04.140Z] INFO: GET /index.html 404 1ms
[2026-08-27T10:17:05.151Z] INFO: GET / 404 0ms
[2026-08-27T10:17:05.152Z] INFO: GET /index.html 404 1ms
[2026-08-27T10:17:06.192Z] INFO: GET / 404 1ms
[2026-08-27T10:17:06.192Z] INFO: GET /index.html 404 0ms
[2026-08-27T10:17:07.198Z] INFO: GET / 404 0ms
[2026-08-27T10:17:07.198Z] INFO: GET /index.html 404 1ms
[2026-08-27T10:17:08.215Z] INFO: GET / 404 1ms
[2026-08-27T10:17:08.215Z] INFO: GET /index.html 404 1ms
[2026-08-27T10:17:09.221Z] INFO: GET / 404 1ms
[2026-08-27T10:17:09.222Z] INFO: GET /index.html 404 1ms
[2026-08-27T10:17:10.233Z] INFO: GET / 404 1ms
[2026-08-27T10:17:10.234Z] INFO: GET /index.html 404 0ms
[2026-08-27T10:17:11.251Z] INFO: GET / 404 1ms
[2026-08-27T10:17:11.252Z] INFO: GET /index.html 404 0ms
[2026-08-27T10:17:12.265Z] INFO: GET / 404 0ms
[2026-08-27T10:17:12.266Z] INFO: GET /index.html 404 1ms
[2026-08-27T10:17:13.279Z] INFO: GET / 404 1ms
[2026-08-27T10:17:13.280Z] INFO: GET /index.html 404 0ms
[2026-08-27T10:17:14.297Z] INFO: GET / 404 1ms
[2026-08-27T10:17:14.298Z] INFO: GET /index.html 404 1ms
[2026-08-27T10:17:15.309Z] INFO: GET / 404 1ms
[2026-08-27T10:17:15.310Z] INFO: GET /index.html 404 1ms
[2026-08-27T10:17:16.320Z] INFO: GET /index.html 404 1ms
[2026-08-27T10:17:16.320Z] INFO: GET / 404 1ms
[2026-08-27T10:17:17.334Z] INFO: GET / 404 0ms
[2026-08-27T10:17:17.335Z] INFO: GET /index.html 404 1ms
[2026-08-27T10:17:18.344Z] INFO: GET / 404 1ms
[2026-08-27T10:17:18.344Z] INFO: GET /index.html 404 0ms
[2026-08-27T10:17:19.350Z] INFO: GET / 404 1ms
[2026-08-27T10:17:19.350Z] INFO: GET /index.html 404 1ms
[2026-08-27T10:17:20.353Z] INFO: GET / 404 1ms
[2026-08-27T10:17:20.354Z] INFO: GET /index.html 404 1ms
[2026-08-27T10:17:21.372Z] INFO: GET / 404 1ms
[2026-08-27T10:17:21.374Z] INFO: GET /index.html 404 1ms
[2026-08-27T10:17:22.381Z] INFO: GET / 404 0ms
[2026-08-27T10:17:22.382Z] INFO: GET /index.html 404 0ms
[2026-08-27T10:17:23.392Z] INFO: GET / 404 1ms
[2026-08-27T10:17:23.394Z] INFO: GET /index.html 404 0ms
[2026-08-27T10:17:24.411Z] INFO: GET /index.html 404 0ms
[2026-08-27T10:17:24.411Z] INFO: GET / 404 0ms
[2026-08-27T10:17:25.423Z] INFO: GET / 404 1ms
[2026-08-27T10:17:25.423Z] INFO: GET /index.html 404 0ms
[2026-08-27T10:17:26.434Z] INFO: GET / 404 1ms
[2026-08-27T10:17:26.435Z] INFO: GET /index.html 404 0ms
[2026-08-27T10:17:27.454Z] INFO: GET / 404 1ms
[2026-08-27T10:17:27.454Z] INFO: GET /index.html 404 0ms
[2026-08-27T10:17:28.465Z] INFO: GET / 404 1ms
[2026-08-27T10:17:28.465Z] INFO: GET /index.html 404 1ms
[2026-08-27T10:17:29.477Z] INFO: GET / 404 1ms
[2026-08-27T10:17:29.477Z] INFO: GET /index.html 404 1ms
[2026-08-27T10:17:30.490Z] INFO: GET / 404 1ms
[2026-08-27T10:17:30.493Z] INFO: GET /index.html 404 2ms
[2026-08-27T10:17:48.578Z] INFO: Server listening on port 5174
[2026-08-27T10:17:48.580Z] INFO: Database connected
[2026-08-27T10:17:48.930Z] INFO: GET / 404 10ms
[2026-08-27T10:17:48.939Z] INFO: GET /index.html 404 1ms
[2026-08-27T10:17:49.951Z] INFO: GET / 404 1ms
[2026-08-27T10:17:49.955Z] INFO: GET /index.html 404 1ms
[2026-08-27T10:17:50.964Z] INFO: GET / 404 1ms
[2026-08-27T10:17:50.969Z] INFO: GET /index.html 404 3ms
[2026-08-27T10:17:51.975Z] INFO: GET / 404 2ms
[2026-08-27T10:17:51.979Z] INFO: GET /index.html 404 2ms
[2026-08-27T10:17:52.988Z] INFO: GET / 404 3ms
[2026-08-27T10:17:52.992Z] INFO: GET /index.html 404 1ms
[2026-08-27T10:17:54.004Z] INFO: GET / 404 2ms
[2026-08-27T10:17:54.008Z] INFO: GET /index.html 404 1ms
[2026-08-27T10:17:55.023Z] INFO: GET / 404 1ms
[2026-08-27T10:17:55.024Z] INFO: GET /index.html 404 2ms
[2026-08-27T10:17:56.033Z] INFO: GET / 404 1ms
[2026-08-27T10:17:56.034Z] INFO: GET /index.html 404 1ms
[2026-08-27T10:17:57.048Z] INFO: GET / 404 1ms
[2026-08-27T10:17:57.049Z] INFO: GET /index.html 404 1ms
[2026-08-27T10:17:58.064Z] INFO: GET / 404 1ms
[2026-08-27T10:17:58.064Z] INFO: GET /index.html 404 1ms
[2026-08-27T10:17:59.078Z] INFO: GET / 404 2ms
[2026-08-27T10:17:59.078Z] INFO: GET /index.html 404 1ms
[2026-08-27T10:18:00.086Z] INFO: GET / 404 1ms
[2026-08-27T10:18:00.087Z] INFO: GET /index.html 404 1ms
[2026-08-27T10:18:01.092Z] INFO: GET /index.html 404 0ms
[2026-08-27T10:18:01.092Z] INFO: GET / 404 1ms
[2026-08-27T10:18:02.102Z] INFO: GET / 404 1ms
[2026-08-27T10:18:02.105Z] INFO: GET /index.html 404 1ms
[2026-08-27T10:18:03.112Z] INFO: GET / 404 1ms
[2026-08-27T10:18:03.112Z] INFO: GET /index.html 404 1ms
[2026-08-27T10:18:04.129Z] INFO: GET / 404 1ms
[2026-08-27T10:18:04.129Z] INFO: GET /index.html 404 2ms
[2026-08-27T10:18:05.137Z] INFO: GET / 404 1ms
[2026-08-27T10:18:05.140Z] INFO: GET /index.html 404 1ms
[2026-08-27T10:18:06.152Z] INFO: GET / 404 1ms
[2026-08-27T10:18:06.152Z] INFO: GET /index.html 404 1ms
[2026-08-27T10:18:07.162Z] INFO: GET / 404 1ms
[2026-08-27T10:18:07.163Z] INFO: GET /index.html 404 0ms
[2026-08-27T10:18:08.176Z] INFO: GET / 404 1ms
[2026-08-27T10:18:08.178Z] INFO: GET /index.html 404 1ms
[2026-08-27T10:18:09.193Z] INFO: GET / 404 0ms
[2026-08-27T10:18:09.193Z] INFO: GET /index.html 404 1ms
[2026-08-27T10:18:10.204Z] INFO: GET / 404 1ms
[2026-08-27T10:18:10.205Z] INFO: GET /index.html 404 1ms
[2026-08-27T10:18:11.220Z] INFO: GET / 404 0ms
[2026-08-27T10:18:11.222Z] INFO: GET /index.html 404 0ms
[2026-08-27T10:18:12.231Z] INFO: GET / 404 1ms
[2026-08-27T10:18:12.233Z] INFO: GET /index.html 404 1ms
[2026-08-27T10:18:13.246Z] INFO: GET / 404 1ms
[2026-08-27T10:18:13.247Z] INFO: GET /index.html 404 1ms
[2026-08-27T10:18:14.262Z] INFO: GET / 404 1ms
[2026-08-27T10:18:14.262Z] INFO: GET /index.html 404 1ms
[2026-08-27T10:18:15.276Z] INFO: GET / 404 1ms
[2026-08-27T10:18:15.279Z] INFO: GET /index.html 404 2ms
[2026-08-27T10:18:16.289Z] INFO: GET / 404 1ms
[2026-08-27T10:18:16.290Z] INFO: GET /index.html 404 1ms
[2026-08-27T10:18:17.301Z] INFO: GET / 404 0ms
[2026-08-27T10:18:17.303Z] INFO: GET /index.html 404 1ms
[2026-08-27T10:18:18.312Z] INFO: GET / 404 1ms
[2026-08-27T10:18:18.313Z] INFO: GET /index.html 404 1ms
[2026-08-27T10:18:19.330Z] INFO: GET / 404 1ms
[2026-08-27T10:18:19.331Z] INFO: GET /index.html 404 1ms
[2026-08-27T10:18:20.347Z] INFO: GET / 404 2ms
[2026-08-27T10:18:20.350Z] INFO: GET /index.html 404 1ms
[2026-08-27T10:18:21.371Z] INFO: GET / 404 2ms
[2026-08-27T10:18:21.372Z] INFO: GET /index.html 404 2ms
[2026-08-27T10:18:22.378Z] INFO: GET / 404 1ms
[2026-08-27T10:18:22.379Z] INFO: GET /index.html 404 1ms
[2026-08-27T10:18:23.390Z] INFO: GET / 404 1ms
[2026-08-27T10:18:23.391Z] INFO: GET /index.html 404 1ms
[2026-08-27T10:18:24.409Z] INFO: GET / 404 1ms
[2026-08-27T10:18:24.410Z] INFO: GET /index.html 404 1ms
[2026-08-27T10:18:25.416Z] INFO: GET / 404 1ms
[2026-08-27T10:18:25.417Z] INFO: GET /index.html 404 2ms
[2026-08-27T10:18:26.427Z] INFO: GET / 404 1ms
[2026-08-27T10:18:26.428Z] INFO: GET /index.html 404 1ms
[2026-08-27T10:18:27.440Z] INFO: GET / 404 1ms
[2026-08-27T10:18:27.441Z] INFO: GET /index.html 404 0ms
[2026-08-27T10:18:28.452Z] INFO: GET / 404 1ms
[2026-08-27T10:18:28.453Z] INFO: GET /index.html 404 1ms
[2026-08-27T10:18:29.466Z] INFO: GET / 404 0ms
[2026-08-27T10:18:29.466Z] INFO: GET /index.html 404 1ms
[2026-08-27T10:18:30.482Z] INFO: GET / 404 0ms
[2026-08-27T10:18:30.483Z] INFO: GET /index.html 404 1ms
[2026-08-27T10:18:31.500Z] INFO: GET / 404 0ms
[2026-08-27T10:18:31.501Z] INFO: GET /index.html 404 0ms
[2026-08-27T10:18:32.518Z] INFO: GET / 404 1ms
[2026-08-27T10:18:32.518Z] INFO: GET /index.html 404 0ms
[2026-08-27T10:18:33.530Z] INFO: GET / 404 1ms
[2026-08-27T10:18:33.531Z] INFO: GET /index.html 404 1ms
[2026-08-27T10:18:34.546Z] INFO: GET / 404 0ms
[2026-08-27T10:18:34.548Z] INFO: GET /index.html 404 1ms
[2026-08-27T10:18:35.560Z] INFO: GET /index.html 404 0ms
[2026-08-27T10:18:35.560Z] INFO: GET / 404 1ms
[2026-08-27T10:18:36.589Z] INFO: GET / 404 1ms
[2026-08-27T10:18:36.591Z] INFO: GET /index.html 404 1ms
[2026-08-27T10:18:37.590Z] INFO: GET / 404 1ms
[2026-08-27T10:18:37.591Z] INFO: GET /index.html 404 1ms
[2026-08-27T10:18:38.606Z] INFO: GET / 404 1ms
[2026-08-27T10:18:38.606Z] INFO: GET /index.html 404 1ms
[2026-08-27T10:18:39.618Z] INFO: GET / 404 0ms
[2026-08-27T10:18:39.618Z] INFO: GET /index.html 404 0ms
[2026-08-27T10:18:40.636Z] INFO: GET / 404 1ms
[2026-08-27T10:18:40.636Z] INFO: GET /index.html 404 1ms
[2026-08-27T10:18:41.648Z] INFO: GET / 404 0ms
[2026-08-27T10:18:41.648Z] INFO: GET /index.html 404 0ms
[2026-08-27T10:18:42.663Z] INFO: GET / 404 1ms
[2026-08-27T10:18:42.663Z] INFO: GET /index.html 404 1ms
[2026-08-27T10:18:43.682Z] INFO: GET / 404 1ms
[2026-08-27T10:18:43.682Z] INFO: GET /index.html 404 1ms
[2026-08-27T10:18:44.692Z] INFO: GET /index.html 404 0ms
[2026-08-27T10:18:44.692Z] INFO: GET / 404 0ms
[2026-08-27T10:18:45.709Z] INFO: GET / 404 0ms
[2026-08-27T10:18:45.710Z] INFO: GET /index.html 404 1ms
[2026-08-27T10:19:03.783Z] INFO: Server listening on port 5174
[2026-08-27T10:19:03.780Z] INFO: Database connected
[2026-08-27T10:19:04.031Z] INFO: GET / 404 5ms
[2026-08-27T10:19:04.035Z] INFO: GET /index.html 404 1ms
[2026-08-27T10:19:05.055Z] INFO: GET / 404 1ms
[2026-08-27T10:19:05.056Z] INFO: GET /index.html 404 0ms
[2026-08-27T10:19:06.073Z] INFO: GET / 404 1ms
[2026-08-27T10:19:06.073Z] INFO: GET /index.html 404 1ms
[2026-08-27T10:19:07.085Z] INFO: GET / 404 1ms
[2026-08-27T10:19:07.086Z] INFO: GET /index.html 404 0ms
[2026-08-27T10:19:08.103Z] INFO: GET / 404 1ms
[2026-08-27T10:19:08.105Z] INFO: GET /index.html 404 0ms
[2026-08-27T10:19:09.119Z] INFO: GET / 404 1ms
[2026-08-27T10:19:09.122Z] INFO: GET /index.html 404 1ms
[2026-08-27T10:19:10.134Z] INFO: GET / 404 2ms
[2026-08-27T10:19:10.135Z] INFO: GET /index.html 404 1ms
[2026-08-27T10:19:11.145Z] INFO: GET / 404 2ms
[2026-08-27T10:19:11.145Z] INFO: GET /index.html 404 0ms
[2026-08-27T10:19:12.151Z] INFO: GET / 404 0ms
[2026-08-27T10:19:12.152Z] INFO: GET /index.html 404 1ms
[2026-08-27T10:19:13.169Z] INFO: GET / 404 2ms
[2026-08-27T10:19:13.169Z] INFO: GET /index.html 404 1ms
[2026-08-27T10:19:14.181Z] INFO: GET / 404 1ms
[2026-08-27T10:19:14.182Z] INFO: GET /index.html 404 0ms
[2026-08-27T10:19:15.199Z] INFO: GET / 404 0ms
[2026-08-27T10:19:15.201Z] INFO: GET /index.html 404 0ms
[2026-08-27T10:19:16.219Z] INFO: GET / 404 1ms
[2026-08-27T10:19:16.220Z] INFO: GET /index.html 404 1ms
[2026-08-27T10:19:17.236Z] INFO: GET / 404 0ms
[2026-08-27T10:19:17.237Z] INFO: GET /index.html 404 1ms
[2026-08-27T10:19:18.257Z] INFO: GET / 404 1ms
[2026-08-27T10:19:18.257Z] INFO: GET /index.html 404 0ms
[2026-08-27T10:19:19.263Z] INFO: GET / 404 0ms
[2026-08-27T10:19:19.263Z] INFO: GET /index.html 404 1ms
[2026-08-27T10:19:20.274Z] INFO: GET / 404 0ms
[2026-08-27T10:19:20.276Z] INFO: GET /index.html 404 0ms
[2026-08-27T10:19:21.293Z] INFO: GET / 404 0ms
[2026-08-27T10:19:21.293Z] INFO: GET /index.html 404 0ms
[2026-08-27T10:19:22.305Z] INFO: GET / 404 1ms
[2026-08-27T10:19:22.307Z] INFO: GET /index.html 404 0ms
[2026-08-27T10:19:23.322Z] INFO: GET / 404 1ms
[2026-08-27T10:19:23.322Z] INFO: GET /index.html 404 1ms
[2026-08-27T10:19:24.338Z] INFO: GET / 404 1ms
[2026-08-27T10:19:24.338Z] INFO: GET /index.html 404 0ms
[2026-08-27T10:19:25.351Z] INFO: GET / 404 0ms
[2026-08-27T10:19:25.352Z] INFO: GET /index.html 404 0ms
[2026-08-27T10:19:26.369Z] INFO: GET / 404 0ms
[2026-08-27T10:19:26.369Z] INFO: GET /index.html 404 1ms
[2026-08-27T10:19:27.386Z] INFO: GET / 404 1ms
[2026-08-27T10:19:27.388Z] INFO: GET /index.html 404 1ms
[2026-08-27T10:19:28.403Z] INFO: GET / 404 1ms
[2026-08-27T10:19:28.404Z] INFO: GET /index.html 404 1ms
[2026-08-27T10:19:29.417Z] INFO: GET / 404 1ms
[2026-08-27T10:19:29.418Z] INFO: GET /index.html 404 1ms
[2026-08-27T10:19:30.424Z] INFO: GET / 404 1ms
[2026-08-27T10:19:30.424Z] INFO: GET /index.html 404 1ms
[2026-08-27T10:19:31.439Z] INFO: GET /index.html 404 0ms
[2026-08-27T10:19:31.439Z] INFO: GET / 404 0ms
[2026-08-27T10:19:32.455Z] INFO: GET / 404 1ms
[2026-08-27T10:19:32.456Z] INFO: GET /index.html 404 1ms
[2026-08-27T10:19:33.470Z] INFO: GET / 404 1ms
[2026-08-27T10:19:33.472Z] INFO: GET /index.html 404 1ms
[2026-08-27T10:19:34.487Z] INFO: GET / 404 0ms
[2026-08-27T10:19:34.487Z] INFO: GET /index.html 404 0ms
[2026-08-27T10:19:35.502Z] INFO: GET / 404 0ms
[2026-08-27T10:19:35.502Z] INFO: GET /index.html 404 0ms
[2026-08-27T10:19:36.517Z] INFO: GET / 404 1ms
[2026-08-27T10:19:36.517Z] INFO: GET /index.html 404 1ms
[2026-08-27T10:19:37.531Z] INFO: GET / 404 1ms
[2026-08-27T10:19:37.531Z] INFO: GET /index.html 404 1ms
[2026-08-27T10:19:38.545Z] INFO: GET / 404 1ms
[2026-08-27T10:19:38.545Z] INFO: GET /index.html 404 1ms
[2026-08-27T10:19:39.561Z] INFO: GET / 404 1ms
[2026-08-27T10:19:39.562Z] INFO: GET /index.html 404 0ms
[2026-08-27T10:19:40.575Z] INFO: GET / 404 0ms
[2026-08-27T10:19:40.575Z] INFO: GET /index.html 404 0ms
[2026-08-27T10:19:41.588Z] INFO: GET / 404 1ms
[2026-08-27T10:19:41.588Z] INFO: GET /index.html 404 1ms
[2026-08-27T10:19:42.605Z] INFO: GET / 404 1ms
[2026-08-27T10:19:42.605Z] INFO: GET /index.html 404 1ms
[2026-08-27T10:19:43.620Z] INFO: GET / 404 1ms
[2026-08-27T10:19:43.620Z] INFO: GET /index.html 404 1ms
[2026-08-27T10:19:44.674Z] INFO: GET / 404 1ms
[2026-08-27T10:19:44.681Z] INFO: GET /index.html 404 1ms
[2026-08-27T10:19:45.674Z] INFO: GET /index.html 404 1ms
[2026-08-27T10:19:45.674Z] INFO: GET / 404 1ms
[2026-08-27T10:19:46.689Z] INFO: GET / 404 1ms
[2026-08-27T10:19:46.689Z] INFO: GET /index.html 404 0ms
[2026-08-27T10:19:47.707Z] INFO: GET / 404 0ms
[2026-08-27T10:19:47.708Z] INFO: GET /index.html 404 0ms
[2026-08-27T10:19:48.723Z] INFO: GET / 404 1ms
[2026-08-27T10:19:48.724Z] INFO: GET /index.html 404 1ms
[2026-08-27T10:19:49.739Z] INFO: GET / 404 0ms
[2026-08-27T10:19:49.739Z] INFO: GET /index.html 404 1ms
[2026-08-27T10:19:50.758Z] INFO: GET / 404 1ms
[2026-08-27T10:19:50.758Z] INFO: GET /index.html 404 1ms
[2026-08-27T10:19:51.767Z] INFO: GET / 404 0ms
[2026-08-27T10:19:51.767Z] INFO: GET /index.html 404 0ms
[2026-08-27T10:19:52.820Z] INFO: GET / 404 11ms
[2026-08-27T10:19:52.835Z] INFO: GET /index.html 404 0ms
[2026-08-27T10:19:53.816Z] INFO: GET / 404 1ms
[2026-08-27T10:19:53.817Z] INFO: GET /index.html 404 0ms
[2026-08-27T10:19:54.831Z] INFO: GET / 404 1ms
[2026-08-27T10:19:54.832Z] INFO: GET /index.html 404 0ms
[2026-08-27T10:19:55.849Z] INFO: GET / 404 1ms
[2026-08-27T10:19:55.849Z] INFO: GET /index.html 404 1ms
[2026-08-27T10:19:56.865Z] INFO: GET / 404 0ms
[2026-08-27T10:19:56.865Z] INFO: GET /index.html 404 0ms
[2026-08-27T10:19:57.870Z] INFO: GET / 404 0ms
[2026-08-27T10:19:57.871Z] INFO: GET /index.html 404 0ms
[2026-08-27T10:19:58.889Z] INFO: GET / 404 1ms
[2026-08-27T10:19:58.889Z] INFO: GET /index.html 404 0ms
[2026-08-27T10:19:59.908Z] INFO: GET / 404 1ms
[2026-08-27T10:19:59.909Z] INFO: GET /index.html 404 1ms
[2026-08-27T10:21:59.259Z] INFO: Database connected
[2026-08-27T10:21:59.255Z] INFO: Server listening on port 3000
[2026-08-27T10:21:59.555Z] INFO: GET / 404 7ms
[2026-08-27T10:21:59.560Z] INFO: GET /index.html 404 1ms
[2026-08-27T10:22:00.572Z] INFO: GET / 404 1ms
[2026-08-27T10:22:00.577Z] INFO: GET /index.html 404 2ms
[2026-08-27T10:22:01.584Z] INFO: GET / 404 1ms
[2026-08-27T10:22:01.587Z] INFO: GET /index.html 404 1ms
[2026-08-27T10:22:02.602Z] INFO: GET / 404 1ms
[2026-08-27T10:22:02.603Z] INFO: GET /index.html 404 1ms
[2026-08-27T10:22:03.606Z] INFO: GET / 404 1ms
[2026-08-27T10:22:03.606Z] INFO: GET /index.html 404 1ms
[2026-08-27T10:22:04.623Z] INFO: GET / 404 1ms
[2026-08-27T10:22:04.624Z] INFO: GET /index.html 404 1ms
[2026-08-27T10:22:05.631Z] INFO: GET / 404 1ms
[2026-08-27T10:22:05.632Z] INFO: GET /index.html 404 1ms
[2026-08-27T10:22:06.641Z] INFO: GET / 404 1ms
[2026-08-27T10:22:06.641Z] INFO: GET /index.html 404 1ms
[2026-08-27T10:22:07.657Z] INFO: GET / 404 1ms
[2026-08-27T10:22:07.657Z] INFO: GET /index.html 404 0ms
[2026-08-27T10:22:08.662Z] INFO: GET / 404 1ms
[2026-08-27T10:22:08.662Z] INFO: GET /index.html 404 1ms
[2026-08-27T10:22:09.677Z] INFO: GET / 404 1ms
[2026-08-27T10:22:09.678Z] INFO: GET /index.html 404 0ms
[2026-08-27T10:22:10.688Z] INFO: GET / 404 1ms
[2026-08-27T10:22:10.688Z] INFO: GET /index.html 404 1ms
[2026-08-27T10:22:11.704Z] INFO: GET / 404 0ms
[2026-08-27T10:22:11.705Z] INFO: GET /index.html 404 0ms
[2026-08-27T10:22:12.722Z] INFO: GET / 404 0ms
[2026-08-27T10:22:12.723Z] INFO: GET /index.html 404 1ms
[2026-08-27T10:22:13.736Z] INFO: GET / 404 0ms
[2026-08-27T10:22:13.736Z] INFO: GET /index.html 404 0ms
[2026-08-27T10:22:14.749Z] INFO: GET / 404 1ms
[2026-08-27T10:22:14.750Z] INFO: GET /index.html 404 0ms
[2026-08-27T10:22:15.765Z] INFO: GET / 404 1ms
[2026-08-27T10:22:15.766Z] INFO: GET /index.html 404 1ms
[2026-08-27T10:22:16.778Z] INFO: GET / 404 0ms
[2026-08-27T10:22:16.779Z] INFO: GET /index.html 404 1ms
[2026-08-27T10:22:17.793Z] INFO: GET / 404 1ms
[2026-08-27T10:22:17.795Z] INFO: GET /index.html 404 0ms
[2026-08-27T10:22:18.808Z] INFO: GET / 404 0ms
[2026-08-27T10:22:18.809Z] INFO: GET /index.html 404 0ms
[2026-08-27T10:22:19.823Z] INFO: GET / 404 0ms
[2026-08-27T10:22:19.824Z] INFO: GET /index.html 404 0ms
[2026-08-27T10:22:20.836Z] INFO: GET / 404 1ms
[2026-08-27T10:22:20.838Z] INFO: GET /index.html 404 1ms
[2026-08-27T10:22:21.850Z] INFO: GET / 404 1ms
[2026-08-27T10:22:21.851Z] INFO: GET /index.html 404 1ms
[2026-08-27T10:22:22.870Z] INFO: GET / 404 0ms
[2026-08-27T10:22:22.871Z] INFO: GET /index.html 404 0ms
[2026-08-27T10:22:23.888Z] INFO: GET / 404 0ms
[2026-08-27T10:22:23.888Z] INFO: GET /index.html 404 0ms
[2026-08-27T10:22:24.903Z] INFO: GET / 404 1ms
[2026-08-27T10:22:24.903Z] INFO: GET /index.html 404 0ms
[2026-08-27T10:22:25.919Z] INFO: GET / 404 1ms
[2026-08-27T10:22:25.920Z] INFO: GET /index.html 404 1ms
[2026-08-27T10:22:26.937Z] INFO: GET / 404 1ms
[2026-08-27T10:22:26.940Z] INFO: GET /index.html 404 1ms
[2026-08-27T10:22:27.951Z] INFO: GET / 404 1ms
[2026-08-27T10:22:27.953Z] INFO: GET /index.html 404 1ms
[2026-08-27T10:22:28.967Z] INFO: GET / 404 1ms
[2026-08-27T10:22:28.967Z] INFO: GET /index.html 404 1ms
[2026-08-27T10:22:29.980Z] INFO: GET / 404 1ms
[2026-08-27T10:22:29.980Z] INFO: GET /index.html 404 1ms
[2026-08-27T10:22:30.998Z] INFO: GET / 404 1ms
[2026-08-27T10:22:30.999Z] INFO: GET /index.html 404 1ms
[2026-08-27T10:22:32.014Z] INFO: GET / 404 0ms
[2026-08-27T10:22:32.015Z] INFO: GET /index.html 404 0ms
[2026-08-27T10:22:33.027Z] INFO: GET /index.html 404 0ms
[2026-08-27T10:22:33.028Z] INFO: GET / 404 0ms
[2026-08-27T10:22:34.039Z] INFO: GET / 404 0ms
[2026-08-27T10:22:34.039Z] INFO: GET /index.html 404 0ms
[2026-08-27T10:22:35.056Z] INFO: GET / 404 1ms
[2026-08-27T10:22:35.056Z] INFO: GET /index.html 404 0ms
[2026-08-27T10:22:36.070Z] INFO: GET / 404 1ms
[2026-08-27T10:22:36.071Z] INFO: GET /index.html 404 1ms
[2026-08-27T10:22:37.087Z] INFO: GET / 404 1ms
[2026-08-27T10:22:37.087Z] INFO: GET /index.html 404 1ms
[2026-08-27T10:22:38.140Z] INFO: GET / 404 1ms
[2026-08-27T10:22:38.140Z] INFO: GET /index.html 404 2ms
[2026-08-27T10:22:39.157Z] INFO: GET / 404 1ms
[2026-08-27T10:22:39.158Z] INFO: GET /index.html 404 0ms
[2026-08-27T10:22:40.172Z] INFO: GET / 404 0ms
[2026-08-27T10:22:40.172Z] INFO: GET /index.html 404 0ms
[2026-08-27T10:22:41.187Z] INFO: GET / 404 1ms
[2026-08-27T10:22:41.187Z] INFO: GET /index.html 404 1ms
[2026-08-27T10:22:42.198Z] INFO: GET / 404 1ms
[2026-08-27T10:22:42.199Z] INFO: GET /index.html 404 0ms
[2026-08-27T10:22:43.216Z] INFO: GET / 404 0ms
[2026-08-27T10:22:43.221Z] INFO: GET /index.html 404 1ms
[2026-08-27T10:22:44.231Z] INFO: GET / 404 1ms
[2026-08-27T10:22:44.231Z] INFO: GET /index.html 404 0ms
[2026-08-27T10:22:45.247Z] INFO: GET / 404 0ms
[2026-08-27T10:22:45.250Z] INFO: GET /index.html 404 1ms
[2026-08-27T10:22:46.253Z] INFO: GET / 404 1ms
[2026-08-27T10:22:46.254Z] INFO: GET /index.html 404 1ms
[2026-08-27T10:22:47.258Z] INFO: GET / 404 1ms
[2026-08-27T10:22:47.259Z] INFO: GET /index.html 404 1ms
[2026-08-27T10:22:48.276Z] INFO: GET / 404 1ms
[2026-08-27T10:22:48.277Z] INFO: GET /index.html 404 0ms
[2026-08-27T10:22:49.291Z] INFO: GET / 404 1ms
[2026-08-27T10:22:49.294Z] INFO: GET /index.html 404 1ms
[2026-08-27T10:22:50.307Z] INFO: GET / 404 0ms
[2026-08-27T10:22:50.308Z] INFO: GET /index.html 404 0ms
[2026-08-27T10:22:51.329Z] INFO: GET / 404 1ms
[2026-08-27T10:22:51.330Z] INFO: GET /index.html 404 1ms
[2026-08-27T10:22:52.344Z] INFO: GET /index.html 404 1ms
[2026-08-27T10:22:52.344Z] INFO: GET / 404 1ms
[2026-08-27T10:22:53.359Z] INFO: GET / 404 1ms
[2026-08-27T10:22:53.361Z] INFO: GET /index.html 404 1ms
[2026-08-27T10:22:54.391Z] INFO: GET / 404 1ms
[2026-08-27T10:22:54.393Z] INFO: GET /index.html 404 1ms
[2026-08-27T10:22:55.410Z] INFO: GET / 404 1ms
[2026-08-27T10:22:55.410Z] INFO: GET /index.html 404 1ms
[2026-08-27T10:36:02.613Z] INFO: Server listening on port 3000
[2026-08-27T10:36:02.610Z] INFO: Database connected
[2026-08-27T10:36:02.891Z] INFO: GET / 404 10ms
[2026-08-27T10:36:02.900Z] INFO: GET /index.html 404 1ms
[2026-08-27T10:36:03.909Z] INFO: GET / 404 1ms
[2026-08-27T10:36:03.910Z] INFO: GET /index.html 404 2ms
[2026-08-27T10:36:04.924Z] INFO: GET / 404 1ms
[2026-08-27T10:36:04.928Z] INFO: GET /index.html 404 2ms
[2026-08-27T10:36:05.934Z] INFO: GET / 404 1ms
[2026-08-27T10:36:05.937Z] INFO: GET /index.html 404 1ms
[2026-08-27T10:36:06.943Z] INFO: GET / 404 2ms
[2026-08-27T10:36:06.945Z] INFO: GET /index.html 404 0ms
[2026-08-27T10:36:07.962Z] INFO: GET / 404 1ms
[2026-08-27T10:36:07.963Z] INFO: GET /index.html 404 0ms
[2026-08-27T10:36:08.982Z] INFO: GET / 404 2ms
[2026-08-27T10:36:08.985Z] INFO: GET /index.html 404 1ms
[2026-08-27T10:36:09.993Z] INFO: GET / 404 1ms
[2026-08-27T10:36:09.994Z] INFO: GET /index.html 404 1ms
[2026-08-27T10:36:11.003Z] INFO: GET / 404 1ms
[2026-08-27T10:36:11.004Z] INFO: GET /index.html 404 0ms
[2026-08-27T10:36:12.020Z] INFO: GET / 404 1ms
[2026-08-27T10:36:12.021Z] INFO: GET /index.html 404 1ms
[2026-08-27T10:36:13.031Z] INFO: GET / 404 1ms
[2026-08-27T10:36:13.032Z] INFO: GET /index.html 404 1ms
[2026-08-27T10:36:14.040Z] INFO: GET / 404 0ms
[2026-08-27T10:36:14.041Z] INFO: GET /index.html 404 0ms
[2026-08-27T10:36:15.062Z] INFO: GET / 404 2ms
[2026-08-27T10:36:15.062Z] INFO: GET /index.html 404 0ms
[2026-08-27T10:36:16.079Z] INFO: GET / 404 1ms
[2026-08-27T10:36:16.080Z] INFO: GET /index.html 404 1ms
[2026-08-27T10:36:17.088Z] INFO: GET / 404 1ms
[2026-08-27T10:36:17.089Z] INFO: GET /index.html 404 1ms
[2026-08-27T10:36:18.105Z] INFO: GET / 404 1ms
[2026-08-27T10:36:18.105Z] INFO: GET /index.html 404 1ms
[2026-08-27T10:36:19.120Z] INFO: GET / 404 0ms
[2026-08-27T10:36:19.120Z] INFO: GET /index.html 404 0ms
[2026-08-27T10:36:20.133Z] INFO: GET / 404 1ms
[2026-08-27T10:36:20.133Z] INFO: GET /index.html 404 0ms
[2026-08-27T10:36:21.144Z] INFO: GET / 404 0ms
[2026-08-27T10:36:21.144Z] INFO: GET /index.html 404 1ms
[2026-08-27T10:36:22.154Z] INFO: GET / 404 1ms
[2026-08-27T10:36:22.155Z] INFO: GET /index.html 404 0ms
[2026-08-27T10:36:23.169Z] INFO: GET / 404 1ms
[2026-08-27T10:36:23.170Z] INFO: GET /index.html 404 1ms
[2026-08-27T10:36:24.186Z] INFO: GET / 404 0ms
[2026-08-27T10:36:24.187Z] INFO: GET /index.html 404 1ms
[2026-08-27T10:36:25.198Z] INFO: GET / 404 1ms
[2026-08-27T10:36:25.198Z] INFO: GET /index.html 404 1ms
[2026-08-27T10:36:26.211Z] INFO: GET / 404 1ms
[2026-08-27T10:36:26.213Z] INFO: GET /index.html 404 1ms
[2026-08-27T10:36:27.217Z] INFO: GET / 404 1ms
[2026-08-27T10:36:27.218Z] INFO: GET /index.html 404 1ms
[2026-08-27T10:36:28.227Z] INFO: GET / 404 1ms
[2026-08-27T10:36:28.228Z] INFO: GET /index.html 404 0ms
[2026-08-27T10:36:29.240Z] INFO: GET / 404 0ms
[2026-08-27T10:36:29.240Z] INFO: GET /index.html 404 1ms
[2026-08-27T10:36:30.258Z] INFO: GET / 404 1ms
[2026-08-27T10:36:30.259Z] INFO: GET /index.html 404 0ms
[2026-08-27T10:36:31.273Z] INFO: GET / 404 0ms
[2026-08-27T10:36:31.274Z] INFO: GET /index.html 404 0ms
[2026-08-27T10:36:32.289Z] INFO: GET / 404 1ms
[2026-08-27T10:36:32.290Z] INFO: GET /index.html 404 2ms
[2026-08-27T10:36:33.313Z] INFO: GET / 404 0ms
[2026-08-27T10:36:33.318Z] INFO: GET /index.html 404 1ms
[2026-08-27T10:36:34.344Z] INFO: GET / 404 0ms
[2026-08-27T10:36:34.345Z] INFO: GET /index.html 404 1ms
[2026-08-27T10:36:35.357Z] INFO: GET / 404 0ms
[2026-08-27T10:36:35.360Z] INFO: GET /index.html 404 1ms
[2026-08-27T10:36:36.379Z] INFO: GET / 404 1ms
[2026-08-27T10:36:36.379Z] INFO: GET /index.html 404 1ms
[2026-08-27T10:36:37.395Z] INFO: GET / 404 1ms
[2026-08-27T10:36:37.395Z] INFO: GET /index.html 404 0ms
[2026-08-27T10:36:38.403Z] INFO: GET / 404 1ms
[2026-08-27T10:36:38.404Z] INFO: GET /index.html 404 1ms
[2026-08-27T10:36:39.415Z] INFO: GET / 404 0ms
[2026-08-27T10:36:39.417Z] INFO: GET /index.html 404 1ms
[2026-08-27T10:36:40.431Z] INFO: GET /index.html 404 1ms
[2026-08-27T10:36:40.430Z] INFO: GET / 404 1ms
[2026-08-27T10:36:41.432Z] INFO: GET / 404 0ms
[2026-08-27T10:36:41.434Z] INFO: GET /index.html 404 1ms
[2026-08-27T10:36:42.450Z] INFO: GET / 404 1ms
[2026-08-27T10:36:42.450Z] INFO: GET /index.html 404 0ms
[2026-08-27T10:36:43.467Z] INFO: GET / 404 0ms
[2026-08-27T10:36:43.474Z] INFO: GET /index.html 404 1ms
[2026-08-27T10:36:44.482Z] INFO: GET / 404 1ms
[2026-08-27T10:36:44.483Z] INFO: GET /index.html 404 1ms
[2026-08-27T10:36:45.504Z] INFO: GET / 404 1ms
[2026-08-27T10:36:45.505Z] INFO: GET /index.html 404 3ms
[2026-08-27T10:36:46.515Z] INFO: GET / 404 0ms
[2026-08-27T10:36:46.515Z] INFO: GET /index.html 404 0ms
[2026-08-27T10:36:47.528Z] INFO: GET / 404 1ms
[2026-08-27T10:36:47.529Z] INFO: GET /index.html 404 1ms
[2026-08-27T10:36:48.544Z] INFO: GET / 404 1ms
[2026-08-27T10:36:48.547Z] INFO: GET /index.html 404 1ms
[2026-08-27T10:36:49.554Z] INFO: GET / 404 2ms
[2026-08-27T10:36:49.556Z] INFO: GET /index.html 404 1ms
[2026-08-27T10:36:50.563Z] INFO: GET / 404 1ms
[2026-08-27T10:36:50.564Z] INFO: GET /index.html 404 0ms
[2026-08-27T10:36:51.578Z] INFO: GET / 404 1ms
[2026-08-27T10:36:51.578Z] INFO: GET /index.html 404 2ms
[2026-08-27T10:36:52.614Z] INFO: GET / 404 1ms
[2026-08-27T10:36:52.627Z] INFO: GET /index.html 404 7ms
[2026-08-27T10:36:53.629Z] INFO: GET / 404 1ms
[2026-08-27T10:36:53.629Z] INFO: GET /index.html 404 0ms
[2026-08-27T10:36:54.643Z] INFO: GET / 404 2ms
[2026-08-27T10:36:54.643Z] INFO: GET /index.html 404 1ms
[2026-08-27T10:36:55.659Z] INFO: GET / 404 1ms
[2026-08-27T10:36:55.660Z] INFO: GET /index.html 404 1ms
[2026-08-27T10:36:56.667Z] INFO: GET / 404 2ms
[2026-08-27T10:36:56.670Z] INFO: GET /index.html 404 1ms
[2026-08-27T10:36:57.681Z] INFO: GET / 404 1ms
[2026-08-27T10:36:57.682Z] INFO: GET /index.html 404 2ms
[2026-08-27T11:07:29.257Z] INFO: Server listening on port 3000
[2026-08-27T11:07:29.259Z] INFO: Database connected
[2026-08-27T11:17:41.385Z] INFO: GET / 404 3ms
[2026-08-27T11:17:41.390Z] INFO: GET /index.html 404 1ms
[2026-08-27T11:17:41.439Z] INFO: GET / 404 1ms
[2026-08-27T11:17:41.441Z] INFO: GET /index.html 404 1ms
[2026-08-27T11:17:41.551Z] INFO: GET / 404 0ms
[2026-08-27T11:17:41.553Z] INFO: GET /index.html 404 0ms
[2026-08-27T11:17:41.818Z] INFO: GET / 404 1ms
[2026-08-27T11:17:41.819Z] INFO: GET /index.html 404 0ms
[2026-08-27T11:17:42.331Z] INFO: GET / 404 2ms
[2026-08-27T11:17:42.333Z] INFO: GET /index.html 404 0ms
[2026-08-27T11:17:43.343Z] INFO: GET / 404 0ms
[2026-08-27T11:17:43.344Z] INFO: GET /index.html 404 0ms
[2026-08-27T11:17:44.357Z] INFO: GET / 404 1ms
[2026-08-27T11:17:44.357Z] INFO: GET /index.html 404 1ms
[2026-08-27T12:40:45.142Z] INFO: Server listening on port 3000
[2026-08-27T12:40:45.144Z] INFO: Database connected
[2026-08-27T12:40:45.953Z] INFO: GET / 404 11ms
[2026-08-27T12:40:45.958Z] INFO: GET /index.html 404 1ms
[2026-08-27T12:40:46.976Z] INFO: GET / 404 1ms
[2026-08-27T12:40:46.980Z] INFO: GET /index.html 404 1ms
[2026-08-27T12:40:47.991Z] INFO: GET / 404 2ms
[2026-08-27T12:40:47.995Z] INFO: GET /index.html 404 1ms
[2026-08-27T12:40:49.008Z] INFO: GET / 404 3ms
[2026-08-27T12:40:49.009Z] INFO: GET /index.html 404 0ms
[2026-08-27T12:40:50.017Z] INFO: GET / 404 2ms
[2026-08-27T12:40:50.019Z] INFO: GET /index.html 404 0ms
[2026-08-27T12:40:51.030Z] INFO: GET / 404 1ms
[2026-08-27T12:40:51.030Z] INFO: GET /index.html 404 0ms
[2026-08-27T12:40:52.042Z] INFO: GET / 404 1ms
[2026-08-27T12:40:52.042Z] INFO: GET /index.html 404 0ms
[2026-08-27T12:40:53.058Z] INFO: GET / 404 2ms
[2026-08-27T12:40:53.059Z] INFO: GET /index.html 404 1ms
[2026-08-27T12:40:54.070Z] INFO: GET / 404 0ms
[2026-08-27T12:40:54.070Z] INFO: GET /index.html 404 1ms
[2026-08-27T12:40:55.085Z] INFO: GET / 404 0ms
[2026-08-27T12:40:55.085Z] INFO: GET /index.html 404 0ms
[2026-08-27T12:40:56.091Z] INFO: GET /index.html 404 1ms
[2026-08-27T12:40:56.090Z] INFO: GET / 404 1ms
[2026-08-27T12:40:57.097Z] INFO: GET / 404 2ms
[2026-08-27T12:40:57.098Z] INFO: GET /index.html 404 0ms
[2026-08-27T12:40:58.105Z] INFO: GET / 404 2ms
[2026-08-27T12:40:58.107Z] INFO: GET /index.html 404 1ms
[2026-08-27T12:40:59.125Z] INFO: GET / 404 1ms
[2026-08-27T12:40:59.126Z] INFO: GET /index.html 404 0ms
[2026-08-27T12:41:00.143Z] INFO: GET / 404 1ms
[2026-08-27T12:41:00.143Z] INFO: GET /index.html 404 1ms
[2026-08-27T12:41:01.152Z] INFO: GET / 404 1ms
[2026-08-27T12:41:01.152Z] INFO: GET /index.html 404 0ms
[2026-08-27T12:41:02.162Z] INFO: GET /index.html 404 0ms
[2026-08-27T12:41:02.162Z] INFO: GET / 404 0ms
[2026-08-27T12:41:03.176Z] INFO: GET / 404 1ms
[2026-08-27T12:41:03.177Z] INFO: GET /index.html 404 1ms
[2026-08-27T12:41:04.190Z] INFO: GET / 404 1ms
[2026-08-27T12:41:04.191Z] INFO: GET /index.html 404 0ms
[2026-08-27T12:41:05.216Z] INFO: GET / 404 1ms
[2026-08-27T12:41:05.216Z] INFO: GET /index.html 404 1ms
[2026-08-27T12:41:06.230Z] INFO: GET / 404 0ms
[2026-08-27T12:41:06.232Z] INFO: GET /index.html 404 1ms
[2026-08-27T12:41:07.244Z] INFO: GET / 404 1ms
[2026-08-27T12:41:07.245Z] INFO: GET /index.html 404 1ms
[2026-08-27T12:41:08.254Z] INFO: GET / 404 1ms
[2026-08-27T12:41:08.254Z] INFO: GET /index.html 404 1ms
[2026-08-27T12:41:09.269Z] INFO: GET / 404 1ms
[2026-08-27T12:41:09.269Z] INFO: GET /index.html 404 1ms
[2026-08-27T12:41:10.304Z] INFO: GET / 404 3ms
[2026-08-27T12:41:10.304Z] INFO: GET /index.html 404 0ms
[2026-08-27T12:41:11.318Z] INFO: GET / 404 1ms
[2026-08-27T12:41:11.319Z] INFO: GET /index.html 404 1ms
[2026-08-27T12:41:12.327Z] INFO: GET / 404 1ms
[2026-08-27T12:41:12.327Z] INFO: GET /index.html 404 1ms
[2026-08-27T12:41:13.346Z] INFO: GET / 404 1ms
[2026-08-27T12:41:13.347Z] INFO: GET /index.html 404 1ms
[2026-08-27T12:41:14.355Z] INFO: GET / 404 1ms
[2026-08-27T12:41:14.357Z] INFO: GET /index.html 404 1ms
[2026-08-27T12:41:15.369Z] INFO: GET /index.html 404 1ms
[2026-08-27T12:41:15.369Z] INFO: GET / 404 1ms
[2026-08-27T12:41:16.378Z] INFO: GET / 404 1ms
[2026-08-27T12:41:16.380Z] INFO: GET /index.html 404 1ms
[2026-08-27T12:41:17.393Z] INFO: GET / 404 1ms
[2026-08-27T12:41:17.394Z] INFO: GET /index.html 404 1ms
[2026-08-27T12:41:18.410Z] INFO: GET / 404 1ms
[2026-08-27T12:41:18.411Z] INFO: GET /index.html 404 0ms
[2026-08-27T12:41:19.417Z] INFO: GET / 404 1ms
[2026-08-27T12:41:19.420Z] INFO: GET /index.html 404 1ms
[2026-08-27T12:41:20.431Z] INFO: GET /index.html 404 0ms
[2026-08-27T12:41:20.431Z] INFO: GET / 404 1ms
[2026-08-27T12:41:21.440Z] INFO: GET / 404 1ms
[2026-08-27T12:41:21.443Z] INFO: GET /index.html 404 0ms
[2026-08-27T12:41:22.456Z] INFO: GET / 404 0ms
[2026-08-27T12:41:22.459Z] INFO: GET /index.html 404 1ms
[2026-08-27T12:41:23.471Z] INFO: GET / 404 1ms
[2026-08-27T12:41:23.471Z] INFO: GET /index.html 404 1ms
[2026-08-27T12:41:24.485Z] INFO: GET /index.html 404 0ms
[2026-08-27T12:41:24.485Z] INFO: GET / 404 2ms
[2026-08-27T12:41:25.491Z] INFO: GET / 404 1ms
[2026-08-27T12:41:25.494Z] INFO: GET /index.html 404 1ms
[2026-08-27T12:41:26.511Z] INFO: GET / 404 2ms
[2026-08-27T12:41:26.511Z] INFO: GET /index.html 404 1ms
[2026-08-27T12:41:27.523Z] INFO: GET / 404 1ms
[2026-08-27T12:41:27.524Z] INFO: GET /index.html 404 0ms
[2026-08-27T12:41:28.558Z] INFO: GET / 404 1ms
[2026-08-27T12:41:28.565Z] INFO: GET /index.html 404 0ms
[2026-08-27T12:41:29.573Z] INFO: GET / 404 1ms
[2026-08-27T12:41:29.575Z] INFO: GET /index.html 404 1ms
[2026-08-27T12:41:30.584Z] INFO: GET /index.html 404 1ms
[2026-08-27T12:41:30.583Z] INFO: GET / 404 1ms
[2026-08-27T12:41:31.597Z] INFO: GET / 404 1ms
[2026-08-27T12:41:31.598Z] INFO: GET /index.html 404 1ms
[2026-08-27T12:41:32.610Z] INFO: GET / 404 0ms
[2026-08-27T12:41:32.614Z] INFO: GET /index.html 404 1ms
[2026-08-27T12:41:33.620Z] INFO: GET / 404 1ms
[2026-08-27T12:41:33.621Z] INFO: GET /index.html 404 0ms
[2026-08-27T12:41:34.662Z] INFO: GET / 404 1ms
[2026-08-27T12:41:34.662Z] INFO: GET /index.html 404 1ms
[2026-08-27T12:41:35.655Z] INFO: GET /index.html 404 0ms
[2026-08-27T12:41:35.655Z] INFO: GET / 404 1ms
[2026-08-27T12:41:36.669Z] INFO: GET / 404 0ms
[2026-08-27T12:41:36.669Z] INFO: GET /index.html 404 0ms
[2026-08-27T12:41:37.680Z] INFO: GET / 404 1ms
[2026-08-27T12:41:37.685Z] INFO: GET /index.html 404 1ms
[2026-08-27T12:41:38.689Z] INFO: GET / 404 0ms
[2026-08-27T12:41:38.689Z] INFO: GET /index.html 404 1ms
[2026-08-27T12:41:39.700Z] INFO: GET / 404 1ms
[2026-08-27T12:41:39.701Z] INFO: GET /index.html 404 1ms
[2026-08-27T12:41:40.713Z] INFO: GET / 404 1ms
[2026-08-27T12:41:40.716Z] INFO: GET /index.html 404 2ms
[2026-08-27T12:44:08.060Z] INFO: Server listening on port 3000
[2026-08-27T12:44:08.063Z] INFO: Database connected
[2026-08-27T12:45:43.705Z] INFO: GET / 404 3ms
[2026-08-27T12:55:55.355Z] INFO: GET / 404 1ms
[2026-08-27T12:55:55.359Z] INFO: GET /index.html 404 1ms
[2026-08-27T12:55:55.421Z] INFO: GET / 404 1ms
[2026-08-27T12:55:55.423Z] INFO: GET /index.html 404 1ms
[2026-08-27T12:55:55.539Z] INFO: GET / 404 1ms
[2026-08-27T12:55:55.545Z] INFO: GET /index.html 404 1ms
[2026-08-27T12:55:55.806Z] INFO: GET / 404 0ms
[2026-08-27T12:55:55.809Z] INFO: GET /index.html 404 1ms
[2026-08-27T12:55:56.324Z] INFO: GET / 404 1ms
[2026-08-27T12:55:56.326Z] INFO: GET /index.html 404 1ms
[2026-08-27T12:55:57.337Z] INFO: GET / 404 1ms
[2026-08-27T12:55:57.339Z] INFO: GET /index.html 404 1ms
[2026-08-27T12:55:58.351Z] INFO: GET / 404 1ms
[2026-08-27T12:55:58.351Z] INFO: GET /index.html 404 1ms
[2026-08-27T12:58:43.593Z] INFO: Server listening on port 3000
[2026-08-27T12:58:43.597Z] INFO: Database connected
[2026-08-27T12:58:44.475Z] INFO: GET / 404 7ms
[2026-08-27T12:58:44.480Z] INFO: GET /index.html 404 1ms
[2026-08-27T12:58:45.492Z] INFO: GET / 404 1ms
[2026-08-27T12:58:45.493Z] INFO: GET /index.html 404 1ms
[2026-08-27T12:58:46.501Z] INFO: GET / 404 1ms
[2026-08-27T12:58:46.505Z] INFO: GET /index.html 404 1ms
[2026-08-27T12:58:47.512Z] INFO: GET / 404 1ms
[2026-08-27T12:58:47.514Z] INFO: GET /index.html 404 0ms
[2026-08-27T12:58:48.529Z] INFO: GET / 404 1ms
[2026-08-27T12:58:48.529Z] INFO: GET /index.html 404 0ms
[2026-08-27T12:58:49.539Z] INFO: GET / 404 1ms
[2026-08-27T12:58:49.539Z] INFO: GET /index.html 404 0ms
[2026-08-27T12:58:50.557Z] INFO: GET / 404 1ms
[2026-08-27T12:58:50.558Z] INFO: GET /index.html 404 1ms
[2026-08-27T12:58:51.573Z] INFO: GET / 404 1ms
[2026-08-27T12:58:51.574Z] INFO: GET /index.html 404 1ms
[2026-08-27T12:58:52.586Z] INFO: GET / 404 1ms
[2026-08-27T12:58:52.587Z] INFO: GET /index.html 404 1ms
[2026-08-27T12:58:53.601Z] INFO: GET / 404 1ms
[2026-08-27T12:58:53.601Z] INFO: GET /index.html 404 1ms
[2026-08-27T12:58:54.615Z] INFO: GET / 404 0ms
[2026-08-27T12:58:54.616Z] INFO: GET /index.html 404 1ms
[2026-08-27T12:58:55.630Z] INFO: GET / 404 1ms
[2026-08-27T12:58:55.631Z] INFO: GET /index.html 404 1ms
[2026-08-27T12:58:56.649Z] INFO: GET / 404 2ms
[2026-08-27T12:58:56.650Z] INFO: GET /index.html 404 1ms
[2026-08-27T12:58:57.661Z] INFO: GET /index.html 404 2ms
[2026-08-27T12:58:57.661Z] INFO: GET / 404 1ms
[2026-08-27T12:58:58.669Z] INFO: GET / 404 0ms
[2026-08-27T12:58:58.670Z] INFO: GET /index.html 404 0ms
[2026-08-27T12:58:59.685Z] INFO: GET / 404 1ms
[2026-08-27T12:58:59.685Z] INFO: GET /index.html 404 0ms
[2026-08-27T12:59:00.697Z] INFO: GET / 404 1ms
[2026-08-27T12:59:00.697Z] INFO: GET /index.html 404 1ms
[2026-08-27T12:59:01.750Z] INFO: GET / 404 1ms
[2026-08-27T12:59:01.750Z] INFO: GET /index.html 404 1ms
[2026-08-27T12:59:02.752Z] INFO: GET / 404 1ms
[2026-08-27T12:59:02.753Z] INFO: GET /index.html 404 1ms
[2026-08-27T12:59:03.786Z] INFO: GET / 404 1ms
[2026-08-27T12:59:03.791Z] INFO: GET /index.html 404 6ms
[2026-08-27T12:59:04.803Z] INFO: GET / 404 1ms
[2026-08-27T12:59:04.804Z] INFO: GET /index.html 404 4ms
[2026-08-27T12:59:05.808Z] INFO: GET / 404 0ms
[2026-08-27T12:59:05.808Z] INFO: GET /index.html 404 1ms
[2026-08-27T12:59:06.822Z] INFO: GET / 404 1ms
[2026-08-27T12:59:06.822Z] INFO: GET /index.html 404 1ms
[2026-08-27T12:59:07.837Z] INFO: GET / 404 1ms
[2026-08-27T12:59:07.837Z] INFO: GET /index.html 404 1ms
[2026-08-27T12:59:08.852Z] INFO: GET / 404 1ms
[2026-08-27T12:59:08.854Z] INFO: GET /index.html 404 0ms
[2026-08-27T12:59:09.867Z] INFO: GET / 404 2ms
[2026-08-27T12:59:09.868Z] INFO: GET /index.html 404 1ms
[2026-08-27T12:59:10.881Z] INFO: GET / 404 1ms
[2026-08-27T12:59:10.882Z] INFO: GET /index.html 404 1ms
[2026-08-27T12:59:11.895Z] INFO: GET / 404 1ms
[2026-08-27T12:59:11.899Z] INFO: GET /index.html 404 2ms
[2026-08-27T12:59:12.906Z] INFO: GET / 404 1ms
[2026-08-27T12:59:12.907Z] INFO: GET /index.html 404 0ms
[2026-08-27T12:59:13.922Z] INFO: GET / 404 1ms
[2026-08-27T12:59:13.926Z] INFO: GET /index.html 404 1ms
[2026-08-27T12:59:14.939Z] INFO: GET / 404 1ms
[2026-08-27T12:59:14.940Z] INFO: GET /index.html 404 2ms
[2026-08-27T12:59:15.940Z] INFO: GET / 404 1ms
[2026-08-27T12:59:15.943Z] INFO: GET /index.html 404 0ms
[2026-08-27T12:59:16.956Z] INFO: GET / 404 2ms
[2026-08-27T12:59:16.957Z] INFO: GET /index.html 404 3ms
[2026-08-27T12:59:17.960Z] INFO: GET / 404 1ms
[2026-08-27T12:59:17.963Z] INFO: GET /index.html 404 2ms
[2026-08-27T12:59:18.976Z] INFO: GET /index.html 404 0ms
[2026-08-27T12:59:18.976Z] INFO: GET / 404 1ms
[2026-08-27T12:59:19.987Z] INFO: GET / 404 1ms
[2026-08-27T12:59:19.988Z] INFO: GET /index.html 404 1ms
[2026-08-27T12:59:21.003Z] INFO: GET / 404 1ms
[2026-08-27T12:59:21.003Z] INFO: GET /index.html 404 1ms
[2026-08-27T12:59:22.010Z] INFO: GET / 404 1ms
[2026-08-27T12:59:22.012Z] INFO: GET /index.html 404 1ms
[2026-08-27T12:59:23.023Z] INFO: GET / 404 1ms
[2026-08-27T12:59:23.023Z] INFO: GET /index.html 404 1ms
[2026-08-27T12:59:24.038Z] INFO: GET / 404 1ms
[2026-08-27T12:59:24.040Z] INFO: GET /index.html 404 1ms
[2026-08-27T12:59:25.049Z] INFO: GET / 404 1ms
[2026-08-27T12:59:25.049Z] INFO: GET /index.html 404 1ms
[2026-08-27T12:59:26.061Z] INFO: GET / 404 1ms
[2026-08-27T12:59:26.061Z] INFO: GET /index.html 404 1ms
[2026-08-27T12:59:27.080Z] INFO: GET / 404 2ms
[2026-08-27T12:59:27.081Z] INFO: GET /index.html 404 1ms
[2026-08-27T12:59:28.090Z] INFO: GET / 404 1ms
[2026-08-27T12:59:28.091Z] INFO: GET /index.html 404 0ms
[2026-08-27T12:59:29.100Z] INFO: GET / 404 1ms
[2026-08-27T12:59:29.100Z] INFO: GET /index.html 404 1ms
[2026-08-27T12:59:30.108Z] INFO: GET / 404 1ms
[2026-08-27T12:59:30.109Z] INFO: GET /index.html 404 1ms
[2026-08-27T12:59:31.126Z] INFO: GET / 404 1ms
[2026-08-27T12:59:31.126Z] INFO: GET /index.html 404 2ms
[2026-08-27T12:59:32.137Z] INFO: GET / 404 1ms
[2026-08-27T12:59:32.138Z] INFO: GET /index.html 404 1ms
[2026-08-27T12:59:33.151Z] INFO: GET / 404 1ms
[2026-08-27T12:59:33.152Z] INFO: GET /index.html 404 1ms
[2026-08-27T12:59:34.169Z] INFO: GET / 404 1ms
[2026-08-27T12:59:34.170Z] INFO: GET /index.html 404 1ms
[2026-08-27T12:59:35.175Z] INFO: GET / 404 1ms
[2026-08-27T12:59:35.176Z] INFO: GET /index.html 404 1ms
[2026-08-27T12:59:36.192Z] INFO: GET / 404 2ms
[2026-08-27T12:59:36.195Z] INFO: GET /index.html 404 2ms
[2026-08-27T12:59:37.202Z] INFO: GET / 404 1ms
[2026-08-27T12:59:37.203Z] INFO: GET /index.html 404 0ms
[2026-08-27T12:59:38.215Z] INFO: GET / 404 1ms
[2026-08-27T12:59:38.217Z] INFO: GET /index.html 404 1ms
[2026-08-27T12:59:39.236Z] INFO: GET / 404 1ms
[2026-08-27T12:59:39.237Z] INFO: GET /index.html 404 1ms
[2026-08-27T13:01:02.952Z] INFO: Database connected
[2026-08-27T13:01:02.954Z] INFO: Server listening on port 3000
[2026-08-27T13:20:24.958Z] INFO: GET / 404 3ms
[2026-08-27T13:20:24.962Z] INFO: GET /index.html 404 1ms
[2026-08-27T13:20:25.025Z] INFO: GET / 404 1ms
[2026-08-27T13:20:25.027Z] INFO: GET /index.html 404 1ms
[2026-08-27T13:20:25.145Z] INFO: GET / 404 1ms
[2026-08-27T13:20:25.148Z] INFO: GET /index.html 404 1ms
[2026-08-27T13:20:25.411Z] INFO: GET / 404 1ms
[2026-08-27T13:20:25.414Z] INFO: GET /index.html 404 1ms
[2026-08-27T13:20:25.928Z] INFO: GET / 404 1ms
[2026-08-27T13:20:25.929Z] INFO: GET /index.html 404 0ms
[2026-08-27T13:20:26.946Z] INFO: GET / 404 1ms
[2026-08-27T13:20:26.946Z] INFO: GET /index.html 404 1ms
[2026-08-27T13:20:28.042Z] INFO: GET / 404 1ms
[2026-08-27T13:20:28.044Z] INFO: GET /index.html 404 0ms
[2026-08-27T13:22:09.772Z] INFO: Server listening on port 3000
[2026-08-27T13:22:09.775Z] INFO: Database connected
[2026-08-27T13:22:09.871Z] INFO: GET / 404 5ms
[2026-08-27T13:22:09.877Z] INFO: GET /index.html 404 2ms
[2026-08-27T13:22:10.896Z] INFO: GET / 404 2ms
[2026-08-27T13:22:10.897Z] INFO: GET /index.html 404 1ms
[2026-08-27T13:22:11.907Z] INFO: GET / 404 1ms
[2026-08-27T13:22:11.908Z] INFO: GET /index.html 404 1ms
[2026-08-27T13:22:12.924Z] INFO: GET / 404 1ms
[2026-08-27T13:22:12.927Z] INFO: GET /index.html 404 2ms
[2026-08-27T13:22:13.935Z] INFO: GET / 404 1ms
[2026-08-27T13:22:13.937Z] INFO: GET /index.html 404 0ms
[2026-08-27T13:22:14.951Z] INFO: GET / 404 1ms
[2026-08-27T13:22:14.953Z] INFO: GET /index.html 404 1ms
[2026-08-27T13:22:15.968Z] INFO: GET / 404 1ms
[2026-08-27T13:22:15.969Z] INFO: GET /index.html 404 1ms
[2026-08-27T13:22:16.984Z] INFO: GET / 404 1ms
[2026-08-27T13:22:16.985Z] INFO: GET /index.html 404 0ms
[2026-08-27T13:22:18.004Z] INFO: GET / 404 2ms
[2026-08-27T13:22:18.005Z] INFO: GET /index.html 404 1ms
[2026-08-27T13:22:19.022Z] INFO: GET / 404 1ms
[2026-08-27T13:22:19.023Z] INFO: GET /index.html 404 0ms
[2026-08-27T13:22:20.035Z] INFO: GET / 404 0ms
[2026-08-27T13:22:20.035Z] INFO: GET /index.html 404 0ms
[2026-08-27T13:22:21.049Z] INFO: GET / 404 1ms
[2026-08-27T13:22:21.049Z] INFO: GET /index.html 404 1ms
[2026-08-27T13:22:22.070Z] INFO: GET / 404 1ms
[2026-08-27T13:22:22.070Z] INFO: GET /index.html 404 1ms
[2026-08-27T13:22:23.080Z] INFO: GET / 404 1ms
[2026-08-27T13:22:23.083Z] INFO: GET /index.html 404 1ms
[2026-08-27T13:22:24.097Z] INFO: GET / 404 1ms
[2026-08-27T13:22:24.098Z] INFO: GET /index.html 404 1ms
[2026-08-27T13:22:25.114Z] INFO: GET / 404 1ms
[2026-08-27T13:22:25.115Z] INFO: GET /index.html 404 1ms
[2026-08-27T13:22:26.125Z] INFO: GET / 404 1ms
[2026-08-27T13:22:26.126Z] INFO: GET /index.html 404 0ms
[2026-08-27T13:22:27.139Z] INFO: GET / 404 1ms
[2026-08-27T13:22:27.140Z] INFO: GET /index.html 404 1ms
[2026-08-27T13:22:28.144Z] INFO: GET / 404 1ms
[2026-08-27T13:22:28.144Z] INFO: GET /index.html 404 1ms
[2026-08-27T13:22:29.159Z] INFO: GET / 404 1ms
[2026-08-27T13:22:29.160Z] INFO: GET /index.html 404 1ms
[2026-08-27T13:22:30.175Z] INFO: GET / 404 1ms
[2026-08-27T13:22:30.175Z] INFO: GET /index.html 404 0ms
[2026-08-27T13:22:31.192Z] INFO: GET / 404 1ms
[2026-08-27T13:22:31.193Z] INFO: GET /index.html 404 0ms
[2026-08-27T13:22:32.207Z] INFO: GET / 404 1ms
[2026-08-27T13:22:32.208Z] INFO: GET /index.html 404 1ms
[2026-08-27T13:22:33.221Z] INFO: GET / 404 2ms
[2026-08-27T13:22:33.222Z] INFO: GET /index.html 404 1ms
[2026-08-27T13:22:34.239Z] INFO: GET / 404 2ms
[2026-08-27T13:22:34.240Z] INFO: GET /index.html 404 1ms
[2026-08-27T13:22:35.249Z] INFO: GET / 404 0ms
[2026-08-27T13:22:35.249Z] INFO: GET /index.html 404 1ms
[2026-08-27T13:22:36.252Z] INFO: GET / 404 0ms
[2026-08-27T13:22:36.252Z] INFO: GET /index.html 404 0ms
[2026-08-27T13:22:37.264Z] INFO: GET / 404 1ms
[2026-08-27T13:22:37.265Z] INFO: GET /index.html 404 0ms
[2026-08-27T13:22:38.282Z] INFO: GET / 404 1ms
[2026-08-27T13:22:38.283Z] INFO: GET /index.html 404 1ms
[2026-08-27T13:22:39.291Z] INFO: GET / 404 0ms
[2026-08-27T13:22:39.291Z] INFO: GET /index.html 404 1ms
[2026-08-27T13:22:40.308Z] INFO: GET / 404 1ms
[2026-08-27T13:22:40.309Z] INFO: GET /index.html 404 1ms
[2026-08-27T13:22:41.320Z] INFO: GET / 404 0ms
[2026-08-27T13:22:41.320Z] INFO: GET /index.html 404 0ms
[2026-08-27T13:22:42.335Z] INFO: GET / 404 1ms
[2026-08-27T13:22:42.335Z] INFO: GET /index.html 404 0ms
[2026-08-27T13:22:43.349Z] INFO: GET / 404 1ms
[2026-08-27T13:22:43.350Z] INFO: GET /index.html 404 0ms
[2026-08-27T13:22:44.367Z] INFO: GET / 404 1ms
[2026-08-27T13:22:44.368Z] INFO: GET /index.html 404 1ms
[2026-08-27T13:22:45.381Z] INFO: GET / 404 0ms
[2026-08-27T13:22:45.381Z] INFO: GET /index.html 404 0ms
[2026-08-27T13:22:46.395Z] INFO: GET / 404 1ms
[2026-08-27T13:22:46.396Z] INFO: GET /index.html 404 0ms
[2026-08-27T13:22:47.410Z] INFO: GET / 404 1ms
[2026-08-27T13:22:47.411Z] INFO: GET /index.html 404 1ms
[2026-08-27T13:22:48.423Z] INFO: GET / 404 0ms
[2026-08-27T13:22:48.423Z] INFO: GET /index.html 404 0ms
[2026-08-27T13:22:49.442Z] INFO: GET / 404 1ms
[2026-08-27T13:22:49.443Z] INFO: GET /index.html 404 1ms
[2026-08-27T13:22:50.456Z] INFO: GET / 404 1ms
[2026-08-27T13:22:50.457Z] INFO: GET /index.html 404 1ms
[2026-08-27T13:22:51.472Z] INFO: GET / 404 0ms
[2026-08-27T13:22:51.472Z] INFO: GET /index.html 404 0ms
[2026-08-27T13:22:52.485Z] INFO: GET / 404 1ms
[2026-08-27T13:22:52.486Z] INFO: GET /index.html 404 1ms
[2026-08-27T13:22:53.499Z] INFO: GET / 404 1ms
[2026-08-27T13:22:53.500Z] INFO: GET /index.html 404 1ms
[2026-08-27T13:22:54.532Z] INFO: GET / 404 1ms
[2026-08-27T13:22:54.533Z] INFO: GET /index.html 404 2ms
[2026-08-27T13:22:55.549Z] INFO: GET / 404 1ms
[2026-08-27T13:22:55.550Z] INFO: GET /index.html 404 1ms
[2026-08-27T13:22:56.564Z] INFO: GET / 404 1ms
[2026-08-27T13:22:56.564Z] INFO: GET /index.html 404 1ms
[2026-08-27T13:22:57.580Z] INFO: GET / 404 1ms
[2026-08-27T13:22:57.580Z] INFO: GET /index.html 404 0ms
[2026-08-27T13:22:58.592Z] INFO: GET /index.html 404 0ms
[2026-08-27T13:22:58.592Z] INFO: GET / 404 1ms
[2026-08-27T13:22:59.608Z] INFO: GET / 404 0ms
[2026-08-27T13:22:59.608Z] INFO: GET /index.html 404 1ms
[2026-08-27T13:23:00.625Z] INFO: GET / 404 1ms
[2026-08-27T13:23:00.626Z] INFO: GET /index.html 404 0ms
[2026-08-27T13:23:01.634Z] INFO: GET / 404 0ms
[2026-08-27T13:23:01.635Z] INFO: GET /index.html 404 0ms
[2026-08-27T13:23:02.649Z] INFO: GET / 404 1ms
[2026-08-27T13:23:02.650Z] INFO: GET /index.html 404 1ms
[2026-08-27T13:23:03.663Z] INFO: GET / 404 0ms
[2026-08-27T13:23:03.663Z] INFO: GET /index.html 404 1ms
[2026-08-27T13:23:04.677Z] INFO: GET / 404 1ms
[2026-08-27T13:23:04.677Z] INFO: GET /index.html 404 0ms
[2026-08-27T13:23:05.689Z] INFO: GET / 404 1ms
[2026-08-27T13:23:05.690Z] INFO: GET /index.html 404 0ms
[2026-08-28T09:47:10.584Z] INFO: Database connected
[2026-08-28T09:47:10.586Z] INFO: Server listening on port 5174
[2026-08-28T09:47:10.696Z] INFO: GET / 404 5ms
[2026-08-28T09:47:10.700Z] INFO: GET /index.html 404 1ms
[2026-08-28T09:47:11.714Z] INFO: GET / 404 1ms
[2026-08-28T09:47:11.716Z] INFO: GET /index.html 404 0ms
[2026-08-28T09:47:12.726Z] INFO: GET / 404 1ms
[2026-08-28T09:47:12.728Z] INFO: GET /index.html 404 1ms
[2026-08-28T09:47:13.744Z] INFO: GET / 404 1ms
[2026-08-28T09:47:13.745Z] INFO: GET /index.html 404 0ms
[2026-08-28T09:47:14.763Z] INFO: GET / 404 1ms
[2026-08-28T09:47:14.764Z] INFO: GET /index.html 404 1ms
[2026-08-28T09:47:15.778Z] INFO: GET /index.html 404 1ms
[2026-08-28T09:47:15.778Z] INFO: GET / 404 1ms
[2026-08-28T09:47:16.798Z] INFO: GET / 404 1ms
[2026-08-28T09:47:16.798Z] INFO: GET /index.html 404 1ms
[2026-08-28T09:47:17.812Z] INFO: GET / 404 1ms
[2026-08-28T09:47:17.813Z] INFO: GET /index.html 404 1ms
[2026-08-28T09:47:18.829Z] INFO: GET / 404 0ms
[2026-08-28T09:47:18.829Z] INFO: GET /index.html 404 1ms
[2026-08-28T09:47:19.841Z] INFO: GET / 404 1ms
[2026-08-28T09:47:19.842Z] INFO: GET /index.html 404 0ms
[2026-08-28T09:47:20.857Z] INFO: GET / 404 1ms
[2026-08-28T09:47:20.858Z] INFO: GET /index.html 404 1ms
[2026-08-28T09:47:21.863Z] INFO: GET / 404 1ms
[2026-08-28T09:47:21.864Z] INFO: GET /index.html 404 1ms
[2026-08-28T09:47:22.880Z] INFO: GET / 404 1ms
[2026-08-28T09:47:22.882Z] INFO: GET /index.html 404 1ms
[2026-08-28T09:47:23.892Z] INFO: GET / 404 1ms
[2026-08-28T09:47:23.893Z] INFO: GET /index.html 404 1ms
[2026-08-28T09:47:24.899Z] INFO: GET / 404 1ms
[2026-08-28T09:47:24.900Z] INFO: GET /index.html 404 1ms
[2026-08-28T09:47:25.914Z] INFO: GET / 404 1ms
[2026-08-28T09:47:25.915Z] INFO: GET /index.html 404 1ms
[2026-08-28T09:47:26.932Z] INFO: GET / 404 1ms
[2026-08-28T09:47:26.932Z] INFO: GET /index.html 404 0ms
[2026-08-28T09:47:27.950Z] INFO: GET / 404 2ms
[2026-08-28T09:47:27.951Z] INFO: GET /index.html 404 1ms
[2026-08-28T09:47:28.965Z] INFO: GET / 404 2ms
[2026-08-28T09:47:28.966Z] INFO: GET /index.html 404 1ms
[2026-08-28T09:47:29.998Z] INFO: GET / 404 2ms
[2026-08-28T09:47:30.003Z] INFO: GET /index.html 404 3ms
[2026-08-28T09:47:31.008Z] INFO: GET / 404 1ms
[2026-08-28T09:47:31.010Z] INFO: GET /index.html 404 0ms
[2026-08-28T09:47:32.022Z] INFO: GET / 404 0ms
[2026-08-28T09:47:32.023Z] INFO: GET /index.html 404 0ms
[2026-08-28T09:47:33.037Z] INFO: GET /index.html 404 1ms
[2026-08-28T09:47:33.037Z] INFO: GET / 404 1ms
[2026-08-28T09:47:34.047Z] INFO: GET / 404 1ms
[2026-08-28T09:47:34.047Z] INFO: GET /index.html 404 1ms
[2026-08-28T09:47:35.062Z] INFO: GET / 404 0ms
[2026-08-28T09:47:35.063Z] INFO: GET /index.html 404 0ms
[2026-08-28T09:47:36.075Z] INFO: GET / 404 0ms
[2026-08-28T09:47:36.077Z] INFO: GET /index.html 404 1ms
[2026-08-28T09:47:37.091Z] INFO: GET / 404 1ms
[2026-08-28T09:47:37.091Z] INFO: GET /index.html 404 0ms
[2026-08-28T09:47:38.108Z] INFO: GET / 404 1ms
[2026-08-28T09:47:38.108Z] INFO: GET /index.html 404 0ms
[2026-08-28T09:47:39.125Z] INFO: GET / 404 1ms
[2026-08-28T09:47:39.128Z] INFO: GET /index.html 404 2ms
[2026-08-28T09:47:40.140Z] INFO: GET / 404 1ms
[2026-08-28T09:47:40.141Z] INFO: GET /index.html 404 0ms
[2026-08-28T09:47:41.152Z] INFO: GET / 404 1ms
[2026-08-28T09:47:41.153Z] INFO: GET /index.html 404 1ms
[2026-08-28T09:47:42.171Z] INFO: GET / 404 1ms
[2026-08-28T09:47:42.172Z] INFO: GET /index.html 404 0ms
[2026-08-28T09:47:43.185Z] INFO: GET / 404 0ms
[2026-08-28T09:47:43.186Z] INFO: GET /index.html 404 1ms
[2026-08-28T09:47:44.201Z] INFO: GET / 404 1ms
[2026-08-28T09:47:44.201Z] INFO: GET /index.html 404 1ms
[2026-08-28T09:47:45.216Z] INFO: GET / 404 0ms
[2026-08-28T09:47:45.216Z] INFO: GET /index.html 404 0ms
[2026-08-28T09:47:46.228Z] INFO: GET / 404 0ms
[2026-08-28T09:47:46.228Z] INFO: GET /index.html 404 1ms
[2026-08-28T09:47:47.246Z] INFO: GET / 404 0ms
[2026-08-28T09:47:47.246Z] INFO: GET /index.html 404 1ms
[2026-08-28T09:47:48.258Z] INFO: GET / 404 1ms
[2026-08-28T09:47:48.259Z] INFO: GET /index.html 404 1ms
[2026-08-28T09:47:49.273Z] INFO: GET / 404 0ms
[2026-08-28T09:47:49.273Z] INFO: GET /index.html 404 0ms
[2026-08-28T09:47:50.275Z] INFO: GET / 404 0ms
[2026-08-28T09:47:50.276Z] INFO: GET /index.html 404 0ms
[2026-08-28T09:47:51.288Z] INFO: GET / 404 1ms
[2026-08-28T09:47:51.289Z] INFO: GET /index.html 404 1ms
[2026-08-28T09:47:52.307Z] INFO: GET / 404 0ms
[2026-08-28T09:47:52.308Z] INFO: GET /index.html 404 1ms
[2026-08-28T09:47:53.322Z] INFO: GET / 404 1ms
[2026-08-28T09:47:53.322Z] INFO: GET /index.html 404 0ms
[2026-08-28T09:47:54.333Z] INFO: GET / 404 0ms
[2026-08-28T09:47:54.334Z] INFO: GET /index.html 404 0ms
[2026-08-28T09:47:55.351Z] INFO: GET / 404 1ms
[2026-08-28T09:47:55.352Z] INFO: GET /index.html 404 1ms
[2026-08-28T09:47:56.366Z] INFO: GET / 404 1ms
[2026-08-28T09:47:56.367Z] INFO: GET /index.html 404 1ms
[2026-08-28T09:47:57.381Z] INFO: GET / 404 0ms
[2026-08-28T09:47:57.381Z] INFO: GET /index.html 404 1ms
[2026-08-28T09:47:58.394Z] INFO: GET / 404 1ms
[2026-08-28T09:47:58.396Z] INFO: GET /index.html 404 0ms
[2026-08-28T09:47:59.409Z] INFO: GET / 404 1ms
[2026-08-28T09:47:59.410Z] INFO: GET /index.html 404 1ms
[2026-08-28T09:48:00.415Z] INFO: GET / 404 1ms
[2026-08-28T09:48:00.417Z] INFO: GET /index.html 404 0ms
[2026-08-28T09:48:01.430Z] INFO: GET / 404 1ms
[2026-08-28T09:48:01.431Z] INFO: GET /index.html 404 1ms
[2026-08-28T09:48:02.444Z] INFO: GET / 404 0ms
[2026-08-28T09:48:02.445Z] INFO: GET /index.html 404 0ms
[2026-08-28T09:48:03.453Z] INFO: GET /index.html 404 1ms
[2026-08-28T09:48:03.454Z] INFO: GET / 404 0ms
[2026-08-28T09:48:04.468Z] INFO: GET / 404 1ms
[2026-08-28T09:48:04.468Z] INFO: GET /index.html 404 1ms
[2026-08-28T09:48:05.476Z] INFO: GET / 404 0ms
[2026-08-28T09:48:05.476Z] INFO: GET /index.html 404 0ms
[2026-08-28T09:48:33.017Z] INFO: Database connected
[2026-08-28T09:48:33.021Z] INFO: Server listening on port 5174
[2026-08-28T09:48:33.891Z] INFO: GET / 404 5ms
[2026-08-28T09:48:33.895Z] INFO: GET /index.html 404 1ms
[2026-08-28T09:48:34.908Z] INFO: GET / 404 1ms
[2026-08-28T09:48:34.908Z] INFO: GET /index.html 404 1ms
[2026-08-28T09:48:35.918Z] INFO: GET / 404 1ms
[2026-08-28T09:48:35.919Z] INFO: GET /index.html 404 1ms
[2026-08-28T09:48:36.930Z] INFO: GET / 404 1ms
[2026-08-28T09:48:36.932Z] INFO: GET /index.html 404 1ms
[2026-08-28T09:48:37.948Z] INFO: GET / 404 1ms
[2026-08-28T09:48:37.951Z] INFO: GET /index.html 404 0ms
[2026-08-28T09:48:38.965Z] INFO: GET / 404 1ms
[2026-08-28T09:48:38.965Z] INFO: GET /index.html 404 1ms
[2026-08-28T09:48:39.979Z] INFO: GET / 404 1ms
[2026-08-28T09:48:39.980Z] INFO: GET /index.html 404 2ms
[2026-08-28T09:48:40.990Z] INFO: GET / 404 1ms
[2026-08-28T09:48:40.991Z] INFO: GET /index.html 404 1ms
[2026-08-28T09:48:42.005Z] INFO: GET / 404 1ms
[2026-08-28T09:48:42.005Z] INFO: GET /index.html 404 1ms
[2026-08-28T09:48:43.018Z] INFO: GET / 404 2ms
[2026-08-28T09:48:43.018Z] INFO: GET /index.html 404 1ms
[2026-08-28T09:48:44.033Z] INFO: GET / 404 0ms
[2026-08-28T09:48:44.033Z] INFO: GET /index.html 404 1ms
[2026-08-28T09:48:45.048Z] INFO: GET / 404 1ms
[2026-08-28T09:48:45.048Z] INFO: GET /index.html 404 0ms
[2026-08-28T09:48:46.068Z] INFO: GET / 404 1ms
[2026-08-28T09:48:46.068Z] INFO: GET /index.html 404 0ms
[2026-08-28T09:48:47.080Z] INFO: GET / 404 0ms
[2026-08-28T09:48:47.081Z] INFO: GET /index.html 404 0ms
[2026-08-28T09:48:48.091Z] INFO: GET / 404 1ms
[2026-08-28T09:48:48.091Z] INFO: GET /index.html 404 1ms
[2026-08-28T09:48:49.108Z] INFO: GET / 404 0ms
[2026-08-28T09:48:49.108Z] INFO: GET /index.html 404 1ms
[2026-08-28T09:48:50.119Z] INFO: GET / 404 0ms
[2026-08-28T09:48:50.120Z] INFO: GET /index.html 404 0ms
[2026-08-28T09:48:51.140Z] INFO: GET / 404 1ms
[2026-08-28T09:48:51.140Z] INFO: GET /index.html 404 1ms
[2026-08-28T09:48:52.149Z] INFO: GET / 404 1ms
[2026-08-28T09:48:52.149Z] INFO: GET /index.html 404 1ms
[2026-08-28T09:48:53.166Z] INFO: GET / 404 1ms
[2026-08-28T09:48:53.168Z] INFO: GET /index.html 404 1ms
[2026-08-28T09:48:54.182Z] INFO: GET / 404 0ms
[2026-08-28T09:48:54.183Z] INFO: GET /index.html 404 0ms
[2026-08-28T09:48:55.198Z] INFO: GET / 404 0ms
[2026-08-28T09:48:55.198Z] INFO: GET /index.html 404 0ms
[2026-08-28T09:48:56.212Z] INFO: GET / 404 0ms
[2026-08-28T09:48:56.213Z] INFO: GET /index.html 404 0ms
[2026-08-28T09:48:57.215Z] INFO: GET / 404 0ms
[2026-08-28T09:48:57.216Z] INFO: GET /index.html 404 1ms
[2026-08-28T09:48:58.229Z] INFO: GET / 404 0ms
[2026-08-28T09:48:58.229Z] INFO: GET /index.html 404 1ms
[2026-08-28T09:48:59.246Z] INFO: GET / 404 1ms
[2026-08-28T09:48:59.246Z] INFO: GET /index.html 404 0ms
[2026-08-28T09:49:00.261Z] INFO: GET / 404 1ms
[2026-08-28T09:49:00.261Z] INFO: GET /index.html 404 0ms
[2026-08-28T09:49:01.278Z] INFO: GET / 404 1ms
[2026-08-28T09:49:01.279Z] INFO: GET /index.html 404 2ms
[2026-08-28T09:49:02.294Z] INFO: GET / 404 1ms
[2026-08-28T09:49:02.295Z] INFO: GET /index.html 404 0ms
[2026-08-28T09:49:03.304Z] INFO: GET / 404 0ms
[2026-08-28T09:49:03.304Z] INFO: GET /index.html 404 1ms
[2026-08-28T09:49:04.320Z] INFO: GET / 404 1ms
[2026-08-28T09:49:04.320Z] INFO: GET /index.html 404 0ms
[2026-08-28T09:49:05.335Z] INFO: GET /index.html 404 0ms
[2026-08-28T09:49:05.334Z] INFO: GET / 404 1ms
[2026-08-28T09:49:06.347Z] INFO: GET / 404 1ms
[2026-08-28T09:49:06.348Z] INFO: GET /index.html 404 0ms
[2026-08-28T09:49:07.361Z] INFO: GET / 404 1ms
[2026-08-28T09:49:07.362Z] INFO: GET /index.html 404 1ms
[2026-08-28T09:49:08.373Z] INFO: GET / 404 1ms
[2026-08-28T09:49:08.373Z] INFO: GET /index.html 404 1ms
[2026-08-28T09:49:09.389Z] INFO: GET / 404 1ms
[2026-08-28T09:49:09.390Z] INFO: GET /index.html 404 1ms
[2026-08-28T09:49:10.396Z] INFO: GET / 404 0ms
[2026-08-28T09:49:10.396Z] INFO: GET /index.html 404 1ms
[2026-08-28T09:49:11.411Z] INFO: GET /index.html 404 0ms
[2026-08-28T09:49:11.409Z] INFO: GET / 404 1ms
[2026-08-28T09:49:12.426Z] INFO: GET / 404 1ms
[2026-08-28T09:49:12.426Z] INFO: GET /index.html 404 1ms
[2026-08-28T09:49:13.437Z] INFO: GET / 404 1ms
[2026-08-28T09:49:13.437Z] INFO: GET /index.html 404 0ms
[2026-08-28T09:49:14.465Z] INFO: GET / 404 3ms
[2026-08-28T09:49:14.466Z] INFO: GET /index.html 404 2ms
[2026-08-28T09:49:15.465Z] INFO: GET / 404 0ms
[2026-08-28T09:49:15.465Z] INFO: GET /index.html 404 0ms
[2026-08-28T09:49:16.477Z] INFO: GET / 404 1ms
[2026-08-28T09:49:16.477Z] INFO: GET /index.html 404 1ms
[2026-08-28T09:49:17.493Z] INFO: GET / 404 2ms
[2026-08-28T09:49:17.494Z] INFO: GET /index.html 404 1ms
[2026-08-28T09:49:18.506Z] INFO: GET / 404 1ms
[2026-08-28T09:49:18.507Z] INFO: GET /index.html 404 1ms
[2026-08-28T09:49:19.514Z] INFO: GET / 404 0ms
[2026-08-28T09:49:19.514Z] INFO: GET /index.html 404 1ms
[2026-08-28T09:49:20.523Z] INFO: GET / 404 0ms
[2026-08-28T09:49:20.523Z] INFO: GET /index.html 404 1ms
[2026-08-28T09:49:21.541Z] INFO: GET / 404 1ms
[2026-08-28T09:49:21.542Z] INFO: GET /index.html 404 0ms
[2026-08-28T09:49:22.553Z] INFO: GET / 404 1ms
[2026-08-28T09:49:22.553Z] INFO: GET /index.html 404 0ms
[2026-08-28T09:49:23.567Z] INFO: GET / 404 1ms
[2026-08-28T09:49:23.568Z] INFO: GET /index.html 404 0ms
[2026-08-28T09:49:24.579Z] INFO: GET / 404 2ms
[2026-08-28T09:49:24.581Z] INFO: GET /index.html 404 1ms
[2026-08-28T09:49:25.595Z] INFO: GET / 404 3ms
[2026-08-28T09:49:25.595Z] INFO: GET /index.html 404 1ms
[2026-08-28T09:49:26.612Z] INFO: GET / 404 1ms
[2026-08-28T09:49:26.613Z] INFO: GET /index.html 404 1ms
[2026-08-28T09:49:27.630Z] INFO: GET / 404 1ms
[2026-08-28T09:49:27.631Z] INFO: GET /index.html 404 1ms
[2026-08-28T09:49:28.649Z] INFO: GET / 404 1ms
[2026-08-28T09:49:28.649Z] INFO: GET /index.html 404 1ms
[2026-08-28T09:50:59.942Z] INFO: Server listening on port 5174
[2026-08-28T09:50:59.952Z] INFO: Database connected
[2026-08-28T09:51:30.054Z] INFO: Database connected
[2026-08-28T09:51:30.052Z] INFO: Server listening on port 5174
[2026-08-28T09:51:30.220Z] INFO: GET / 404 10ms
[2026-08-28T09:51:30.226Z] INFO: GET /index.html 404 1ms
[2026-08-28T09:51:31.246Z] INFO: GET / 404 1ms
[2026-08-28T09:51:31.247Z] INFO: GET /index.html 404 1ms
[2026-08-28T09:51:32.258Z] INFO: GET / 404 1ms
[2026-08-28T09:51:32.259Z] INFO: GET /index.html 404 1ms
[2026-08-28T09:51:33.270Z] INFO: GET /index.html 404 1ms
[2026-08-28T09:51:33.272Z] INFO: GET / 404 3ms
[2026-08-28T09:51:34.289Z] INFO: GET / 404 3ms
[2026-08-28T09:51:34.292Z] INFO: GET /index.html 404 1ms
[2026-08-28T09:51:35.299Z] INFO: GET / 404 1ms
[2026-08-28T09:51:35.300Z] INFO: GET /index.html 404 1ms
[2026-08-28T09:51:36.312Z] INFO: GET / 404 0ms
[2026-08-28T09:51:36.312Z] INFO: GET /index.html 404 1ms
[2026-08-28T09:51:37.326Z] INFO: GET / 404 1ms
[2026-08-28T09:51:37.327Z] INFO: GET /index.html 404 1ms
[2026-08-28T09:51:38.339Z] INFO: GET / 404 1ms
[2026-08-28T09:51:38.340Z] INFO: GET /index.html 404 0ms
[2026-08-28T09:51:39.352Z] INFO: GET / 404 1ms
[2026-08-28T09:51:39.353Z] INFO: GET /index.html 404 0ms
[2026-08-28T09:51:40.368Z] INFO: GET / 404 1ms
[2026-08-28T09:51:40.368Z] INFO: GET /index.html 404 0ms
[2026-08-28T09:51:41.372Z] INFO: GET /index.html 404 1ms
[2026-08-28T09:51:41.372Z] INFO: GET / 404 1ms
[2026-08-28T09:51:42.390Z] INFO: GET / 404 0ms
[2026-08-28T09:51:42.390Z] INFO: GET /index.html 404 0ms
[2026-08-28T09:51:43.407Z] INFO: GET / 404 2ms
[2026-08-28T09:51:43.407Z] INFO: GET /index.html 404 0ms
[2026-08-28T09:51:44.419Z] INFO: GET / 404 1ms
[2026-08-28T09:51:44.420Z] INFO: GET /index.html 404 0ms
[2026-08-28T09:51:45.435Z] INFO: GET /index.html 404 2ms
[2026-08-28T09:51:45.435Z] INFO: GET / 404 1ms
[2026-08-28T09:51:46.452Z] INFO: GET / 404 1ms
[2026-08-28T09:51:46.452Z] INFO: GET /index.html 404 0ms
[2026-08-28T09:51:47.471Z] INFO: GET / 404 1ms
[2026-08-28T09:51:47.471Z] INFO: GET /index.html 404 0ms
[2026-08-28T09:51:48.481Z] INFO: GET / 404 1ms
[2026-08-28T09:51:48.482Z] INFO: GET /index.html 404 1ms
[2026-08-28T09:51:49.499Z] INFO: GET / 404 1ms
[2026-08-28T09:51:49.501Z] INFO: GET /index.html 404 3ms
[2026-08-28T09:51:50.501Z] INFO: GET / 404 1ms
[2026-08-28T09:51:50.502Z] INFO: GET /index.html 404 1ms
[2026-08-28T09:51:51.516Z] INFO: GET /index.html 404 0ms
[2026-08-28T09:51:51.516Z] INFO: GET / 404 1ms
[2026-08-28T09:51:52.533Z] INFO: GET / 404 1ms
[2026-08-28T09:51:52.534Z] INFO: GET /index.html 404 1ms
[2026-08-28T09:51:53.542Z] INFO: GET / 404 0ms
[2026-08-28T09:51:53.543Z] INFO: GET /index.html 404 1ms
[2026-08-28T09:51:54.554Z] INFO: GET / 404 1ms
[2026-08-28T09:51:54.554Z] INFO: GET /index.html 404 1ms
[2026-08-28T09:51:55.564Z] INFO: GET / 404 1ms
[2026-08-28T09:51:55.565Z] INFO: GET /index.html 404 1ms
[2026-08-28T09:51:56.576Z] INFO: GET / 404 1ms
[2026-08-28T09:51:56.576Z] INFO: GET /index.html 404 1ms
[2026-08-28T09:51:57.591Z] INFO: GET / 404 1ms
[2026-08-28T09:51:57.591Z] INFO: GET /index.html 404 0ms
[2026-08-28T09:51:58.605Z] INFO: GET /index.html 404 1ms
[2026-08-28T09:51:58.605Z] INFO: GET / 404 0ms
[2026-08-28T09:51:59.623Z] INFO: GET / 404 1ms
[2026-08-28T09:51:59.624Z] INFO: GET /index.html 404 1ms
[2026-08-28T09:52:00.635Z] INFO: GET / 404 0ms
[2026-08-28T09:52:00.636Z] INFO: GET /index.html 404 1ms
[2026-08-28T09:52:01.641Z] INFO: GET / 404 1ms
[2026-08-28T09:52:01.641Z] INFO: GET /index.html 404 0ms
[2026-08-28T09:52:02.651Z] INFO: GET / 404 0ms
[2026-08-28T09:52:02.651Z] INFO: GET /index.html 404 1ms
[2026-08-28T09:52:03.666Z] INFO: GET / 404 1ms
[2026-08-28T09:52:03.668Z] INFO: GET /index.html 404 1ms
[2026-08-28T09:52:04.682Z] INFO: GET / 404 1ms
[2026-08-28T09:52:04.683Z] INFO: GET /index.html 404 1ms
[2026-08-28T09:52:05.694Z] INFO: GET / 404 1ms
[2026-08-28T09:52:05.694Z] INFO: GET /index.html 404 0ms
[2026-08-28T09:52:06.704Z] INFO: GET / 404 1ms
[2026-08-28T09:52:06.704Z] INFO: GET /index.html 404 0ms
[2026-08-28T09:52:07.718Z] INFO: GET / 404 1ms
[2026-08-28T09:52:07.718Z] INFO: GET /index.html 404 1ms
[2026-08-28T09:52:08.732Z] INFO: GET / 404 1ms
[2026-08-28T09:52:08.732Z] INFO: GET /index.html 404 1ms
[2026-08-28T09:52:09.746Z] INFO: GET / 404 1ms
[2026-08-28T09:52:09.746Z] INFO: GET /index.html 404 0ms
[2026-08-28T09:52:10.761Z] INFO: GET / 404 1ms
[2026-08-28T09:52:10.762Z] INFO: GET /index.html 404 1ms
[2026-08-28T09:52:11.778Z] INFO: GET / 404 1ms
[2026-08-28T09:52:11.779Z] INFO: GET /index.html 404 0ms
[2026-08-28T09:52:12.782Z] INFO: GET / 404 1ms
[2026-08-28T09:52:12.782Z] INFO: GET /index.html 404 0ms
[2026-08-28T09:52:13.796Z] INFO: GET / 404 1ms
[2026-08-28T09:52:13.796Z] INFO: GET /index.html 404 0ms
[2026-08-28T09:52:14.813Z] INFO: GET / 404 1ms
[2026-08-28T09:52:14.814Z] INFO: GET /index.html 404 1ms
[2026-08-28T09:52:15.829Z] INFO: GET / 404 2ms
[2026-08-28T09:52:15.830Z] INFO: GET /index.html 404 1ms
[2026-08-28T09:52:16.842Z] INFO: GET / 404 1ms
[2026-08-28T09:52:16.843Z] INFO: GET /index.html 404 1ms
[2026-08-28T09:52:17.856Z] INFO: GET / 404 1ms
[2026-08-28T09:52:17.857Z] INFO: GET /index.html 404 0ms
[2026-08-28T09:52:18.872Z] INFO: GET / 404 1ms
[2026-08-28T09:52:18.873Z] INFO: GET /index.html 404 1ms
[2026-08-28T09:52:19.887Z] INFO: GET / 404 1ms
[2026-08-28T09:52:19.887Z] INFO: GET /index.html 404 1ms
[2026-08-28T09:52:20.898Z] INFO: GET /index.html 404 1ms
[2026-08-28T09:52:20.899Z] INFO: GET / 404 0ms
[2026-08-28T09:52:21.919Z] INFO: GET / 404 1ms
[2026-08-28T09:52:21.920Z] INFO: GET /index.html 404 1ms
[2026-08-28T09:52:22.932Z] INFO: GET / 404 1ms
[2026-08-28T09:52:22.932Z] INFO: GET /index.html 404 1ms
[2026-08-28T09:52:23.946Z] INFO: GET / 404 1ms
[2026-08-28T09:52:23.946Z] INFO: GET /index.html 404 1ms
[2026-08-28T09:52:24.960Z] INFO: GET / 404 1ms
[2026-08-28T09:52:24.961Z] INFO: GET /index.html 404 1ms
[2026-08-28T09:52:49.944Z] INFO: Database connected
[2026-08-28T09:52:49.953Z] INFO: Server listening on port 5174
[2026-08-28T09:52:50.028Z] INFO: GET / 404 7ms
[2026-08-28T09:52:50.033Z] INFO: GET /index.html 404 2ms
[2026-08-28T09:52:51.047Z] INFO: GET /index.html 404 1ms
[2026-08-28T09:52:51.046Z] INFO: GET / 404 2ms
[2026-08-28T09:52:52.058Z] INFO: GET / 404 2ms
[2026-08-28T09:52:52.059Z] INFO: GET /index.html 404 2ms
[2026-08-28T09:52:53.073Z] INFO: GET / 404 1ms
[2026-08-28T09:52:53.073Z] INFO: GET /index.html 404 0ms
[2026-08-28T09:52:54.089Z] INFO: GET / 404 2ms
[2026-08-28T09:52:54.090Z] INFO: GET /index.html 404 1ms
[2026-08-28T09:52:55.101Z] INFO: GET / 404 1ms
[2026-08-28T09:52:55.103Z] INFO: GET /index.html 404 1ms
[2026-08-28T09:52:56.117Z] INFO: GET / 404 1ms
[2026-08-28T09:52:56.118Z] INFO: GET /index.html 404 1ms
[2026-08-28T09:52:57.131Z] INFO: GET / 404 1ms
[2026-08-28T09:52:57.134Z] INFO: GET /index.html 404 1ms
[2026-08-28T09:52:58.145Z] INFO: GET / 404 1ms
[2026-08-28T09:52:58.145Z] INFO: GET /index.html 404 0ms
[2026-08-28T09:52:59.160Z] INFO: GET / 404 1ms
[2026-08-28T09:52:59.161Z] INFO: GET /index.html 404 0ms
[2026-08-28T09:53:00.173Z] INFO: GET / 404 0ms
[2026-08-28T09:53:00.173Z] INFO: GET /index.html 404 0ms
[2026-08-28T09:53:01.184Z] INFO: GET / 404 1ms
[2026-08-28T09:53:01.184Z] INFO: GET /index.html 404 0ms
[2026-08-28T09:53:02.201Z] INFO: GET / 404 1ms
[2026-08-28T09:53:02.204Z] INFO: GET /index.html 404 1ms
[2026-08-28T09:53:03.212Z] INFO: GET / 404 1ms
[2026-08-28T09:53:03.212Z] INFO: GET /index.html 404 0ms
[2026-08-28T09:53:04.226Z] INFO: GET / 404 1ms
[2026-08-28T09:53:04.227Z] INFO: GET /index.html 404 0ms
[2026-08-28T09:53:05.240Z] INFO: GET / 404 1ms
[2026-08-28T09:53:05.240Z] INFO: GET /index.html 404 0ms
[2026-08-28T09:53:06.253Z] INFO: GET /index.html 404 1ms
[2026-08-28T09:53:06.253Z] INFO: GET / 404 1ms
[2026-08-28T09:53:07.268Z] INFO: GET / 404 1ms
[2026-08-28T09:53:07.269Z] INFO: GET /index.html 404 1ms
[2026-08-28T09:53:08.280Z] INFO: GET / 404 1ms
[2026-08-28T09:53:08.281Z] INFO: GET /index.html 404 1ms
[2026-08-28T09:53:09.291Z] INFO: GET / 404 1ms
[2026-08-28T09:53:09.292Z] INFO: GET /index.html 404 0ms
[2026-08-28T09:53:10.312Z] INFO: GET / 404 1ms
[2026-08-28T09:53:10.312Z] INFO: GET /index.html 404 1ms
[2026-08-28T09:53:11.329Z] INFO: GET /index.html 404 1ms
[2026-08-28T09:53:11.329Z] INFO: GET / 404 0ms
[2026-08-28T09:53:12.347Z] INFO: GET / 404 0ms
[2026-08-28T09:53:12.347Z] INFO: GET /index.html 404 0ms
[2026-08-28T09:53:13.363Z] INFO: GET / 404 1ms
[2026-08-28T09:53:13.363Z] INFO: GET /index.html 404 1ms
[2026-08-28T09:53:14.375Z] INFO: GET / 404 1ms
[2026-08-28T09:53:14.376Z] INFO: GET /index.html 404 1ms
[2026-08-28T09:53:15.392Z] INFO: GET / 404 1ms
[2026-08-28T09:53:15.392Z] INFO: GET /index.html 404 0ms
[2026-08-28T09:53:16.406Z] INFO: GET / 404 1ms
[2026-08-28T09:53:16.407Z] INFO: GET /index.html 404 1ms
[2026-08-28T09:53:17.419Z] INFO: GET / 404 1ms
[2026-08-28T09:53:17.419Z] INFO: GET /index.html 404 0ms
[2026-08-28T09:53:18.436Z] INFO: GET / 404 1ms
[2026-08-28T09:53:18.437Z] INFO: GET /index.html 404 0ms
[2026-08-28T09:53:19.447Z] INFO: GET / 404 1ms
[2026-08-28T09:53:19.447Z] INFO: GET /index.html 404 0ms
[2026-08-28T09:53:20.461Z] INFO: GET / 404 1ms
[2026-08-28T09:53:20.462Z] INFO: GET /index.html 404 0ms
[2026-08-28T09:53:21.478Z] INFO: GET / 404 0ms
[2026-08-28T09:53:21.478Z] INFO: GET /index.html 404 0ms
[2026-08-28T09:53:22.492Z] INFO: GET / 404 0ms
[2026-08-28T09:53:22.493Z] INFO: GET /index.html 404 1ms
[2026-08-28T09:53:23.510Z] INFO: GET / 404 1ms
[2026-08-28T09:53:23.511Z] INFO: GET /index.html 404 1ms
[2026-08-28T09:53:24.528Z] INFO: GET / 404 1ms
[2026-08-28T09:53:24.530Z] INFO: GET /index.html 404 1ms
[2026-08-28T09:53:25.632Z] INFO: GET / 404 3ms
[2026-08-28T09:53:25.638Z] INFO: GET /index.html 404 1ms
[2026-08-28T09:53:26.625Z] INFO: GET / 404 0ms
[2026-08-28T09:53:26.625Z] INFO: GET /index.html 404 1ms
[2026-08-28T09:53:27.639Z] INFO: GET / 404 1ms
[2026-08-28T09:53:27.640Z] INFO: GET /index.html 404 0ms
[2026-08-28T09:53:28.654Z] INFO: GET /index.html 404 0ms
[2026-08-28T09:53:28.654Z] INFO: GET / 404 1ms
[2026-08-28T09:53:29.668Z] INFO: GET / 404 1ms
[2026-08-28T09:53:29.668Z] INFO: GET /index.html 404 1ms
[2026-08-28T09:53:30.681Z] INFO: GET / 404 1ms
[2026-08-28T09:53:30.681Z] INFO: GET /index.html 404 0ms
[2026-08-28T09:53:31.695Z] INFO: GET / 404 1ms
[2026-08-28T09:53:31.695Z] INFO: GET /index.html 404 0ms
[2026-08-28T09:53:32.711Z] INFO: GET / 404 1ms
[2026-08-28T09:53:32.711Z] INFO: GET /index.html 404 0ms
[2026-08-28T09:53:33.721Z] INFO: GET / 404 1ms
[2026-08-28T09:53:33.722Z] INFO: GET /index.html 404 1ms
[2026-08-28T09:53:34.743Z] INFO: GET / 404 1ms
[2026-08-28T09:53:34.744Z] INFO: GET /index.html 404 1ms
[2026-08-28T09:53:35.754Z] INFO: GET / 404 1ms
[2026-08-28T09:53:35.755Z] INFO: GET /index.html 404 1ms
[2026-08-28T09:53:36.760Z] INFO: GET / 404 1ms
[2026-08-28T09:53:36.761Z] INFO: GET /index.html 404 0ms
[2026-08-28T09:53:37.776Z] INFO: GET / 404 0ms
[2026-08-28T09:53:37.777Z] INFO: GET /index.html 404 0ms
[2026-08-28T09:53:38.786Z] INFO: GET /index.html 404 0ms
[2026-08-28T09:53:38.786Z] INFO: GET / 404 1ms
[2026-08-28T09:53:39.796Z] INFO: GET / 404 1ms
[2026-08-28T09:53:39.797Z] INFO: GET /index.html 404 1ms
[2026-08-28T09:53:40.810Z] INFO: GET / 404 1ms
[2026-08-28T09:53:40.810Z] INFO: GET /index.html 404 0ms
[2026-08-28T09:53:41.821Z] INFO: GET / 404 0ms
[2026-08-28T09:53:41.821Z] INFO: GET /index.html 404 0ms
[2026-08-28T09:53:42.834Z] INFO: GET / 404 2ms
[2026-08-28T09:53:42.835Z] INFO: GET /index.html 404 0ms
[2026-08-28T09:53:43.849Z] INFO: GET / 404 1ms
[2026-08-28T09:53:43.849Z] INFO: GET /index.html 404 0ms
[2026-08-28T09:53:44.862Z] INFO: GET / 404 1ms
[2026-08-28T09:53:44.862Z] INFO: GET /index.html 404 0ms
[2026-08-28T09:55:14.076Z] INFO: Server listening on port 3000
[2026-08-28T09:55:14.074Z] INFO: Database connected
[2026-08-28T09:55:14.306Z] INFO: GET / 404 6ms
[2026-08-28T09:55:14.310Z] INFO: GET /index.html 404 1ms
[2026-08-28T09:55:15.329Z] INFO: GET / 404 1ms
[2026-08-28T09:55:15.330Z] INFO: GET /index.html 404 1ms
[2026-08-28T09:55:16.340Z] INFO: GET / 404 1ms
[2026-08-28T09:55:16.342Z] INFO: GET /index.html 404 1ms
[2026-08-28T09:55:17.354Z] INFO: GET / 404 1ms
[2026-08-28T09:55:17.360Z] INFO: GET /index.html 404 1ms
[2026-08-28T09:55:18.367Z] INFO: GET / 404 2ms
[2026-08-28T09:55:18.369Z] INFO: GET /index.html 404 1ms
[2026-08-28T09:55:19.377Z] INFO: GET / 404 0ms
[2026-08-28T09:55:19.378Z] INFO: GET /index.html 404 1ms
[2026-08-28T09:55:20.389Z] INFO: GET / 404 1ms
[2026-08-28T09:55:20.390Z] INFO: GET /index.html 404 1ms
[2026-08-28T09:55:21.417Z] INFO: GET / 404 1ms
[2026-08-28T09:55:21.417Z] INFO: GET /index.html 404 1ms
[2026-08-28T09:55:22.451Z] INFO: GET / 404 1ms
[2026-08-28T09:55:22.452Z] INFO: GET /index.html 404 1ms
[2026-08-28T09:55:23.457Z] INFO: GET / 404 1ms
[2026-08-28T09:55:23.457Z] INFO: GET /index.html 404 0ms
[2026-08-28T09:55:24.474Z] INFO: GET / 404 0ms
[2026-08-28T09:55:24.474Z] INFO: GET /index.html 404 0ms
[2026-08-28T09:55:25.493Z] INFO: GET / 404 1ms
[2026-08-28T09:55:25.493Z] INFO: GET /index.html 404 1ms
[2026-08-28T09:55:26.497Z] INFO: GET / 404 1ms
[2026-08-28T09:55:26.497Z] INFO: GET /index.html 404 1ms
[2026-08-28T09:55:27.511Z] INFO: GET / 404 1ms
[2026-08-28T09:55:27.512Z] INFO: GET /index.html 404 1ms
[2026-08-28T09:55:28.520Z] INFO: GET / 404 1ms
[2026-08-28T09:55:28.521Z] INFO: GET /index.html 404 2ms
[2026-08-28T09:55:29.525Z] INFO: GET / 404 0ms
[2026-08-28T09:55:29.525Z] INFO: GET /index.html 404 1ms
[2026-08-28T09:55:30.535Z] INFO: GET / 404 1ms
[2026-08-28T09:55:30.537Z] INFO: GET /index.html 404 0ms
[2026-08-28T09:55:31.553Z] INFO: GET / 404 0ms
[2026-08-28T09:55:31.553Z] INFO: GET /index.html 404 0ms
[2026-08-28T09:55:32.566Z] INFO: GET / 404 1ms
[2026-08-28T09:55:32.568Z] INFO: GET /index.html 404 0ms
[2026-08-28T09:55:33.579Z] INFO: GET / 404 1ms
[2026-08-28T09:55:33.580Z] INFO: GET /index.html 404 1ms
[2026-08-28T09:55:34.600Z] INFO: GET /index.html 404 2ms
[2026-08-28T09:55:34.598Z] INFO: GET / 404 1ms
[2026-08-28T09:55:35.619Z] INFO: GET / 404 1ms
[2026-08-28T09:55:35.625Z] INFO: GET /index.html 404 1ms
[2026-08-28T09:55:36.629Z] INFO: GET / 404 2ms
[2026-08-28T09:55:36.629Z] INFO: GET /index.html 404 1ms
[2026-08-28T09:55:37.642Z] INFO: GET / 404 1ms
[2026-08-28T09:55:37.643Z] INFO: GET /index.html 404 1ms
[2026-08-28T09:55:38.657Z] INFO: GET / 404 1ms
[2026-08-28T09:55:38.657Z] INFO: GET /index.html 404 1ms
[2026-08-28T09:55:39.682Z] INFO: GET / 404 1ms
[2026-08-28T09:55:39.682Z] INFO: GET /index.html 404 1ms
[2026-08-28T09:55:40.700Z] INFO: GET / 404 1ms
[2026-08-28T09:55:40.701Z] INFO: GET /index.html 404 3ms
[2026-08-28T09:55:41.716Z] INFO: GET / 404 1ms
[2026-08-28T09:55:41.717Z] INFO: GET /index.html 404 2ms
[2026-08-28T09:55:42.724Z] INFO: GET / 404 1ms
[2026-08-28T09:55:42.728Z] INFO: GET /index.html 404 2ms
[2026-08-28T09:55:43.740Z] INFO: GET / 404 1ms
[2026-08-28T09:55:43.741Z] INFO: GET /index.html 404 1ms
[2026-08-28T09:55:44.754Z] INFO: GET / 404 1ms
[2026-08-28T09:55:44.758Z] INFO: GET /index.html 404 1ms
[2026-08-28T09:55:45.768Z] INFO: GET / 404 1ms
[2026-08-28T09:55:45.769Z] INFO: GET /index.html 404 1ms
[2026-08-28T09:55:46.781Z] INFO: GET / 404 1ms
[2026-08-28T09:55:46.785Z] INFO: GET /index.html 404 2ms
[2026-08-28T09:55:47.796Z] INFO: GET / 404 1ms
[2026-08-28T09:55:47.797Z] INFO: GET /index.html 404 1ms
[2026-08-28T09:55:48.807Z] INFO: GET / 404 0ms
[2026-08-28T09:55:48.807Z] INFO: GET /index.html 404 0ms
[2026-08-28T09:56:04.873Z] INFO: Database connected
[2026-08-28T09:56:04.876Z] INFO: Server listening on port 3000
[2026-08-28T09:56:05.075Z] INFO: GET / 404 16ms
[2026-08-28T09:56:05.145Z] INFO: GET /index.html 404 1ms
[2026-08-28T09:56:06.092Z] INFO: GET / 404 2ms
[2026-08-28T09:56:06.094Z] INFO: GET /index.html 404 0ms
[2026-08-28T09:56:07.108Z] INFO: GET /index.html 404 2ms
[2026-08-28T09:56:07.107Z] INFO: GET / 404 2ms
[2026-08-28T09:56:08.120Z] INFO: GET / 404 1ms
[2026-08-28T09:56:08.120Z] INFO: GET /index.html 404 0ms
[2026-08-28T09:56:09.134Z] INFO: GET / 404 1ms
[2026-08-28T09:56:09.136Z] INFO: GET /index.html 404 1ms
[2026-08-28T09:56:10.144Z] INFO: GET / 404 1ms
[2026-08-28T09:56:10.145Z] INFO: GET /index.html 404 1ms
[2026-08-28T09:56:11.158Z] INFO: GET / 404 1ms
[2026-08-28T09:56:11.158Z] INFO: GET /index.html 404 0ms
[2026-08-28T09:56:12.177Z] INFO: GET / 404 1ms
[2026-08-28T09:56:12.178Z] INFO: GET /index.html 404 1ms
[2026-08-28T09:56:13.203Z] INFO: GET /index.html 404 5ms
[2026-08-28T09:56:13.204Z] INFO: GET / 404 4ms
[2026-08-28T09:56:14.237Z] INFO: GET / 404 1ms
[2026-08-28T09:56:14.248Z] INFO: GET /index.html 404 2ms
[2026-08-28T09:56:15.255Z] INFO: GET / 404 1ms
[2026-08-28T09:56:15.256Z] INFO: GET /index.html 404 2ms
[2026-08-28T09:56:16.451Z] INFO: GET / 404 1ms
[2026-08-28T09:56:16.451Z] INFO: GET /index.html 404 1ms
[2026-08-28T09:56:17.465Z] INFO: GET / 404 2ms
[2026-08-28T09:56:17.466Z] INFO: GET /index.html 404 1ms
[2026-08-28T09:56:18.472Z] INFO: GET / 404 3ms
[2026-08-28T09:56:18.477Z] INFO: GET /index.html 404 1ms
[2026-08-28T09:56:19.498Z] INFO: GET / 404 1ms
[2026-08-28T09:56:19.498Z] INFO: GET /index.html 404 2ms
[2026-08-28T09:56:20.516Z] INFO: GET / 404 2ms
[2026-08-28T09:56:20.517Z] INFO: GET /index.html 404 2ms
[2026-08-28T09:56:21.530Z] INFO: GET / 404 1ms
[2026-08-28T09:56:21.531Z] INFO: GET /index.html 404 1ms
[2026-08-28T09:56:22.550Z] INFO: GET / 404 2ms
[2026-08-28T09:56:22.550Z] INFO: GET /index.html 404 2ms
[2026-08-28T09:56:23.558Z] INFO: GET / 404 1ms
[2026-08-28T09:56:23.559Z] INFO: GET /index.html 404 1ms
[2026-08-28T09:56:24.574Z] INFO: GET / 404 1ms
[2026-08-28T09:56:24.575Z] INFO: GET /index.html 404 2ms
[2026-08-28T09:56:25.590Z] INFO: GET / 404 1ms
[2026-08-28T09:56:25.590Z] INFO: GET /index.html 404 1ms
[2026-08-28T09:56:26.601Z] INFO: GET / 404 0ms
[2026-08-28T09:56:26.602Z] INFO: GET /index.html 404 0ms
[2026-08-28T09:56:27.610Z] INFO: GET / 404 1ms
[2026-08-28T09:56:27.610Z] INFO: GET /index.html 404 0ms
[2026-08-28T09:56:28.628Z] INFO: GET / 404 1ms
[2026-08-28T09:56:28.628Z] INFO: GET /index.html 404 0ms
[2026-08-28T09:56:44.634Z] INFO: Server listening on port 3000
[2026-08-28T09:56:44.640Z] INFO: Database connected
[2026-08-28T09:56:45.440Z] INFO: GET / 404 8ms
[2026-08-28T09:56:45.448Z] INFO: GET /index.html 404 1ms
[2026-08-28T09:56:46.471Z] INFO: GET / 404 1ms
[2026-08-28T09:56:46.474Z] INFO: GET /index.html 404 1ms
[2026-08-28T09:56:47.492Z] INFO: GET / 404 2ms
[2026-08-28T09:56:47.495Z] INFO: GET /index.html 404 1ms
[2026-08-28T09:56:48.508Z] INFO: GET /index.html 404 1ms
[2026-08-28T09:56:48.507Z] INFO: GET / 404 1ms
[2026-08-28T09:56:49.525Z] INFO: GET / 404 1ms
[2026-08-28T09:56:49.525Z] INFO: GET /index.html 404 0ms
[2026-08-28T09:56:50.536Z] INFO: GET / 404 2ms
[2026-08-28T09:56:50.537Z] INFO: GET /index.html 404 1ms
[2026-08-28T09:56:51.551Z] INFO: GET / 404 2ms
[2026-08-28T09:56:51.551Z] INFO: GET /index.html 404 2ms
[2026-08-28T09:56:52.564Z] INFO: GET / 404 1ms
[2026-08-28T09:56:52.564Z] INFO: GET /index.html 404 1ms
[2026-08-28T09:56:53.579Z] INFO: GET / 404 1ms
[2026-08-28T09:56:53.580Z] INFO: GET /index.html 404 0ms
[2026-08-28T09:56:54.593Z] INFO: GET / 404 1ms
[2026-08-28T09:56:54.594Z] INFO: GET /index.html 404 1ms
[2026-08-28T09:56:55.603Z] INFO: GET / 404 1ms
[2026-08-28T09:56:55.604Z] INFO: GET /index.html 404 1ms
[2026-08-28T09:56:56.611Z] INFO: GET / 404 2ms
[2026-08-28T09:56:56.612Z] INFO: GET /index.html 404 1ms
[2026-08-28T09:56:57.628Z] INFO: GET / 404 1ms
[2026-08-28T09:56:57.628Z] INFO: GET /index.html 404 0ms
[2026-08-28T09:56:58.640Z] INFO: GET / 404 1ms
[2026-08-28T09:56:58.641Z] INFO: GET /index.html 404 0ms
[2026-08-28T09:56:59.657Z] INFO: GET / 404 1ms
[2026-08-28T09:56:59.657Z] INFO: GET /index.html 404 0ms
[2026-08-28T09:57:00.667Z] INFO: GET / 404 0ms
[2026-08-28T09:57:00.667Z] INFO: GET /index.html 404 1ms
[2026-08-28T09:57:01.678Z] INFO: GET / 404 1ms
[2026-08-28T09:57:01.678Z] INFO: GET /index.html 404 0ms
[2026-08-28T09:57:02.690Z] INFO: GET / 404 1ms
[2026-08-28T09:57:02.691Z] INFO: GET /index.html 404 1ms
[2026-08-28T09:57:03.699Z] INFO: GET / 404 1ms
[2026-08-28T09:57:03.699Z] INFO: GET /index.html 404 0ms
[2026-08-28T09:57:04.709Z] INFO: GET / 404 1ms
[2026-08-28T09:57:04.709Z] INFO: GET /index.html 404 1ms
[2026-08-28T09:57:05.721Z] INFO: GET / 404 0ms
[2026-08-28T09:57:05.721Z] INFO: GET /index.html 404 1ms
[2026-08-28T09:57:06.730Z] INFO: GET / 404 0ms
[2026-08-28T09:57:06.730Z] INFO: GET /index.html 404 1ms
[2026-08-28T09:57:07.746Z] INFO: GET / 404 1ms
[2026-08-28T09:57:07.746Z] INFO: GET /index.html 404 0ms
[2026-08-28T09:57:08.760Z] INFO: GET / 404 0ms
[2026-08-28T09:57:08.760Z] INFO: GET /index.html 404 1ms
[2026-08-28T09:57:09.771Z] INFO: GET / 404 1ms
[2026-08-28T09:57:09.772Z] INFO: GET /index.html 404 1ms
[2026-08-28T09:57:10.786Z] INFO: GET / 404 1ms
[2026-08-28T09:57:10.786Z] INFO: GET /index.html 404 0ms
[2026-08-28T09:57:11.800Z] INFO: GET / 404 0ms
[2026-08-28T09:57:11.800Z] INFO: GET /index.html 404 0ms
[2026-08-28T09:57:12.817Z] INFO: GET / 404 1ms
[2026-08-28T09:57:12.818Z] INFO: GET /index.html 404 0ms
[2026-08-28T09:57:13.831Z] INFO: GET / 404 0ms
[2026-08-28T09:57:13.831Z] INFO: GET /index.html 404 1ms
[2026-08-28T09:57:14.834Z] INFO: GET / 404 1ms
[2026-08-28T09:57:14.835Z] INFO: GET /index.html 404 0ms
[2026-08-28T09:57:15.853Z] INFO: GET /index.html 404 0ms
[2026-08-28T09:57:15.852Z] INFO: GET / 404 1ms
[2026-08-28T09:57:16.869Z] INFO: GET / 404 2ms
[2026-08-28T09:57:16.870Z] INFO: GET /index.html 404 1ms
[2026-08-28T09:57:17.885Z] INFO: GET / 404 0ms
[2026-08-28T09:57:17.885Z] INFO: GET /index.html 404 1ms
[2026-08-28T09:57:18.899Z] INFO: GET / 404 1ms
[2026-08-28T09:57:18.900Z] INFO: GET /index.html 404 1ms
[2026-08-28T09:57:19.910Z] INFO: GET / 404 1ms
[2026-08-28T09:57:19.911Z] INFO: GET /index.html 404 0ms
[2026-08-28T09:57:20.925Z] INFO: GET / 404 1ms
[2026-08-28T09:57:20.926Z] INFO: GET /index.html 404 0ms
[2026-08-28T09:57:21.931Z] INFO: GET / 404 1ms
[2026-08-28T09:57:21.931Z] INFO: GET /index.html 404 1ms
[2026-08-28T09:57:22.948Z] INFO: GET / 404 0ms
[2026-08-28T09:57:22.948Z] INFO: GET /index.html 404 0ms
[2026-08-28T09:57:23.960Z] INFO: GET / 404 0ms
[2026-08-28T09:57:23.960Z] INFO: GET /index.html 404 1ms
[2026-08-28T09:57:24.974Z] INFO: GET / 404 1ms
[2026-08-28T09:57:24.974Z] INFO: GET /index.html 404 1ms
[2026-08-28T09:57:25.989Z] INFO: GET / 404 0ms
[2026-08-28T09:57:25.989Z] INFO: GET /index.html 404 0ms
[2026-08-28T09:57:27.003Z] INFO: GET / 404 1ms
[2026-08-28T09:57:27.004Z] INFO: GET /index.html 404 0ms
[2026-08-28T09:57:28.017Z] INFO: GET / 404 1ms
[2026-08-28T09:57:28.017Z] INFO: GET /index.html 404 1ms
[2026-08-28T09:57:29.031Z] INFO: GET / 404 1ms
[2026-08-28T09:57:29.031Z] INFO: GET /index.html 404 1ms
[2026-08-28T09:57:30.046Z] INFO: GET / 404 1ms
[2026-08-28T09:57:30.047Z] INFO: GET /index.html 404 1ms
[2026-08-28T09:57:31.060Z] INFO: GET / 404 0ms
[2026-08-28T09:57:31.060Z] INFO: GET /index.html 404 1ms
[2026-08-28T09:57:32.080Z] INFO: GET / 404 1ms
[2026-08-28T09:57:32.080Z] INFO: GET /index.html 404 1ms
[2026-08-28T09:57:33.090Z] INFO: GET / 404 0ms
[2026-08-28T09:57:33.090Z] INFO: GET /index.html 404 0ms
[2026-08-28T09:57:34.104Z] INFO: GET / 404 0ms
[2026-08-28T09:57:34.104Z] INFO: GET /index.html 404 0ms
[2026-08-28T09:57:35.116Z] INFO: GET / 404 1ms
[2026-08-28T09:57:35.116Z] INFO: GET /index.html 404 0ms
[2026-08-28T09:57:36.134Z] INFO: GET /index.html 404 0ms
[2026-08-28T09:57:36.134Z] INFO: GET / 404 1ms
[2026-08-28T09:57:37.142Z] INFO: GET / 404 0ms
[2026-08-28T09:57:37.143Z] INFO: GET /index.html 404 0ms
[2026-08-28T11:32:12.496Z] INFO: Database connected
[2026-08-28T11:32:12.493Z] INFO: Server listening on port 3000
[2026-08-28T11:32:13.041Z] INFO: GET / 404 5ms
[2026-08-28T11:32:13.045Z] INFO: GET /index.html 404 1ms
[2026-08-28T11:32:14.061Z] INFO: GET / 404 2ms
[2026-08-28T11:32:14.065Z] INFO: GET /index.html 404 0ms
[2026-08-28T11:32:15.078Z] INFO: GET / 404 2ms
[2026-08-28T11:32:15.078Z] INFO: GET /index.html 404 1ms
[2026-08-28T11:32:16.094Z] INFO: GET / 404 1ms
[2026-08-28T11:32:16.096Z] INFO: GET /index.html 404 1ms
[2026-08-28T11:32:17.108Z] INFO: GET / 404 2ms
[2026-08-28T11:32:17.111Z] INFO: GET /index.html 404 1ms
[2026-08-28T11:32:18.121Z] INFO: GET / 404 1ms
[2026-08-28T11:32:18.122Z] INFO: GET /index.html 404 1ms
[2026-08-28T11:32:19.138Z] INFO: GET / 404 1ms
[2026-08-28T11:32:19.139Z] INFO: GET /index.html 404 1ms
[2026-08-28T11:32:20.152Z] INFO: GET / 404 1ms
[2026-08-28T11:32:20.153Z] INFO: GET /index.html 404 0ms
[2026-08-28T11:32:21.167Z] INFO: GET / 404 1ms
[2026-08-28T11:32:21.168Z] INFO: GET /index.html 404 0ms
[2026-08-28T11:32:22.179Z] INFO: GET / 404 1ms
[2026-08-28T11:32:22.180Z] INFO: GET /index.html 404 0ms
[2026-08-28T11:32:23.198Z] INFO: GET / 404 1ms
[2026-08-28T11:32:23.198Z] INFO: GET /index.html 404 1ms
[2026-08-28T11:32:24.210Z] INFO: GET / 404 1ms
[2026-08-28T11:32:24.211Z] INFO: GET /index.html 404 0ms
[2026-08-28T11:32:25.225Z] INFO: GET / 404 1ms
[2026-08-28T11:32:25.225Z] INFO: GET /index.html 404 1ms
[2026-08-28T11:32:26.240Z] INFO: GET / 404 0ms
[2026-08-28T11:32:26.240Z] INFO: GET /index.html 404 1ms
[2026-08-28T11:32:27.258Z] INFO: GET / 404 0ms
[2026-08-28T11:32:27.258Z] INFO: GET /index.html 404 0ms
[2026-08-28T11:32:28.274Z] INFO: GET / 404 1ms
[2026-08-28T11:32:28.274Z] INFO: GET /index.html 404 0ms
[2026-08-28T11:32:29.291Z] INFO: GET / 404 0ms
[2026-08-28T11:32:29.291Z] INFO: GET /index.html 404 1ms
[2026-08-28T11:32:30.308Z] INFO: GET / 404 1ms
[2026-08-28T11:32:30.308Z] INFO: GET /index.html 404 1ms
[2026-08-28T11:32:31.322Z] INFO: GET /index.html 404 1ms
[2026-08-28T11:32:31.321Z] INFO: GET / 404 0ms
[2026-08-28T11:32:32.335Z] INFO: GET / 404 2ms
[2026-08-28T11:32:32.335Z] INFO: GET /index.html 404 0ms
[2026-08-28T11:32:33.350Z] INFO: GET / 404 0ms
[2026-08-28T11:32:33.350Z] INFO: GET /index.html 404 0ms
[2026-08-28T11:32:34.361Z] INFO: GET / 404 0ms
[2026-08-28T11:32:34.362Z] INFO: GET /index.html 404 1ms
[2026-08-28T11:32:35.367Z] INFO: GET / 404 1ms
[2026-08-28T11:32:35.368Z] INFO: GET /index.html 404 0ms
[2026-08-28T11:32:36.387Z] INFO: GET / 404 2ms
[2026-08-28T11:32:36.388Z] INFO: GET /index.html 404 1ms
[2026-08-28T11:32:37.401Z] INFO: GET / 404 0ms
[2026-08-28T11:32:37.401Z] INFO: GET /index.html 404 1ms
[2026-08-28T11:32:38.413Z] INFO: GET / 404 1ms
[2026-08-28T11:32:38.413Z] INFO: GET /index.html 404 1ms
[2026-08-28T11:32:39.427Z] INFO: GET / 404 0ms
[2026-08-28T11:32:39.428Z] INFO: GET /index.html 404 1ms
[2026-08-28T11:32:40.444Z] INFO: GET / 404 1ms
[2026-08-28T11:32:40.444Z] INFO: GET /index.html 404 0ms
[2026-08-28T11:32:41.458Z] INFO: GET / 404 1ms
[2026-08-28T11:32:41.458Z] INFO: GET /index.html 404 1ms
[2026-08-28T11:32:42.476Z] INFO: GET / 404 2ms
[2026-08-28T11:32:42.477Z] INFO: GET /index.html 404 1ms
[2026-08-28T11:32:43.491Z] INFO: GET / 404 1ms
[2026-08-28T11:32:43.491Z] INFO: GET /index.html 404 0ms
[2026-08-28T11:32:44.494Z] INFO: GET / 404 0ms
[2026-08-28T11:32:44.494Z] INFO: GET /index.html 404 0ms
[2026-08-28T11:32:45.513Z] INFO: GET / 404 1ms
[2026-08-28T11:32:45.513Z] INFO: GET /index.html 404 1ms
[2026-08-28T11:32:46.530Z] INFO: GET / 404 1ms
[2026-08-28T11:32:46.531Z] INFO: GET /index.html 404 1ms
[2026-08-28T11:32:47.542Z] INFO: GET / 404 1ms
[2026-08-28T11:32:47.543Z] INFO: GET /index.html 404 1ms
[2026-08-28T11:32:48.560Z] INFO: GET / 404 1ms
[2026-08-28T11:32:48.560Z] INFO: GET /index.html 404 1ms
[2026-08-28T11:32:49.562Z] INFO: GET / 404 1ms
[2026-08-28T11:32:49.563Z] INFO: GET /index.html 404 1ms
[2026-08-28T11:32:50.581Z] INFO: GET / 404 0ms
[2026-08-28T11:32:50.581Z] INFO: GET /index.html 404 1ms
[2026-08-28T11:32:51.596Z] INFO: GET / 404 1ms
[2026-08-28T11:32:51.597Z] INFO: GET /index.html 404 1ms
[2026-08-28T11:32:52.605Z] INFO: GET / 404 1ms
[2026-08-28T11:32:52.605Z] INFO: GET /index.html 404 1ms
[2026-08-28T11:32:53.620Z] INFO: GET / 404 1ms
[2026-08-28T11:32:53.620Z] INFO: GET /index.html 404 1ms
[2026-08-28T11:32:54.624Z] INFO: GET / 404 0ms
[2026-08-28T11:32:54.624Z] INFO: GET /index.html 404 1ms
[2026-08-28T11:32:55.641Z] INFO: GET / 404 1ms
[2026-08-28T11:32:55.642Z] INFO: GET /index.html 404 0ms
[2026-08-28T11:32:56.646Z] INFO: GET / 404 1ms
[2026-08-28T11:32:56.646Z] INFO: GET /index.html 404 1ms
[2026-08-28T11:32:57.666Z] INFO: GET / 404 1ms
[2026-08-28T11:32:57.667Z] INFO: GET /index.html 404 1ms
[2026-08-28T11:32:58.680Z] INFO: GET / 404 2ms
[2026-08-28T11:32:58.681Z] INFO: GET /index.html 404 1ms
[2026-08-28T11:32:59.695Z] INFO: GET / 404 1ms
[2026-08-28T11:32:59.696Z] INFO: GET /index.html 404 1ms
[2026-08-28T11:33:00.707Z] INFO: GET /index.html 404 0ms
[2026-08-28T11:33:00.707Z] INFO: GET / 404 1ms
[2026-08-28T11:33:01.721Z] INFO: GET / 404 0ms
[2026-08-28T11:33:01.722Z] INFO: GET /index.html 404 0ms
[2026-08-28T11:33:02.730Z] INFO: GET / 404 1ms
[2026-08-28T11:33:02.732Z] INFO: GET /index.html 404 1ms
[2026-08-28T11:33:03.749Z] INFO: GET /index.html 404 1ms
[2026-08-28T11:33:03.748Z] INFO: GET / 404 1ms
[2026-08-28T11:33:04.763Z] INFO: GET / 404 1ms
[2026-08-28T11:33:04.763Z] INFO: GET /index.html 404 1ms
[2026-08-28T11:33:05.768Z] INFO: GET / 404 1ms
[2026-08-28T11:33:05.769Z] INFO: GET /index.html 404 1ms
[2026-08-28T11:33:06.783Z] INFO: GET / 404 1ms
[2026-08-28T11:33:06.783Z] INFO: GET /index.html 404 0ms
[2026-08-28T11:33:07.800Z] INFO: GET / 404 1ms
[2026-08-28T11:33:07.801Z] INFO: GET /index.html 404 0ms
[2026-08-28T11:52:20.282Z] INFO: Database connected
[2026-08-28T11:52:20.284Z] INFO: Server listening on port 3000
[2026-08-28T11:52:20.443Z] INFO: GET / 404 4ms
[2026-08-28T11:52:20.449Z] INFO: GET /index.html 404 1ms
[2026-08-28T11:52:21.466Z] INFO: GET / 404 1ms
[2026-08-28T11:52:21.468Z] INFO: GET /index.html 404 0ms
[2026-08-28T11:52:22.479Z] INFO: GET / 404 1ms
[2026-08-28T11:52:22.480Z] INFO: GET /index.html 404 1ms
[2026-08-28T11:52:23.514Z] INFO: GET /index.html 404 1ms
[2026-08-28T11:52:23.513Z] INFO: GET / 404 1ms
[2026-08-28T11:52:24.530Z] INFO: GET / 404 2ms
[2026-08-28T11:52:24.532Z] INFO: GET /index.html 404 1ms
[2026-08-28T11:52:25.539Z] INFO: GET / 404 1ms
[2026-08-28T11:52:25.540Z] INFO: GET /index.html 404 0ms
[2026-08-28T11:52:26.547Z] INFO: GET /index.html 404 1ms
[2026-08-28T11:52:26.547Z] INFO: GET / 404 1ms
[2026-08-28T11:52:27.560Z] INFO: GET / 404 1ms
[2026-08-28T11:52:27.561Z] INFO: GET /index.html 404 1ms
[2026-08-28T11:52:28.567Z] INFO: GET / 404 1ms
[2026-08-28T11:52:28.567Z] INFO: GET /index.html 404 1ms
[2026-08-28T11:52:29.590Z] INFO: GET / 404 0ms
[2026-08-28T11:52:29.598Z] INFO: GET /index.html 404 1ms
[2026-08-28T11:52:30.591Z] INFO: GET / 404 1ms
[2026-08-28T11:52:30.591Z] INFO: GET /index.html 404 1ms
[2026-08-28T11:52:31.607Z] INFO: GET / 404 1ms
[2026-08-28T11:52:31.607Z] INFO: GET /index.html 404 1ms
[2026-08-28T11:52:32.623Z] INFO: GET / 404 0ms
[2026-08-28T11:52:32.623Z] INFO: GET /index.html 404 1ms
[2026-08-28T11:52:33.637Z] INFO: GET / 404 2ms
[2026-08-28T11:52:33.641Z] INFO: GET /index.html 404 0ms
[2026-08-28T11:52:34.645Z] INFO: GET / 404 1ms
[2026-08-28T11:52:34.645Z] INFO: GET /index.html 404 0ms
[2026-08-28T11:52:35.662Z] INFO: GET / 404 1ms
[2026-08-28T11:52:35.662Z] INFO: GET /index.html 404 1ms
[2026-08-28T11:52:36.678Z] INFO: GET / 404 1ms
[2026-08-28T11:52:36.680Z] INFO: GET /index.html 404 0ms
[2026-08-28T11:52:37.683Z] INFO: GET / 404 0ms
[2026-08-28T11:52:37.683Z] INFO: GET /index.html 404 0ms
[2026-08-28T11:52:38.700Z] INFO: GET / 404 0ms
[2026-08-28T11:52:38.700Z] INFO: GET /index.html 404 1ms
[2026-08-28T11:52:39.716Z] INFO: GET / 404 0ms
[2026-08-28T11:52:39.717Z] INFO: GET /index.html 404 1ms
[2026-08-28T11:52:40.721Z] INFO: GET /index.html 404 1ms
[2026-08-28T11:52:40.721Z] INFO: GET / 404 1ms
[2026-08-28T11:52:41.736Z] INFO: GET /index.html 404 0ms
[2026-08-28T11:52:41.736Z] INFO: GET / 404 0ms
[2026-08-28T11:52:42.739Z] INFO: GET / 404 1ms
[2026-08-28T11:52:42.740Z] INFO: GET /index.html 404 0ms
[2026-08-28T11:52:43.754Z] INFO: GET / 404 1ms
[2026-08-28T11:52:43.755Z] INFO: GET /index.html 404 1ms
[2026-08-28T11:52:44.768Z] INFO: GET / 404 1ms
[2026-08-28T11:52:44.768Z] INFO: GET /index.html 404 0ms
[2026-08-28T11:52:45.769Z] INFO: GET / 404 0ms
[2026-08-28T11:52:45.770Z] INFO: GET /index.html 404 0ms
[2026-08-28T11:52:46.787Z] INFO: GET / 404 0ms
[2026-08-28T11:52:46.787Z] INFO: GET /index.html 404 0ms
[2026-08-28T11:52:47.794Z] INFO: GET / 404 1ms
[2026-08-28T11:52:47.794Z] INFO: GET /index.html 404 0ms
[2026-08-28T11:52:48.811Z] INFO: GET / 404 1ms
[2026-08-28T11:52:48.811Z] INFO: GET /index.html 404 1ms
[2026-08-28T11:52:49.844Z] INFO: GET / 404 1ms
[2026-08-28T11:52:49.849Z] INFO: GET /index.html 404 0ms
[2026-08-28T11:52:50.841Z] INFO: GET / 404 0ms
[2026-08-28T11:52:50.841Z] INFO: GET /index.html 404 1ms
[2026-08-28T11:52:51.844Z] INFO: GET / 404 1ms
[2026-08-28T11:52:51.844Z] INFO: GET /index.html 404 0ms
[2026-08-28T11:52:52.858Z] INFO: GET / 404 1ms
[2026-08-28T11:52:52.858Z] INFO: GET /index.html 404 0ms
[2026-08-28T11:52:53.872Z] INFO: GET / 404 0ms
[2026-08-28T11:52:53.873Z] INFO: GET /index.html 404 0ms
[2026-08-28T11:52:54.889Z] INFO: GET / 404 1ms
[2026-08-28T11:52:54.889Z] INFO: GET /index.html 404 1ms
[2026-08-28T11:52:55.968Z] INFO: GET / 404 4ms
[2026-08-28T11:52:55.980Z] INFO: GET /index.html 404 1ms
[2026-08-28T11:52:56.940Z] INFO: GET / 404 1ms
[2026-08-28T11:52:56.940Z] INFO: GET /index.html 404 1ms
[2026-08-28T11:52:57.957Z] INFO: GET / 404 1ms
[2026-08-28T11:52:57.958Z] INFO: GET /index.html 404 1ms
[2026-08-28T11:52:58.961Z] INFO: GET / 404 0ms
[2026-08-28T11:52:58.961Z] INFO: GET /index.html 404 1ms
[2026-08-28T11:52:59.979Z] INFO: GET / 404 0ms
[2026-08-28T11:52:59.979Z] INFO: GET /index.html 404 1ms
[2026-08-28T11:53:00.991Z] INFO: GET / 404 1ms
[2026-08-28T11:53:00.991Z] INFO: GET /index.html 404 0ms
[2026-08-28T11:53:02.009Z] INFO: GET / 404 0ms
[2026-08-28T11:53:02.009Z] INFO: GET /index.html 404 1ms
[2026-08-28T11:53:03.024Z] INFO: GET / 404 1ms
[2026-08-28T11:53:03.026Z] INFO: GET /index.html 404 1ms
[2026-08-28T11:53:04.031Z] INFO: GET / 404 0ms
[2026-08-28T11:53:04.031Z] INFO: GET /index.html 404 1ms
[2026-08-28T11:53:05.048Z] INFO: GET / 404 0ms
[2026-08-28T11:53:05.048Z] INFO: GET /index.html 404 0ms
[2026-08-28T11:53:06.063Z] INFO: GET / 404 0ms
[2026-08-28T11:53:06.064Z] INFO: GET /index.html 404 0ms
[2026-08-28T11:53:07.067Z] INFO: GET / 404 0ms
[2026-08-28T11:53:07.067Z] INFO: GET /index.html 404 0ms
[2026-08-28T11:53:08.081Z] INFO: GET / 404 1ms
[2026-08-28T11:53:08.081Z] INFO: GET /index.html 404 1ms
[2026-08-28T11:53:09.095Z] INFO: GET / 404 1ms
[2026-08-28T11:53:09.095Z] INFO: GET /index.html 404 0ms
[2026-08-28T11:53:10.111Z] INFO: GET / 404 0ms
[2026-08-28T11:53:10.112Z] INFO: GET /index.html 404 1ms
[2026-08-28T11:53:11.119Z] INFO: GET / 404 0ms
[2026-08-28T11:53:11.120Z] INFO: GET /index.html 404 0ms
[2026-08-28T11:53:12.135Z] INFO: GET / 404 1ms
[2026-08-28T11:53:12.135Z] INFO: GET /index.html 404 0ms
[2026-08-28T11:53:13.151Z] INFO: GET /index.html 404 0ms
[2026-08-28T11:53:13.151Z] INFO: GET / 404 1ms
[2026-08-28T11:53:14.168Z] INFO: GET / 404 0ms
[2026-08-28T11:53:14.170Z] INFO: GET /index.html 404 1ms
[2026-08-28T11:57:30.321Z] INFO: Database connected
[2026-08-28T11:57:30.324Z] INFO: Server listening on port 3000
[2026-08-28T11:57:30.631Z] INFO: GET / 404 5ms
[2026-08-28T11:57:30.637Z] INFO: GET /index.html 404 1ms
[2026-08-28T11:57:31.654Z] INFO: GET / 404 1ms
[2026-08-28T11:57:31.656Z] INFO: GET /index.html 404 0ms
[2026-08-28T11:57:32.670Z] INFO: GET / 404 1ms
[2026-08-28T11:57:32.670Z] INFO: GET /index.html 404 0ms
[2026-08-28T11:57:33.676Z] INFO: GET / 404 1ms
[2026-08-28T11:57:33.678Z] INFO: GET /index.html 404 1ms
[2026-08-28T11:57:34.702Z] INFO: GET / 404 2ms
[2026-08-28T11:57:34.703Z] INFO: GET /index.html 404 1ms
[2026-08-28T11:57:35.710Z] INFO: GET / 404 1ms
[2026-08-28T11:57:35.713Z] INFO: GET /index.html 404 1ms
[2026-08-28T11:57:36.726Z] INFO: GET /index.html 404 0ms
[2026-08-28T11:57:36.725Z] INFO: GET / 404 1ms
[2026-08-28T11:57:37.743Z] INFO: GET /index.html 404 1ms
[2026-08-28T11:57:37.743Z] INFO: GET / 404 0ms
[2026-08-28T11:57:38.745Z] INFO: GET / 404 1ms
[2026-08-28T11:57:38.746Z] INFO: GET /index.html 404 0ms
[2026-08-28T11:57:39.754Z] INFO: GET / 404 1ms
[2026-08-28T11:57:39.754Z] INFO: GET /index.html 404 0ms
[2026-08-28T11:57:40.772Z] INFO: GET / 404 0ms
[2026-08-28T11:57:40.772Z] INFO: GET /index.html 404 1ms
[2026-08-28T11:57:41.785Z] INFO: GET / 404 1ms
[2026-08-28T11:57:41.785Z] INFO: GET /index.html 404 1ms
[2026-08-28T11:57:42.799Z] INFO: GET / 404 0ms
[2026-08-28T11:57:42.800Z] INFO: GET /index.html 404 1ms
[2026-08-28T11:57:43.816Z] INFO: GET / 404 0ms
[2026-08-28T11:57:43.817Z] INFO: GET /index.html 404 0ms
[2026-08-28T11:57:44.831Z] INFO: GET / 404 0ms
[2026-08-28T11:57:44.832Z] INFO: GET /index.html 404 1ms
[2026-08-28T11:57:45.837Z] INFO: GET / 404 1ms
[2026-08-28T11:57:45.839Z] INFO: GET /index.html 404 1ms
[2026-08-28T11:57:46.852Z] INFO: GET / 404 0ms
[2026-08-28T11:57:46.854Z] INFO: GET /index.html 404 1ms
[2026-08-28T11:57:47.863Z] INFO: GET / 404 0ms
[2026-08-28T11:57:47.864Z] INFO: GET /index.html 404 0ms
[2026-08-28T11:57:48.882Z] INFO: GET / 404 1ms
[2026-08-28T11:57:48.883Z] INFO: GET /index.html 404 0ms
[2026-08-28T11:57:49.896Z] INFO: GET / 404 1ms
[2026-08-28T11:57:49.896Z] INFO: GET /index.html 404 1ms
[2026-08-28T11:57:50.902Z] INFO: GET / 404 1ms
[2026-08-28T11:57:50.902Z] INFO: GET /index.html 404 0ms
[2026-08-28T11:57:51.915Z] INFO: GET / 404 1ms
[2026-08-28T11:57:51.916Z] INFO: GET /index.html 404 1ms
[2026-08-28T11:57:52.935Z] INFO: GET /index.html 404 0ms
[2026-08-28T11:57:52.935Z] INFO: GET / 404 0ms
[2026-08-28T11:57:53.948Z] INFO: GET / 404 1ms
[2026-08-28T11:57:53.948Z] INFO: GET /index.html 404 1ms
[2026-08-28T11:57:54.959Z] INFO: GET / 404 0ms
[2026-08-28T11:57:54.959Z] INFO: GET /index.html 404 1ms
[2026-08-28T11:57:55.975Z] INFO: GET / 404 1ms
[2026-08-28T11:57:55.975Z] INFO: GET /index.html 404 1ms
[2026-08-28T11:57:56.992Z] INFO: GET / 404 0ms
[2026-08-28T11:57:56.992Z] INFO: GET /index.html 404 0ms
[2026-08-28T11:57:58.003Z] INFO: GET / 404 0ms
[2026-08-28T11:57:58.003Z] INFO: GET /index.html 404 0ms
[2026-08-28T11:57:59.021Z] INFO: GET / 404 1ms
[2026-08-28T11:57:59.021Z] INFO: GET /index.html 404 1ms
[2026-08-28T11:58:00.033Z] INFO: GET / 404 1ms
[2026-08-28T11:58:00.033Z] INFO: GET /index.html 404 1ms
[2026-08-28T11:58:01.048Z] INFO: GET / 404 1ms
[2026-08-28T11:58:01.049Z] INFO: GET /index.html 404 1ms
[2026-08-28T11:58:02.065Z] INFO: GET / 404 1ms
[2026-08-28T11:58:02.065Z] INFO: GET /index.html 404 1ms
[2026-08-28T11:58:03.075Z] INFO: GET / 404 1ms
[2026-08-28T11:58:03.076Z] INFO: GET /index.html 404 0ms
[2026-08-28T11:58:04.092Z] INFO: GET / 404 1ms
[2026-08-28T11:58:04.092Z] INFO: GET /index.html 404 0ms
[2026-08-28T11:58:05.106Z] INFO: GET / 404 0ms
[2026-08-28T11:58:05.106Z] INFO: GET /index.html 404 0ms
[2026-08-28T11:58:06.123Z] INFO: GET / 404 0ms
[2026-08-28T11:58:06.123Z] INFO: GET /index.html 404 0ms
[2026-08-28T11:58:07.137Z] INFO: GET /index.html 404 1ms
[2026-08-28T11:58:07.137Z] INFO: GET / 404 1ms
[2026-08-28T11:58:08.140Z] INFO: GET / 404 0ms
[2026-08-28T11:58:08.141Z] INFO: GET /index.html 404 0ms
[2026-08-28T11:58:09.179Z] INFO: GET /index.html 404 8ms
[2026-08-28T11:58:09.179Z] INFO: GET / 404 2ms
[2026-08-28T11:58:10.182Z] INFO: GET / 404 0ms
[2026-08-28T11:58:10.182Z] INFO: GET /index.html 404 0ms
[2026-08-28T11:58:11.198Z] INFO: GET / 404 0ms
[2026-08-28T11:58:11.198Z] INFO: GET /index.html 404 0ms
[2026-08-28T11:58:12.214Z] INFO: GET / 404 0ms
[2026-08-28T11:58:12.215Z] INFO: GET /index.html 404 0ms
[2026-08-28T11:58:13.229Z] INFO: GET / 404 1ms
[2026-08-28T11:58:13.229Z] INFO: GET /index.html 404 1ms
[2026-08-28T11:58:14.246Z] INFO: GET /index.html 404 1ms
[2026-08-28T11:58:14.246Z] INFO: GET / 404 1ms
[2026-08-28T11:58:15.251Z] INFO: GET / 404 1ms
[2026-08-28T11:58:15.251Z] INFO: GET /index.html 404 0ms
[2026-08-28T11:58:16.267Z] INFO: GET / 404 1ms
[2026-08-28T11:58:16.267Z] INFO: GET /index.html 404 0ms
[2026-08-28T11:58:17.282Z] INFO: GET / 404 1ms
[2026-08-28T11:58:17.283Z] INFO: GET /index.html 404 0ms
[2026-08-28T11:58:18.299Z] INFO: GET / 404 1ms
[2026-08-28T11:58:18.300Z] INFO: GET /index.html 404 0ms
[2026-08-28T11:58:19.344Z] INFO: GET / 404 2ms
[2026-08-28T11:58:19.345Z] INFO: GET /index.html 404 3ms
[2026-08-28T11:58:20.357Z] INFO: GET / 404 1ms
[2026-08-28T11:58:20.358Z] INFO: GET /index.html 404 1ms
[2026-08-28T11:58:21.371Z] INFO: GET / 404 1ms
[2026-08-28T11:58:21.373Z] INFO: GET /index.html 404 1ms
[2026-08-28T11:58:22.380Z] INFO: GET / 404 1ms
[2026-08-28T11:58:22.380Z] INFO: GET /index.html 404 1ms
[2026-08-28T11:58:23.387Z] INFO: GET / 404 1ms
[2026-08-28T11:58:23.389Z] INFO: GET /index.html 404 1ms
[2026-08-28T11:58:24.406Z] INFO: GET / 404 1ms
[2026-08-28T11:58:24.407Z] INFO: GET /index.html 404 1ms
[2026-08-28T11:58:25.426Z] INFO: GET /index.html 404 4ms
[2026-08-28T11:58:25.426Z] INFO: GET / 404 1ms
[2026-08-28T11:58:55.093Z] INFO: Server listening on port 3000
[2026-08-28T11:58:55.095Z] INFO: Database connected
[2026-08-28T12:09:37.695Z] INFO: GET / 404 6ms
[2026-08-28T12:09:37.702Z] INFO: GET /index.html 404 1ms
[2026-08-28T12:09:37.772Z] INFO: GET / 404 1ms
[2026-08-28T12:09:37.772Z] INFO: GET /index.html 404 0ms
[2026-08-28T12:09:37.890Z] INFO: GET / 404 1ms
[2026-08-28T12:09:37.891Z] INFO: GET /index.html 404 1ms
[2026-08-28T12:09:38.160Z] INFO: GET / 404 0ms
[2026-08-28T12:09:38.161Z] INFO: GET /index.html 404 1ms
[2026-08-28T12:09:38.677Z] INFO: GET / 404 1ms
[2026-08-28T12:09:38.678Z] INFO: GET /index.html 404 1ms
[2026-08-28T12:09:39.684Z] INFO: GET / 404 0ms
[2026-08-28T12:09:39.685Z] INFO: GET /index.html 404 0ms
[2026-08-28T12:23:02.217Z] INFO: GET / 404 1ms
[2026-08-28T12:28:53.881Z] INFO: Database connected
[2026-08-28T12:28:53.882Z] INFO: Server listening on port 3000
[2026-08-28T12:41:32.661Z] INFO: Database connected
[2026-08-28T12:41:32.689Z] INFO: Server listening on port 3000
[2026-08-28T12:41:32.804Z] INFO: GET / 404 9ms
[2026-08-28T12:41:32.818Z] INFO: GET /index.html 404 6ms
[2026-08-28T12:41:33.762Z] INFO: GET / 404 1ms
[2026-08-28T12:41:33.770Z] INFO: GET /index.html 404 0ms
[2026-08-28T12:41:34.773Z] INFO: GET / 404 1ms
[2026-08-28T12:41:34.773Z] INFO: GET /index.html 404 0ms
[2026-08-28T12:41:35.785Z] INFO: GET / 404 1ms
[2026-08-28T12:41:35.787Z] INFO: GET /index.html 404 0ms
[2026-08-28T12:41:36.803Z] INFO: GET / 404 1ms
[2026-08-28T12:41:36.805Z] INFO: GET /index.html 404 0ms
[2026-08-28T12:41:37.816Z] INFO: GET / 404 1ms
[2026-08-28T12:41:37.817Z] INFO: GET /index.html 404 1ms
[2026-08-28T12:41:38.832Z] INFO: GET / 404 1ms
[2026-08-28T12:41:38.833Z] INFO: GET /index.html 404 1ms
[2026-08-28T12:41:39.836Z] INFO: GET / 404 1ms
[2026-08-28T12:41:39.836Z] INFO: GET /index.html 404 0ms
[2026-08-28T12:41:40.852Z] INFO: GET / 404 1ms
[2026-08-28T12:41:40.853Z] INFO: GET /index.html 404 1ms
[2026-08-28T12:41:41.856Z] INFO: GET / 404 1ms
[2026-08-28T12:41:41.856Z] INFO: GET /index.html 404 1ms
[2026-08-28T12:41:42.860Z] INFO: GET / 404 0ms
[2026-08-28T12:41:42.861Z] INFO: GET /index.html 404 0ms
[2026-08-28T12:41:43.868Z] INFO: GET / 404 1ms
[2026-08-28T12:41:43.869Z] INFO: GET /index.html 404 0ms
[2026-08-28T12:41:44.878Z] INFO: GET / 404 1ms
[2026-08-28T12:41:44.879Z] INFO: GET /index.html 404 1ms
[2026-08-28T12:41:45.893Z] INFO: GET / 404 1ms
[2026-08-28T12:41:45.894Z] INFO: GET /index.html 404 1ms
[2026-08-28T12:41:46.911Z] INFO: GET / 404 1ms
[2026-08-28T12:41:46.912Z] INFO: GET /index.html 404 1ms
[2026-08-28T12:41:47.920Z] INFO: GET / 404 1ms
[2026-08-28T12:41:47.921Z] INFO: GET /index.html 404 1ms
[2026-08-28T12:41:48.940Z] INFO: GET / 404 1ms
[2026-08-28T12:41:48.941Z] INFO: GET /index.html 404 1ms
[2026-08-28T12:41:49.953Z] INFO: GET / 404 1ms
[2026-08-28T12:41:49.954Z] INFO: GET /index.html 404 1ms
[2026-08-28T12:41:50.959Z] INFO: GET / 404 1ms
[2026-08-28T12:41:50.960Z] INFO: GET /index.html 404 0ms
[2026-08-28T12:41:51.975Z] INFO: GET / 404 1ms
[2026-08-28T12:41:51.975Z] INFO: GET /index.html 404 0ms
[2026-08-28T12:41:53.018Z] INFO: GET /index.html 404 0ms
[2026-08-28T12:41:53.018Z] INFO: GET / 404 1ms
[2026-08-28T12:41:54.032Z] INFO: GET / 404 1ms
[2026-08-28T12:41:54.034Z] INFO: GET /index.html 404 1ms
[2026-08-28T12:41:55.049Z] INFO: GET / 404 1ms
[2026-08-28T12:41:55.049Z] INFO: GET /index.html 404 1ms
[2026-08-28T12:41:56.066Z] INFO: GET / 404 1ms
[2026-08-28T12:41:56.066Z] INFO: GET /index.html 404 1ms
[2026-08-28T12:41:57.078Z] INFO: GET / 404 1ms
[2026-08-28T12:41:57.081Z] INFO: GET /index.html 404 1ms
[2026-08-28T12:41:58.087Z] INFO: GET / 404 1ms
[2026-08-28T12:41:58.088Z] INFO: GET /index.html 404 1ms
[2026-08-28T12:41:59.099Z] INFO: GET /index.html 404 1ms
[2026-08-28T12:41:59.098Z] INFO: GET / 404 1ms
[2026-08-28T12:42:00.111Z] INFO: GET / 404 1ms
[2026-08-28T12:42:00.111Z] INFO: GET /index.html 404 1ms
[2026-08-28T12:42:01.127Z] INFO: GET / 404 1ms
[2026-08-28T12:42:01.128Z] INFO: GET /index.html 404 0ms
[2026-08-28T12:42:02.140Z] INFO: GET / 404 1ms
[2026-08-28T12:42:02.140Z] INFO: GET /index.html 404 1ms
[2026-08-28T12:42:03.151Z] INFO: GET / 404 1ms
[2026-08-28T12:42:03.152Z] INFO: GET /index.html 404 1ms
[2026-08-28T12:42:04.161Z] INFO: GET / 404 1ms
[2026-08-28T12:42:04.162Z] INFO: GET /index.html 404 1ms
[2026-08-28T12:42:05.180Z] INFO: GET / 404 2ms
[2026-08-28T12:42:05.181Z] INFO: GET /index.html 404 1ms
[2026-08-28T12:42:06.186Z] INFO: GET / 404 1ms
[2026-08-28T12:42:06.186Z] INFO: GET /index.html 404 1ms
[2026-08-28T12:42:07.195Z] INFO: GET / 404 1ms
[2026-08-28T12:42:07.199Z] INFO: GET /index.html 404 2ms
[2026-08-28T12:42:08.211Z] INFO: GET / 404 1ms
[2026-08-28T12:42:08.212Z] INFO: GET /index.html 404 1ms
[2026-08-28T12:42:09.226Z] INFO: GET / 404 1ms
[2026-08-28T12:42:09.227Z] INFO: GET /index.html 404 1ms
[2026-08-28T12:42:10.240Z] INFO: GET / 404 1ms
[2026-08-28T12:42:10.240Z] INFO: GET /index.html 404 0ms
[2026-08-28T12:42:11.255Z] INFO: GET / 404 1ms
[2026-08-28T12:42:11.256Z] INFO: GET /index.html 404 1ms
[2026-08-28T12:42:12.271Z] INFO: GET / 404 1ms
[2026-08-28T12:42:12.272Z] INFO: GET /index.html 404 1ms
[2026-08-28T12:42:13.288Z] INFO: GET / 404 1ms
[2026-08-28T12:42:13.289Z] INFO: GET /index.html 404 1ms
[2026-08-28T12:42:14.301Z] INFO: GET / 404 1ms
[2026-08-28T12:42:14.301Z] INFO: GET /index.html 404 1ms
[2026-08-28T12:42:15.313Z] INFO: GET / 404 1ms
[2026-08-28T12:42:15.315Z] INFO: GET /index.html 404 1ms
[2026-08-28T12:42:16.327Z] INFO: GET / 404 0ms
[2026-08-28T12:42:16.327Z] INFO: GET /index.html 404 0ms
[2026-08-28T12:42:17.344Z] INFO: GET / 404 1ms
[2026-08-28T12:42:17.345Z] INFO: GET /index.html 404 1ms
[2026-08-28T12:42:18.359Z] INFO: GET / 404 0ms
[2026-08-28T12:42:18.359Z] INFO: GET /index.html 404 0ms
[2026-08-28T12:44:58.316Z] INFO: Server listening on port 3000
[2026-08-28T12:44:58.313Z] INFO: Database connected
[2026-08-28T12:51:53.171Z] INFO: Database connected
[2026-08-28T12:51:53.175Z] INFO: Server listening on port 3000
[2026-08-28T12:51:53.407Z] INFO: GET / 404 6ms
[2026-08-28T12:51:53.415Z] INFO: GET /index.html 404 1ms
[2026-08-28T12:51:54.422Z] INFO: GET / 404 1ms
[2026-08-28T12:51:54.425Z] INFO: GET /index.html 404 1ms
[2026-08-28T12:51:55.442Z] INFO: GET / 404 1ms
[2026-08-28T12:51:55.445Z] INFO: GET /index.html 404 1ms
[2026-08-28T12:51:56.462Z] INFO: GET / 404 1ms
[2026-08-28T12:51:56.465Z] INFO: GET /index.html 404 1ms
[2026-08-28T12:51:57.483Z] INFO: GET / 404 3ms
[2026-08-28T12:51:57.487Z] INFO: GET /index.html 404 1ms
[2026-08-28T12:51:58.494Z] INFO: GET / 404 1ms
[2026-08-28T12:51:58.495Z] INFO: GET /index.html 404 1ms
[2026-08-28T12:51:59.502Z] INFO: GET / 404 0ms
[2026-08-28T12:51:59.503Z] INFO: GET /index.html 404 1ms
[2026-08-28T12:52:00.508Z] INFO: GET / 404 1ms
[2026-08-28T12:52:00.508Z] INFO: GET /index.html 404 1ms
[2026-08-28T12:52:01.523Z] INFO: GET / 404 1ms
[2026-08-28T12:52:01.524Z] INFO: GET /index.html 404 0ms
[2026-08-28T12:52:02.535Z] INFO: GET / 404 1ms
[2026-08-28T12:52:02.537Z] INFO: GET /index.html 404 0ms
[2026-08-28T12:52:03.552Z] INFO: GET / 404 1ms
[2026-08-28T12:52:03.552Z] INFO: GET /index.html 404 1ms
[2026-08-28T12:52:04.565Z] INFO: GET / 404 1ms
[2026-08-28T12:52:04.566Z] INFO: GET /index.html 404 0ms
[2026-08-28T12:52:05.570Z] INFO: GET / 404 1ms
[2026-08-28T12:52:05.570Z] INFO: GET /index.html 404 1ms
[2026-08-28T12:52:06.572Z] INFO: GET / 404 1ms
[2026-08-28T12:52:06.574Z] INFO: GET /index.html 404 0ms
[2026-08-28T12:52:07.586Z] INFO: GET / 404 1ms
[2026-08-28T12:52:07.586Z] INFO: GET /index.html 404 1ms
[2026-08-28T12:52:08.604Z] INFO: GET / 404 0ms
[2026-08-28T12:52:08.604Z] INFO: GET /index.html 404 1ms
[2026-08-28T12:52:09.618Z] INFO: GET /index.html 404 0ms
[2026-08-28T12:52:09.618Z] INFO: GET / 404 1ms
[2026-08-28T12:52:10.622Z] INFO: GET / 404 1ms
[2026-08-28T12:52:10.622Z] INFO: GET /index.html 404 0ms
[2026-08-28T12:52:11.637Z] INFO: GET / 404 0ms
[2026-08-28T12:52:11.637Z] INFO: GET /index.html 404 0ms
[2026-08-28T12:52:12.639Z] INFO: GET / 404 0ms
[2026-08-28T12:52:12.640Z] INFO: GET /index.html 404 0ms
[2026-08-28T12:52:13.653Z] INFO: GET / 404 0ms
[2026-08-28T12:52:13.654Z] INFO: GET /index.html 404 0ms
[2026-08-28T12:52:14.658Z] INFO: GET / 404 0ms
[2026-08-28T12:52:14.658Z] INFO: GET /index.html 404 1ms
[2026-08-28T12:52:15.670Z] INFO: GET / 404 0ms
[2026-08-28T12:52:15.671Z] INFO: GET /index.html 404 0ms
[2026-08-28T12:52:16.680Z] INFO: GET / 404 1ms
[2026-08-28T12:52:16.680Z] INFO: GET /index.html 404 1ms
[2026-08-28T12:52:17.699Z] INFO: GET / 404 3ms
[2026-08-28T12:52:17.700Z] INFO: GET /index.html 404 1ms
[2026-08-28T12:52:18.713Z] INFO: GET / 404 2ms
[2026-08-28T12:52:18.714Z] INFO: GET /index.html 404 2ms
[2026-08-28T12:52:19.722Z] INFO: GET / 404 1ms
[2026-08-28T12:52:19.723Z] INFO: GET /index.html 404 0ms
[2026-08-28T12:52:20.741Z] INFO: GET / 404 1ms
[2026-08-28T12:52:20.741Z] INFO: GET /index.html 404 1ms
[2026-08-28T12:52:21.755Z] INFO: GET / 404 1ms
[2026-08-28T12:52:21.756Z] INFO: GET /index.html 404 0ms
[2026-08-28T12:52:22.774Z] INFO: GET /index.html 404 1ms
[2026-08-28T12:52:22.773Z] INFO: GET / 404 1ms
[2026-08-28T12:52:23.787Z] INFO: GET / 404 1ms
[2026-08-28T12:52:23.787Z] INFO: GET /index.html 404 1ms
[2026-08-28T12:52:24.802Z] INFO: GET / 404 1ms
[2026-08-28T12:52:24.803Z] INFO: GET /index.html 404 0ms
[2026-08-28T12:52:25.823Z] INFO: GET / 404 1ms
[2026-08-28T12:52:25.823Z] INFO: GET /index.html 404 1ms
[2026-08-28T12:52:26.833Z] INFO: GET / 404 1ms
[2026-08-28T12:52:26.833Z] INFO: GET /index.html 404 0ms
[2026-08-28T12:52:27.849Z] INFO: GET / 404 1ms
[2026-08-28T12:52:27.850Z] INFO: GET /index.html 404 1ms
[2026-08-28T12:52:28.866Z] INFO: GET / 404 1ms
[2026-08-28T12:52:28.867Z] INFO: GET /index.html 404 1ms
[2026-08-28T12:52:29.881Z] INFO: GET / 404 1ms
[2026-08-28T12:52:29.881Z] INFO: GET /index.html 404 1ms
[2026-08-28T12:52:30.900Z] INFO: GET / 404 1ms
[2026-08-28T12:52:30.901Z] INFO: GET /index.html 404 1ms
[2026-08-28T12:52:31.911Z] INFO: GET / 404 0ms
[2026-08-28T12:52:31.912Z] INFO: GET /index.html 404 1ms
[2026-08-28T12:52:32.930Z] INFO: GET / 404 0ms
[2026-08-28T12:52:32.930Z] INFO: GET /index.html 404 1ms
[2026-08-28T12:52:33.945Z] INFO: GET / 404 1ms
[2026-08-28T12:52:33.945Z] INFO: GET /index.html 404 0ms
[2026-08-28T12:52:34.951Z] INFO: GET / 404 1ms
[2026-08-28T12:52:34.952Z] INFO: GET /index.html 404 1ms
[2026-08-28T12:52:35.964Z] INFO: GET / 404 1ms
[2026-08-28T12:52:35.965Z] INFO: GET /index.html 404 0ms
[2026-08-28T12:52:36.985Z] INFO: GET / 404 0ms
[2026-08-28T12:52:36.985Z] INFO: GET /index.html 404 1ms
[2026-08-28T12:52:37.996Z] INFO: GET / 404 0ms
[2026-08-28T12:52:37.997Z] INFO: GET /index.html 404 1ms
[2026-08-28T12:52:39.009Z] INFO: GET / 404 0ms
[2026-08-28T12:52:39.009Z] INFO: GET /index.html 404 1ms
[2026-08-28T12:52:40.014Z] INFO: GET / 404 1ms
[2026-08-28T12:52:40.016Z] INFO: GET /index.html 404 0ms
[2026-08-28T12:52:41.021Z] INFO: GET / 404 0ms
[2026-08-28T12:52:41.023Z] INFO: GET /index.html 404 1ms
[2026-08-28T12:52:42.033Z] INFO: GET / 404 1ms
[2026-08-28T12:52:42.034Z] INFO: GET /index.html 404 0ms
[2026-08-28T12:52:43.039Z] INFO: GET / 404 1ms
[2026-08-28T12:52:43.039Z] INFO: GET /index.html 404 1ms
[2026-08-28T12:52:44.056Z] INFO: GET / 404 1ms
[2026-08-28T12:52:44.056Z] INFO: GET /index.html 404 1ms
[2026-08-28T12:52:45.065Z] INFO: GET / 404 0ms
[2026-08-28T12:52:45.066Z] INFO: GET /index.html 404 1ms
[2026-08-28T12:52:46.069Z] INFO: GET / 404 1ms
[2026-08-28T12:52:46.069Z] INFO: GET /index.html 404 1ms
[2026-08-28T12:52:47.073Z] INFO: GET / 404 0ms
[2026-08-28T12:52:47.073Z] INFO: GET /index.html 404 1ms
[2026-08-28T12:52:48.077Z] INFO: GET / 404 0ms
[2026-08-28T12:52:48.079Z] INFO: GET /index.html 404 0ms
[2026-08-28T12:52:49.093Z] INFO: GET / 404 1ms
[2026-08-28T12:52:49.093Z] INFO: GET /index.html 404 0ms
[2026-08-28T13:04:30.088Z] INFO: Database connected
[2026-08-28T13:04:30.090Z] INFO: Server listening on port 3000
[2026-08-28T13:04:30.939Z] INFO: GET / 404 4ms
[2026-08-28T13:04:30.943Z] INFO: GET /index.html 404 1ms
[2026-08-28T13:04:31.964Z] INFO: GET / 404 0ms
[2026-08-28T13:04:31.964Z] INFO: GET /index.html 404 1ms
[2026-08-28T13:04:32.976Z] INFO: GET / 404 1ms
[2026-08-28T13:04:32.979Z] INFO: GET /index.html 404 1ms
[2026-08-28T13:04:33.988Z] INFO: GET / 404 1ms
[2026-08-28T13:04:33.989Z] INFO: GET /index.html 404 0ms
[2026-08-28T13:04:35.003Z] INFO: GET / 404 2ms
[2026-08-28T13:04:35.006Z] INFO: GET /index.html 404 1ms
[2026-08-28T13:04:36.022Z] INFO: GET / 404 1ms
[2026-08-28T13:04:36.022Z] INFO: GET /index.html 404 1ms
[2026-08-28T13:04:37.026Z] INFO: GET / 404 1ms
[2026-08-28T13:04:37.027Z] INFO: GET /index.html 404 0ms
[2026-08-28T13:04:38.041Z] INFO: GET / 404 1ms
[2026-08-28T13:04:38.041Z] INFO: GET /index.html 404 1ms
[2026-08-28T13:04:39.058Z] INFO: GET / 404 1ms
[2026-08-28T13:04:39.059Z] INFO: GET /index.html 404 0ms
[2026-08-28T13:04:40.073Z] INFO: GET / 404 1ms
[2026-08-28T13:04:40.074Z] INFO: GET /index.html 404 1ms
[2026-08-28T13:04:41.083Z] INFO: GET / 404 1ms
[2026-08-28T13:04:41.083Z] INFO: GET /index.html 404 1ms
[2026-08-28T13:04:42.098Z] INFO: GET /index.html 404 1ms
[2026-08-28T13:04:42.097Z] INFO: GET / 404 1ms
[2026-08-28T13:04:43.097Z] INFO: GET / 404 1ms
[2026-08-28T13:04:43.098Z] INFO: GET /index.html 404 1ms
[2026-08-28T13:04:44.109Z] INFO: GET / 404 1ms
[2026-08-28T13:04:44.111Z] INFO: GET /index.html 404 0ms
[2026-08-28T13:04:45.125Z] INFO: GET / 404 0ms
[2026-08-28T13:04:45.126Z] INFO: GET /index.html 404 0ms
[2026-08-28T13:04:46.139Z] INFO: GET / 404 0ms
[2026-08-28T13:04:46.140Z] INFO: GET /index.html 404 1ms
[2026-08-28T13:04:47.156Z] INFO: GET / 404 1ms
[2026-08-28T13:04:47.157Z] INFO: GET /index.html 404 1ms
[2026-08-28T13:04:48.167Z] INFO: GET / 404 1ms
[2026-08-28T13:04:48.167Z] INFO: GET /index.html 404 1ms
[2026-08-28T13:04:49.173Z] INFO: GET / 404 1ms
[2026-08-28T13:04:49.176Z] INFO: GET /index.html 404 1ms
[2026-08-28T13:04:50.190Z] INFO: GET / 404 2ms
[2026-08-28T13:04:50.191Z] INFO: GET /index.html 404 1ms
[2026-08-28T13:04:51.201Z] INFO: GET / 404 0ms
[2026-08-28T13:04:51.201Z] INFO: GET /index.html 404 1ms
[2026-08-28T13:04:52.216Z] INFO: GET / 404 0ms
[2026-08-28T13:04:52.217Z] INFO: GET /index.html 404 1ms
[2026-08-28T13:04:53.224Z] INFO: GET /index.html 404 1ms
[2026-08-28T13:04:53.224Z] INFO: GET / 404 1ms
[2026-08-28T13:04:54.237Z] INFO: GET / 404 2ms
[2026-08-28T13:04:54.237Z] INFO: GET /index.html 404 1ms
[2026-08-28T13:04:55.257Z] INFO: GET / 404 2ms
[2026-08-28T13:04:55.258Z] INFO: GET /index.html 404 1ms
[2026-08-28T13:04:56.275Z] INFO: GET / 404 0ms
[2026-08-28T13:04:56.275Z] INFO: GET /index.html 404 0ms
[2026-08-28T13:04:57.292Z] INFO: GET / 404 1ms
[2026-08-28T13:04:57.292Z] INFO: GET /index.html 404 0ms
[2026-08-28T13:04:58.303Z] INFO: GET / 404 0ms
[2026-08-28T13:04:58.304Z] INFO: GET /index.html 404 0ms
[2026-08-28T13:04:59.316Z] INFO: GET / 404 1ms
[2026-08-28T13:04:59.317Z] INFO: GET /index.html 404 1ms
[2026-08-28T13:05:00.331Z] INFO: GET / 404 0ms
[2026-08-28T13:05:00.332Z] INFO: GET /index.html 404 0ms
[2026-08-28T13:05:01.347Z] INFO: GET / 404 1ms
[2026-08-28T13:05:01.348Z] INFO: GET /index.html 404 0ms
[2026-08-28T13:05:02.358Z] INFO: GET / 404 1ms
[2026-08-28T13:05:02.358Z] INFO: GET /index.html 404 1ms
[2026-08-28T13:05:03.375Z] INFO: GET / 404 1ms
[2026-08-28T13:05:03.376Z] INFO: GET /index.html 404 0ms
[2026-08-28T13:05:04.393Z] INFO: GET / 404 0ms
[2026-08-28T13:05:04.394Z] INFO: GET /index.html 404 0ms
[2026-08-28T13:05:05.409Z] INFO: GET / 404 1ms
[2026-08-28T13:05:05.409Z] INFO: GET /index.html 404 0ms
[2026-08-28T13:05:06.419Z] INFO: GET / 404 0ms
[2026-08-28T13:05:06.419Z] INFO: GET /index.html 404 0ms
[2026-08-28T13:05:07.434Z] INFO: GET / 404 1ms
[2026-08-28T13:05:07.434Z] INFO: GET /index.html 404 0ms
[2026-08-28T13:05:08.445Z] INFO: GET / 404 1ms
[2026-08-28T13:05:08.446Z] INFO: GET /index.html 404 1ms
[2026-08-28T13:05:09.462Z] INFO: GET / 404 1ms
[2026-08-28T13:05:09.463Z] INFO: GET /index.html 404 1ms
[2026-08-28T13:05:10.473Z] INFO: GET / 404 0ms
[2026-08-28T13:05:10.474Z] INFO: GET /index.html 404 1ms
[2026-08-28T13:05:11.494Z] INFO: GET / 404 1ms
[2026-08-28T13:05:11.496Z] INFO: GET /index.html 404 1ms
[2026-08-28T13:05:12.501Z] INFO: GET / 404 1ms
[2026-08-28T13:05:12.501Z] INFO: GET /index.html 404 1ms
[2026-08-28T13:05:13.515Z] INFO: GET / 404 1ms
[2026-08-28T13:05:13.518Z] INFO: GET /index.html 404 1ms
[2026-08-28T13:05:14.529Z] INFO: GET / 404 1ms
[2026-08-28T13:05:14.531Z] INFO: GET /index.html 404 2ms
[2026-08-28T13:05:15.542Z] INFO: GET / 404 2ms
[2026-08-28T13:05:15.544Z] INFO: GET /index.html 404 1ms
[2026-08-28T13:05:16.554Z] INFO: GET / 404 1ms
[2026-08-28T13:05:16.555Z] INFO: GET /index.html 404 1ms
[2026-08-28T13:05:17.570Z] INFO: GET / 404 1ms
[2026-08-28T13:05:17.570Z] INFO: GET /index.html 404 1ms
[2026-08-28T13:05:18.572Z] INFO: GET /index.html 404 0ms
[2026-08-28T13:05:18.572Z] INFO: GET / 404 0ms
[2026-08-28T13:05:19.614Z] INFO: GET /index.html 404 2ms
[2026-08-28T13:05:19.614Z] INFO: GET / 404 1ms
[2026-08-28T13:05:20.610Z] INFO: GET / 404 1ms
[2026-08-28T13:05:20.610Z] INFO: GET /index.html 404 1ms
[2026-08-28T13:05:21.623Z] INFO: GET / 404 1ms
[2026-08-28T13:05:21.623Z] INFO: GET /index.html 404 1ms
[2026-08-28T13:05:22.643Z] INFO: GET / 404 0ms
[2026-08-28T13:05:22.643Z] INFO: GET /index.html 404 0ms
[2026-08-28T13:05:23.654Z] INFO: GET / 404 0ms
[2026-08-28T13:05:23.654Z] INFO: GET /index.html 404 1ms
[2026-08-28T13:05:24.672Z] INFO: GET / 404 1ms
[2026-08-28T13:05:24.672Z] INFO: GET /index.html 404 0ms
[2026-08-28T13:05:25.685Z] INFO: GET / 404 1ms
[2026-08-28T13:05:25.686Z] INFO: GET /index.html 404 0ms
[2026-08-28T13:20:29.297Z] INFO: Server listening on port 3000
[2026-08-28T13:20:29.779Z] INFO: Database connected
[2026-08-28T13:41:35.102Z] INFO: GET / 404 19ms
[2026-08-28T13:41:35.104Z] INFO: GET /index.html 404 1ms
[2026-08-28T13:41:35.204Z] INFO: GET / 404 1ms
[2026-08-28T13:41:35.209Z] INFO: GET /index.html 404 1ms
[2026-08-28T13:41:35.329Z] INFO: GET / 404 0ms
[2026-08-28T13:41:35.336Z] INFO: GET /index.html 404 4ms
[2026-08-28T13:41:35.591Z] INFO: GET / 404 0ms
[2026-08-28T13:41:35.595Z] INFO: GET /index.html 404 1ms
[2026-08-28T13:41:36.108Z] INFO: GET / 404 1ms
[2026-08-28T13:41:36.112Z] INFO: GET /index.html 404 1ms
[2026-08-28T13:41:37.120Z] INFO: GET / 404 1ms
[2026-08-28T13:41:37.126Z] INFO: GET /index.html 404 1ms
[2026-08-28T13:41:38.131Z] INFO: GET / 404 1ms
[2026-08-28T13:41:38.133Z] INFO: GET /index.html 404 1ms
[2026-08-28T13:41:39.159Z] INFO: GET / 404 1ms
[2026-08-28T13:41:39.172Z] INFO: GET /index.html 404 1ms
[2026-08-28T13:41:40.205Z] INFO: GET / 404 1ms
[2026-08-28T13:41:40.215Z] INFO: GET /index.html 404 1ms
[2026-08-28T13:42:50.382Z] INFO: Server listening on port 3000
[2026-08-28T13:42:50.601Z] INFO: GET / 404 13ms
[2026-08-28T13:42:50.611Z] INFO: GET /index.html 404 1ms
[2026-08-28T13:42:51.626Z] INFO: GET / 404 1ms
[2026-08-28T13:42:51.632Z] INFO: GET /index.html 404 0ms
[2026-08-28T13:42:52.637Z] INFO: GET / 404 1ms
[2026-08-28T13:42:52.640Z] INFO: GET /index.html 404 1ms
[2026-08-28T13:42:52.977Z] INFO: Database connected
[2026-08-28T13:42:53.653Z] INFO: GET / 404 1ms
[2026-08-28T13:42:53.658Z] INFO: GET /index.html 404 1ms
[2026-08-28T13:42:54.684Z] INFO: GET / 404 4ms
[2026-08-28T13:42:54.698Z] INFO: GET /index.html 404 2ms
[2026-08-28T13:42:55.706Z] INFO: GET / 404 1ms
[2026-08-28T13:42:55.709Z] INFO: GET /index.html 404 1ms
[2026-08-28T13:42:56.720Z] INFO: GET / 404 0ms
[2026-08-28T13:42:56.724Z] INFO: GET /index.html 404 1ms
[2026-08-28T13:42:57.733Z] INFO: GET / 404 0ms
[2026-08-28T13:42:57.737Z] INFO: GET /index.html 404 1ms
[2026-08-28T13:42:58.752Z] INFO: GET / 404 1ms
[2026-08-28T13:42:58.765Z] INFO: GET /index.html 404 1ms
[2026-08-28T13:42:59.786Z] INFO: GET / 404 1ms
[2026-08-28T13:42:59.793Z] INFO: GET /index.html 404 0ms
[2026-08-28T13:43:00.834Z] INFO: GET / 404 1ms
[2026-08-28T13:43:00.855Z] INFO: GET /index.html 404 0ms
[2026-08-28T13:43:01.873Z] INFO: GET / 404 0ms
[2026-08-28T13:43:01.879Z] INFO: GET /index.html 404 1ms
[2026-08-28T13:43:02.887Z] INFO: GET / 404 1ms
[2026-08-28T13:43:02.890Z] INFO: GET /index.html 404 1ms
[2026-08-28T13:43:03.902Z] INFO: GET / 404 2ms
[2026-08-28T13:43:03.909Z] INFO: GET /index.html 404 1ms
[2026-08-28T13:43:04.971Z] INFO: GET / 404 1ms
[2026-08-28T13:43:04.998Z] INFO: GET /index.html 404 1ms
[2026-08-28T13:43:06.050Z] INFO: GET / 404 2ms
[2026-08-28T13:43:06.058Z] INFO: GET /index.html 404 1ms
[2026-08-28T13:43:07.080Z] INFO: GET / 404 0ms
[2026-08-28T13:43:07.083Z] INFO: GET /index.html 404 1ms
[2026-08-28T13:43:08.088Z] INFO: GET / 404 0ms
[2026-08-28T13:43:08.090Z] INFO: GET /index.html 404 1ms
[2026-08-28T13:43:09.101Z] INFO: GET / 404 1ms
[2026-08-28T13:43:09.105Z] INFO: GET /index.html 404 0ms
[2026-08-28T13:43:10.114Z] INFO: GET / 404 1ms
[2026-08-28T13:43:10.132Z] INFO: GET /index.html 404 0ms
[2026-08-28T13:43:11.142Z] INFO: GET / 404 1ms
[2026-08-28T13:43:11.145Z] INFO: GET /index.html 404 0ms
[2026-08-28T13:43:12.155Z] INFO: GET / 404 1ms
[2026-08-28T13:43:12.157Z] INFO: GET /index.html 404 1ms
[2026-08-28T13:43:13.164Z] INFO: GET / 404 1ms
[2026-08-28T13:43:13.166Z] INFO: GET /index.html 404 0ms
[2026-08-28T13:43:14.177Z] INFO: GET / 404 1ms
[2026-08-28T13:43:14.179Z] INFO: GET /index.html 404 1ms
[2026-08-28T13:43:15.190Z] INFO: GET / 404 1ms
[2026-08-28T13:43:15.192Z] INFO: GET /index.html 404 1ms
[2026-08-28T13:43:16.200Z] INFO: GET / 404 1ms
[2026-08-28T13:43:16.205Z] INFO: GET /index.html 404 0ms
[2026-08-28T13:43:17.217Z] INFO: GET / 404 1ms
[2026-08-28T13:43:17.222Z] INFO: GET /index.html 404 1ms
[2026-08-28T13:43:18.231Z] INFO: GET / 404 1ms
[2026-08-28T13:43:18.235Z] INFO: GET /index.html 404 1ms
[2026-08-28T13:43:19.252Z] INFO: GET / 404 1ms
[2026-08-28T13:43:19.256Z] INFO: GET /index.html 404 1ms
[2026-08-28T13:43:20.278Z] INFO: GET / 404 0ms
[2026-08-28T13:43:20.288Z] INFO: GET /index.html 404 1ms
[2026-08-28T13:43:21.318Z] INFO: GET / 404 0ms
[2026-08-28T13:43:21.325Z] INFO: GET /index.html 404 1ms
[2026-08-28T13:43:22.334Z] INFO: GET / 404 1ms
[2026-08-28T13:43:22.338Z] INFO: GET /index.html 404 1ms
[2026-08-28T13:43:23.347Z] INFO: GET / 404 1ms
[2026-08-28T13:43:23.350Z] INFO: GET /index.html 404 0ms
[2026-08-28T13:43:24.361Z] INFO: GET / 404 1ms
[2026-08-28T13:43:24.364Z] INFO: GET /index.html 404 1ms
[2026-08-28T13:43:25.376Z] INFO: GET / 404 1ms
[2026-08-28T13:43:25.380Z] INFO: GET /index.html 404 1ms
[2026-08-28T13:43:26.390Z] INFO: GET / 404 1ms
[2026-08-28T13:43:26.394Z] INFO: GET /index.html 404 1ms
[2026-08-28T13:43:27.424Z] INFO: GET / 404 0ms
[2026-08-28T13:43:27.456Z] INFO: GET /index.html 404 1ms
[2026-08-28T13:43:28.471Z] INFO: GET / 404 0ms
[2026-08-28T13:43:28.477Z] INFO: GET /index.html 404 1ms
[2026-08-28T13:43:29.497Z] INFO: GET / 404 1ms
[2026-08-28T13:43:29.498Z] INFO: GET /index.html 404 1ms
[2026-08-28T13:43:30.510Z] INFO: GET / 404 1ms
[2026-08-28T13:43:30.514Z] INFO: GET /index.html 404 1ms
[2026-08-28T13:43:31.527Z] INFO: GET / 404 2ms
[2026-08-28T13:43:31.532Z] INFO: GET /index.html 404 0ms
[2026-08-28T13:43:32.557Z] INFO: GET / 404 1ms
[2026-08-28T13:43:32.560Z] INFO: GET /index.html 404 1ms
[2026-08-28T13:43:33.571Z] INFO: GET / 404 1ms
[2026-08-28T13:43:33.574Z] INFO: GET /index.html 404 1ms
[2026-08-28T13:43:34.600Z] INFO: GET / 404 1ms
[2026-08-28T13:43:34.614Z] INFO: GET /index.html 404 0ms
[2026-08-28T13:43:35.624Z] INFO: GET / 404 1ms
[2026-08-28T13:43:35.626Z] INFO: GET /index.html 404 1ms
[2026-08-28T13:43:36.640Z] INFO: GET / 404 1ms
[2026-08-28T13:43:36.644Z] INFO: GET /index.html 404 1ms
[2026-08-28T13:43:37.649Z] INFO: GET / 404 1ms
[2026-08-28T13:43:37.650Z] INFO: GET /index.html 404 0ms
[2026-08-28T13:43:38.667Z] INFO: GET / 404 2ms
[2026-08-28T13:43:38.690Z] INFO: GET /index.html 404 1ms
[2026-08-28T13:43:39.730Z] INFO: GET / 404 1ms
[2026-08-28T13:43:39.734Z] INFO: GET /index.html 404 1ms
[2026-08-28T13:43:40.754Z] INFO: GET / 404 1ms
[2026-08-28T13:43:40.755Z] INFO: GET /index.html 404 1ms
[2026-08-28T13:43:41.784Z] INFO: GET / 404 1ms
[2026-08-28T13:43:41.789Z] INFO: GET /index.html 404 2ms
[2026-08-28T13:43:42.804Z] INFO: GET / 404 1ms
[2026-08-28T13:43:42.809Z] INFO: GET /index.html 404 1ms
[2026-08-28T13:43:43.836Z] INFO: GET / 404 0ms
[2026-08-28T13:43:43.840Z] INFO: GET /index.html 404 0ms
[2026-08-28T13:43:44.859Z] INFO: GET / 404 1ms
[2026-08-28T13:43:44.864Z] INFO: GET /index.html 404 1ms
[2026-08-29T04:56:05.864Z] INFO: Server listening on port 3000
[2026-08-29T04:56:06.513Z] INFO: GET / 404 10ms
[2026-08-29T04:56:06.522Z] INFO: GET /index.html 404 2ms
[2026-08-29T04:56:07.535Z] INFO: GET / 404 2ms
[2026-08-29T04:56:07.535Z] INFO: GET /index.html 404 1ms
[2026-08-29T04:56:08.546Z] INFO: GET / 404 0ms
[2026-08-29T04:56:08.546Z] INFO: GET /index.html 404 0ms
[2026-08-29T04:56:09.557Z] INFO: GET / 404 0ms
[2026-08-29T04:56:09.557Z] INFO: GET /index.html 404 0ms
[2026-08-29T04:56:10.576Z] INFO: GET / 404 1ms
[2026-08-29T04:56:10.576Z] INFO: GET /index.html 404 0ms
[2026-08-29T04:56:11.256Z] ERROR: MongoDB unavailable: Server selection timed out after 5000 ms
[2026-08-29T04:56:11.256Z] ERROR: Database connection failed: Server selection timed out after 5000 ms
[2026-08-29T04:56:11.593Z] INFO: GET / 404 1ms
[2026-08-29T04:56:11.594Z] INFO: GET /index.html 404 1ms
[2026-08-29T04:56:12.607Z] INFO: GET / 404 1ms
[2026-08-29T04:56:12.608Z] INFO: GET /index.html 404 1ms
[2026-08-29T04:56:13.679Z] INFO: GET / 404 2ms
[2026-08-29T04:56:13.679Z] INFO: GET /index.html 404 2ms
[2026-08-29T04:56:14.680Z] INFO: GET / 404 0ms
[2026-08-29T04:56:14.680Z] INFO: GET /index.html 404 0ms
[2026-08-29T04:56:15.685Z] INFO: GET / 404 0ms
[2026-08-29T04:56:15.686Z] INFO: GET /index.html 404 1ms
[2026-08-29T04:56:16.698Z] INFO: GET / 404 0ms
[2026-08-29T04:56:16.699Z] INFO: GET /index.html 404 0ms
[2026-08-29T04:56:17.706Z] INFO: GET / 404 1ms
[2026-08-29T04:56:17.707Z] INFO: GET /index.html 404 1ms
[2026-08-29T04:56:18.722Z] INFO: GET / 404 1ms
[2026-08-29T04:56:18.722Z] INFO: GET /index.html 404 1ms
[2026-08-29T04:56:19.738Z] INFO: GET / 404 1ms
[2026-08-29T04:56:19.739Z] INFO: GET /index.html 404 0ms
[2026-08-29T04:56:20.752Z] INFO: GET / 404 0ms
[2026-08-29T04:56:20.753Z] INFO: GET /index.html 404 0ms
[2026-08-29T04:56:21.766Z] INFO: GET /index.html 404 0ms
[2026-08-29T04:56:21.766Z] INFO: GET / 404 0ms
[2026-08-29T04:56:22.774Z] INFO: GET / 404 1ms
[2026-08-29T04:56:22.775Z] INFO: GET /index.html 404 1ms
[2026-08-29T04:56:23.788Z] INFO: GET / 404 1ms
[2026-08-29T04:56:23.789Z] INFO: GET /index.html 404 1ms
[2026-08-29T04:56:24.799Z] INFO: GET / 404 2ms
[2026-08-29T04:56:24.799Z] INFO: GET /index.html 404 0ms
[2026-08-29T04:56:25.803Z] INFO: GET / 404 1ms
[2026-08-29T04:56:25.804Z] INFO: GET /index.html 404 0ms
[2026-08-29T04:56:26.815Z] INFO: GET / 404 0ms
[2026-08-29T04:56:26.815Z] INFO: GET /index.html 404 0ms
[2026-08-29T04:56:27.829Z] INFO: GET / 404 0ms
[2026-08-29T04:56:27.829Z] INFO: GET /index.html 404 0ms
[2026-08-29T04:56:28.841Z] INFO: GET / 404 1ms
[2026-08-29T04:56:28.841Z] INFO: GET /index.html 404 0ms
[2026-08-29T04:56:29.854Z] INFO: GET / 404 0ms
[2026-08-29T04:56:29.854Z] INFO: GET /index.html 404 0ms
[2026-08-29T04:56:30.870Z] INFO: GET / 404 1ms
[2026-08-29T04:56:30.870Z] INFO: GET /index.html 404 0ms
[2026-08-29T04:56:31.882Z] INFO: GET / 404 1ms
[2026-08-29T04:56:31.882Z] INFO: GET /index.html 404 0ms
[2026-08-29T04:56:32.900Z] INFO: GET / 404 1ms
[2026-08-29T04:56:32.901Z] INFO: GET /index.html 404 1ms
[2026-08-29T04:56:33.916Z] INFO: GET / 404 1ms
[2026-08-29T04:56:33.916Z] INFO: GET /index.html 404 0ms
[2026-08-29T04:56:34.924Z] INFO: GET / 404 1ms
[2026-08-29T04:56:34.924Z] INFO: GET /index.html 404 0ms
[2026-08-29T04:56:35.939Z] INFO: GET / 404 1ms
[2026-08-29T04:56:35.940Z] INFO: GET /index.html 404 0ms
[2026-08-29T04:56:36.951Z] INFO: GET / 404 0ms
[2026-08-29T04:56:36.953Z] INFO: GET /index.html 404 1ms
[2026-08-29T04:56:37.967Z] INFO: GET / 404 0ms
[2026-08-29T04:56:37.968Z] INFO: GET /index.html 404 0ms
[2026-08-29T04:56:38.986Z] INFO: GET / 404 0ms
[2026-08-29T04:56:38.987Z] INFO: GET /index.html 404 1ms
[2026-08-29T04:56:40.001Z] INFO: GET / 404 1ms
[2026-08-29T04:56:40.001Z] INFO: GET /index.html 404 0ms
[2026-08-29T04:56:41.011Z] INFO: GET / 404 1ms
[2026-08-29T04:56:41.012Z] INFO: GET /index.html 404 1ms
[2026-08-29T04:56:42.021Z] INFO: GET / 404 1ms
[2026-08-29T04:56:42.022Z] INFO: GET /index.html 404 0ms
[2026-08-29T04:56:43.037Z] INFO: GET / 404 0ms
[2026-08-29T04:56:43.037Z] INFO: GET /index.html 404 1ms
[2026-08-29T04:56:44.053Z] INFO: GET / 404 1ms
[2026-08-29T04:56:44.053Z] INFO: GET /index.html 404 1ms
[2026-08-29T04:56:45.067Z] INFO: GET / 404 1ms
[2026-08-29T04:56:45.068Z] INFO: GET /index.html 404 0ms
[2026-08-29T04:56:46.077Z] INFO: GET / 404 1ms
[2026-08-29T04:56:46.079Z] INFO: GET /index.html 404 1ms
[2026-08-29T04:56:47.096Z] INFO: GET / 404 1ms
[2026-08-29T04:56:47.097Z] INFO: GET /index.html 404 1ms
[2026-08-29T04:56:48.110Z] INFO: GET / 404 1ms
[2026-08-29T04:56:48.110Z] INFO: GET /index.html 404 1ms
[2026-08-29T04:56:49.118Z] INFO: GET / 404 0ms
[2026-08-29T04:56:49.119Z] INFO: GET /index.html 404 0ms
[2026-08-29T04:56:50.121Z] INFO: GET / 404 0ms
[2026-08-29T04:56:50.121Z] INFO: GET /index.html 404 0ms
[2026-08-29T04:56:51.133Z] INFO: GET / 404 0ms
[2026-08-29T04:56:51.134Z] INFO: GET /index.html 404 0ms
[2026-08-29T04:56:52.147Z] INFO: GET / 404 1ms
[2026-08-29T04:56:52.148Z] INFO: GET /index.html 404 1ms
[2026-08-29T04:56:53.150Z] INFO: GET / 404 0ms
[2026-08-29T04:56:53.150Z] INFO: GET /index.html 404 1ms
[2026-08-29T04:56:54.165Z] INFO: GET / 404 1ms
[2026-08-29T04:56:54.166Z] INFO: GET /index.html 404 0ms
[2026-08-29T04:56:55.182Z] INFO: GET / 404 0ms
[2026-08-29T04:56:55.182Z] INFO: GET /index.html 404 1ms
[2026-08-29T04:56:56.194Z] INFO: GET / 404 1ms
[2026-08-29T04:56:56.194Z] INFO: GET /index.html 404 1ms
[2026-08-29T04:56:57.208Z] INFO: GET / 404 1ms
[2026-08-29T04:56:57.208Z] INFO: GET /index.html 404 1ms
[2026-08-29T04:56:58.222Z] INFO: GET / 404 1ms
[2026-08-29T04:56:58.223Z] INFO: GET /index.html 404 0ms
[2026-08-29T04:56:59.234Z] INFO: GET / 404 1ms
[2026-08-29T04:56:59.234Z] INFO: GET /index.html 404 1ms
[2026-08-29T04:57:00.247Z] INFO: GET / 404 0ms
[2026-08-29T04:57:00.247Z] INFO: GET /index.html 404 1ms
[2026-08-29T07:18:55.979Z] INFO: Server listening on port 3000
[2026-08-29T07:19:00.577Z] INFO: Database connected
[2026-08-29T07:40:51.972Z] INFO: Server listening on port 5174
[2026-08-29T07:40:52.041Z] INFO: GET / 404 4ms
[2026-08-29T07:40:52.048Z] INFO: GET /index.html 404 1ms
[2026-08-29T07:40:52.547Z] INFO: Database connected
[2026-08-29T07:40:53.066Z] INFO: GET / 404 1ms
[2026-08-29T07:40:53.066Z] INFO: GET /index.html 404 1ms
[2026-08-29T07:40:54.084Z] INFO: GET / 404 2ms
[2026-08-29T07:40:54.085Z] INFO: GET /index.html 404 1ms
[2026-08-29T07:40:55.102Z] INFO: GET / 404 2ms
[2026-08-29T07:40:55.103Z] INFO: GET /index.html 404 1ms
[2026-08-29T07:40:56.104Z] INFO: GET / 404 1ms
[2026-08-29T07:40:56.107Z] INFO: GET /index.html 404 1ms
[2026-08-29T07:40:57.121Z] INFO: GET / 404 1ms
[2026-08-29T07:40:57.123Z] INFO: GET /index.html 404 0ms
[2026-08-29T07:40:58.137Z] INFO: GET / 404 1ms
[2026-08-29T07:40:58.138Z] INFO: GET /index.html 404 1ms
[2026-08-29T07:40:59.154Z] INFO: GET / 404 0ms
[2026-08-29T07:40:59.155Z] INFO: GET /index.html 404 1ms
[2026-08-29T07:41:00.159Z] INFO: GET / 404 0ms
[2026-08-29T07:41:00.160Z] INFO: GET /index.html 404 0ms
[2026-08-29T07:41:01.173Z] INFO: GET / 404 0ms
[2026-08-29T07:41:01.174Z] INFO: GET /index.html 404 0ms
[2026-08-29T07:41:02.176Z] INFO: GET / 404 1ms
[2026-08-29T07:41:02.177Z] INFO: GET /index.html 404 1ms
[2026-08-29T07:41:03.198Z] INFO: GET / 404 0ms
[2026-08-29T07:41:03.198Z] INFO: GET /index.html 404 1ms
[2026-08-29T07:41:04.199Z] INFO: GET / 404 1ms
[2026-08-29T07:41:04.199Z] INFO: GET /index.html 404 0ms
[2026-08-29T07:41:05.216Z] INFO: GET / 404 0ms
[2026-08-29T07:41:05.217Z] INFO: GET /index.html 404 1ms
[2026-08-29T07:41:06.230Z] INFO: GET / 404 1ms
[2026-08-29T07:41:06.230Z] INFO: GET /index.html 404 1ms
[2026-08-29T07:41:07.243Z] INFO: GET / 404 1ms
[2026-08-29T07:41:07.244Z] INFO: GET /index.html 404 1ms
[2026-08-29T07:41:08.260Z] INFO: GET / 404 1ms
[2026-08-29T07:41:08.263Z] INFO: GET /index.html 404 1ms
[2026-08-29T07:41:09.279Z] INFO: GET / 404 1ms
[2026-08-29T07:41:09.279Z] INFO: GET /index.html 404 1ms
[2026-08-29T07:41:10.293Z] INFO: GET / 404 1ms
[2026-08-29T07:41:10.293Z] INFO: GET /index.html 404 1ms
[2026-08-29T07:41:11.308Z] INFO: GET / 404 1ms
[2026-08-29T07:41:11.308Z] INFO: GET /index.html 404 1ms
[2026-08-29T07:41:12.319Z] INFO: GET / 404 1ms
[2026-08-29T07:41:12.320Z] INFO: GET /index.html 404 1ms
[2026-08-29T07:41:13.336Z] INFO: GET /index.html 404 0ms
[2026-08-29T07:41:13.336Z] INFO: GET / 404 1ms
[2026-08-29T07:41:14.348Z] INFO: GET / 404 1ms
[2026-08-29T07:41:14.348Z] INFO: GET /index.html 404 1ms
[2026-08-29T07:41:15.363Z] INFO: GET / 404 1ms
[2026-08-29T07:41:15.363Z] INFO: GET /index.html 404 0ms
[2026-08-29T07:41:16.380Z] INFO: GET / 404 1ms
[2026-08-29T07:41:16.380Z] INFO: GET /index.html 404 1ms
[2026-08-29T07:41:17.395Z] INFO: GET / 404 1ms
[2026-08-29T07:41:17.397Z] INFO: GET /index.html 404 1ms
[2026-08-29T07:41:18.408Z] INFO: GET /index.html 404 0ms
[2026-08-29T07:41:18.409Z] INFO: GET / 404 1ms
[2026-08-29T07:41:19.422Z] INFO: GET / 404 1ms
[2026-08-29T07:41:19.422Z] INFO: GET /index.html 404 1ms
[2026-08-29T07:41:20.436Z] INFO: GET / 404 1ms
[2026-08-29T07:41:20.436Z] INFO: GET /index.html 404 1ms
[2026-08-29T07:41:21.453Z] INFO: GET / 404 1ms
[2026-08-29T07:41:21.453Z] INFO: GET /index.html 404 0ms
[2026-08-29T07:41:22.461Z] INFO: GET / 404 1ms
[2026-08-29T07:41:22.462Z] INFO: GET /index.html 404 1ms
[2026-08-29T07:41:23.473Z] INFO: GET / 404 1ms
[2026-08-29T07:41:23.473Z] INFO: GET /index.html 404 1ms
[2026-08-29T07:41:24.486Z] INFO: GET / 404 0ms
[2026-08-29T07:41:24.486Z] INFO: GET /index.html 404 1ms
[2026-08-29T07:41:25.498Z] INFO: GET / 404 0ms
[2026-08-29T07:41:25.499Z] INFO: GET /index.html 404 0ms
[2026-08-29T07:41:26.514Z] INFO: GET / 404 0ms
[2026-08-29T07:41:26.514Z] INFO: GET /index.html 404 0ms
[2026-08-29T07:41:27.519Z] INFO: GET / 404 0ms
[2026-08-29T07:41:27.520Z] INFO: GET /index.html 404 1ms
[2026-08-29T07:41:28.540Z] INFO: GET / 404 2ms
[2026-08-29T07:41:28.542Z] INFO: GET /index.html 404 1ms
[2026-08-29T07:41:29.548Z] INFO: GET / 404 0ms
[2026-08-29T07:41:29.549Z] INFO: GET /index.html 404 0ms
[2026-08-29T07:41:30.553Z] INFO: GET / 404 0ms
[2026-08-29T07:41:30.554Z] INFO: GET /index.html 404 0ms
[2026-08-29T07:41:31.556Z] INFO: GET / 404 0ms
[2026-08-29T07:41:31.557Z] INFO: GET /index.html 404 0ms
[2026-08-29T07:41:32.573Z] INFO: GET /index.html 404 0ms
[2026-08-29T07:41:32.573Z] INFO: GET / 404 1ms
[2026-08-29T07:41:33.583Z] INFO: GET / 404 1ms
[2026-08-29T07:41:33.584Z] INFO: GET /index.html 404 0ms
[2026-08-29T07:41:34.598Z] INFO: GET / 404 0ms
[2026-08-29T07:41:34.598Z] INFO: GET /index.html 404 0ms
[2026-08-29T07:41:35.614Z] INFO: GET / 404 1ms
[2026-08-29T07:41:35.615Z] INFO: GET /index.html 404 1ms
[2026-08-29T07:41:36.631Z] INFO: GET / 404 0ms
[2026-08-29T07:41:36.631Z] INFO: GET /index.html 404 1ms
[2026-08-29T07:41:37.646Z] INFO: GET / 404 1ms
[2026-08-29T07:41:37.647Z] INFO: GET /index.html 404 1ms
[2026-08-29T07:41:38.659Z] INFO: GET / 404 2ms
[2026-08-29T07:41:38.661Z] INFO: GET /index.html 404 1ms
[2026-08-29T07:41:39.672Z] INFO: GET / 404 1ms
[2026-08-29T07:41:39.673Z] INFO: GET /index.html 404 1ms
[2026-08-29T07:41:40.688Z] INFO: GET / 404 0ms
[2026-08-29T07:41:40.689Z] INFO: GET /index.html 404 0ms
[2026-08-29T07:41:41.692Z] INFO: GET / 404 0ms
[2026-08-29T07:41:41.692Z] INFO: GET /index.html 404 0ms
[2026-08-29T07:41:42.711Z] INFO: GET / 404 1ms
[2026-08-29T07:41:42.712Z] INFO: GET /index.html 404 0ms
[2026-08-29T07:41:43.725Z] INFO: GET / 404 0ms
[2026-08-29T07:41:43.725Z] INFO: GET /index.html 404 0ms
[2026-08-29T07:41:44.729Z] INFO: GET /index.html 404 1ms
[2026-08-29T07:41:44.729Z] INFO: GET / 404 1ms
[2026-08-29T07:41:45.744Z] INFO: GET / 404 1ms
[2026-08-29T07:41:45.744Z] INFO: GET /index.html 404 0ms
[2026-08-29T07:41:46.761Z] INFO: GET / 404 1ms
[2026-08-29T07:41:46.761Z] INFO: GET /index.html 404 0ms
[2026-08-29T07:55:03.429Z] INFO: Server listening on port 5174
[2026-08-29T07:55:03.847Z] INFO: Database connected
[2026-08-29T07:55:04.296Z] INFO: GET / 404 5ms
[2026-08-29T07:55:04.300Z] INFO: GET /index.html 404 1ms
[2026-08-29T07:55:05.313Z] INFO: GET / 404 1ms
[2026-08-29T07:55:05.315Z] INFO: GET /index.html 404 0ms
[2026-08-29T07:55:06.326Z] INFO: GET / 404 1ms
[2026-08-29T07:55:06.329Z] INFO: GET /index.html 404 1ms
[2026-08-29T07:55:07.345Z] INFO: GET / 404 1ms
[2026-08-29T07:55:07.345Z] INFO: GET /index.html 404 1ms
[2026-08-29T07:55:08.361Z] INFO: GET / 404 2ms
[2026-08-29T07:55:08.364Z] INFO: GET /index.html 404 1ms
[2026-08-29T07:55:09.377Z] INFO: GET / 404 0ms
[2026-08-29T07:55:09.377Z] INFO: GET /index.html 404 1ms
[2026-08-29T07:55:10.393Z] INFO: GET / 404 1ms
[2026-08-29T07:55:10.394Z] INFO: GET /index.html 404 1ms
[2026-08-29T07:55:11.408Z] INFO: GET / 404 1ms
[2026-08-29T07:55:11.409Z] INFO: GET /index.html 404 2ms
[2026-08-29T07:55:12.424Z] INFO: GET / 404 0ms
[2026-08-29T07:55:12.425Z] INFO: GET /index.html 404 1ms
[2026-08-29T07:55:13.437Z] INFO: GET / 404 1ms
[2026-08-29T07:55:13.438Z] INFO: GET /index.html 404 0ms
[2026-08-29T07:55:14.454Z] INFO: GET / 404 0ms
[2026-08-29T07:55:14.455Z] INFO: GET /index.html 404 1ms
[2026-08-29T07:55:15.467Z] INFO: GET / 404 0ms
[2026-08-29T07:55:15.467Z] INFO: GET /index.html 404 0ms
[2026-08-29T07:55:16.472Z] INFO: GET / 404 1ms
[2026-08-29T07:55:16.472Z] INFO: GET /index.html 404 1ms
[2026-08-29T07:55:17.490Z] INFO: GET / 404 0ms
[2026-08-29T07:55:17.491Z] INFO: GET /index.html 404 1ms
[2026-08-29T07:55:18.508Z] INFO: GET / 404 0ms
[2026-08-29T07:55:18.508Z] INFO: GET /index.html 404 0ms
[2026-08-29T07:55:19.522Z] INFO: GET / 404 0ms
[2026-08-29T07:55:19.522Z] INFO: GET /index.html 404 1ms
[2026-08-29T07:55:20.530Z] INFO: GET / 404 1ms
[2026-08-29T07:55:20.531Z] INFO: GET /index.html 404 1ms
[2026-08-29T07:55:21.548Z] INFO: GET / 404 1ms
[2026-08-29T07:55:21.548Z] INFO: GET /index.html 404 0ms
[2026-08-29T07:55:22.566Z] INFO: GET / 404 1ms
[2026-08-29T07:55:22.567Z] INFO: GET /index.html 404 1ms
[2026-08-29T07:55:23.576Z] INFO: GET / 404 0ms
[2026-08-29T07:55:23.576Z] INFO: GET /index.html 404 0ms
[2026-08-29T07:55:24.594Z] INFO: GET / 404 1ms
[2026-08-29T07:55:24.595Z] INFO: GET /index.html 404 1ms
[2026-08-29T07:55:25.607Z] INFO: GET / 404 1ms
[2026-08-29T07:55:25.608Z] INFO: GET /index.html 404 1ms
[2026-08-29T07:55:26.612Z] INFO: GET / 404 1ms
[2026-08-29T07:55:26.613Z] INFO: GET /index.html 404 1ms
[2026-08-29T07:55:27.626Z] INFO: GET / 404 0ms
[2026-08-29T07:55:27.627Z] INFO: GET /index.html 404 0ms
[2026-08-29T07:55:28.635Z] INFO: GET / 404 1ms
[2026-08-29T07:55:28.637Z] INFO: GET /index.html 404 1ms
[2026-08-29T07:55:29.650Z] INFO: GET / 404 1ms
[2026-08-29T07:55:29.650Z] INFO: GET /index.html 404 0ms
[2026-08-29T07:55:30.662Z] INFO: GET / 404 0ms
[2026-08-29T07:55:30.662Z] INFO: GET /index.html 404 1ms
[2026-08-29T07:55:31.678Z] INFO: GET / 404 1ms
[2026-08-29T07:55:31.679Z] INFO: GET /index.html 404 0ms
[2026-08-29T07:55:32.691Z] INFO: GET / 404 0ms
[2026-08-29T07:55:32.692Z] INFO: GET /index.html 404 1ms
[2026-08-29T07:55:33.707Z] INFO: GET / 404 1ms
[2026-08-29T07:55:33.708Z] INFO: GET /index.html 404 1ms
[2026-08-29T07:55:34.722Z] INFO: GET / 404 1ms
[2026-08-29T07:55:34.723Z] INFO: GET /index.html 404 1ms
[2026-08-29T07:55:35.732Z] INFO: GET /index.html 404 0ms
[2026-08-29T07:55:35.732Z] INFO: GET / 404 0ms
[2026-08-29T07:55:36.749Z] INFO: GET / 404 0ms
[2026-08-29T07:55:36.749Z] INFO: GET /index.html 404 1ms
[2026-08-29T07:55:37.767Z] INFO: GET / 404 0ms
[2026-08-29T07:55:37.767Z] INFO: GET /index.html 404 1ms
[2026-08-29T07:55:38.780Z] INFO: GET / 404 0ms
[2026-08-29T07:55:38.781Z] INFO: GET /index.html 404 0ms
[2026-08-29T07:55:39.785Z] INFO: GET / 404 1ms
[2026-08-29T07:55:39.786Z] INFO: GET /index.html 404 1ms
[2026-08-29T07:55:40.801Z] INFO: GET / 404 1ms
[2026-08-29T07:55:40.801Z] INFO: GET /index.html 404 1ms
[2026-08-29T07:55:41.820Z] INFO: GET /index.html 404 0ms
[2026-08-29T07:55:41.820Z] INFO: GET / 404 1ms
[2026-08-29T07:55:42.836Z] INFO: GET / 404 1ms
[2026-08-29T07:55:42.837Z] INFO: GET /index.html 404 0ms
[2026-08-29T07:55:43.854Z] INFO: GET / 404 1ms
[2026-08-29T07:55:43.855Z] INFO: GET /index.html 404 1ms
[2026-08-29T07:55:44.868Z] INFO: GET / 404 2ms
[2026-08-29T07:55:44.869Z] INFO: GET /index.html 404 1ms
[2026-08-29T07:55:45.875Z] INFO: GET / 404 1ms
[2026-08-29T07:55:45.875Z] INFO: GET /index.html 404 1ms
[2026-08-29T07:55:46.893Z] INFO: GET / 404 1ms
[2026-08-29T07:55:46.894Z] INFO: GET /index.html 404 1ms
[2026-08-29T07:55:47.907Z] INFO: GET / 404 1ms
[2026-08-29T07:55:47.908Z] INFO: GET /index.html 404 0ms
[2026-08-29T07:55:48.920Z] INFO: GET / 404 0ms
[2026-08-29T07:55:48.921Z] INFO: GET /index.html 404 0ms
[2026-08-29T07:55:49.939Z] INFO: GET / 404 0ms
[2026-08-29T07:55:49.939Z] INFO: GET /index.html 404 1ms
[2026-08-29T07:55:50.952Z] INFO: GET / 404 1ms
[2026-08-29T07:55:50.953Z] INFO: GET /index.html 404 1ms
[2026-08-29T07:55:51.968Z] INFO: GET / 404 0ms
[2026-08-29T07:55:51.968Z] INFO: GET /index.html 404 0ms
[2026-08-29T07:55:52.982Z] INFO: GET / 404 1ms
[2026-08-29T07:55:52.982Z] INFO: GET /index.html 404 0ms
[2026-08-29T07:55:53.997Z] INFO: GET / 404 1ms
[2026-08-29T07:55:53.997Z] INFO: GET /index.html 404 0ms
[2026-08-29T07:55:55.002Z] INFO: GET / 404 1ms
[2026-08-29T07:55:55.002Z] INFO: GET /index.html 404 1ms
[2026-08-29T07:55:56.031Z] INFO: GET /index.html 404 1ms
[2026-08-29T07:55:56.031Z] INFO: GET / 404 2ms
[2026-08-29T07:55:57.037Z] INFO: GET / 404 1ms
[2026-08-29T07:55:57.037Z] INFO: GET /index.html 404 1ms
[2026-08-29T07:55:58.052Z] INFO: GET / 404 0ms
[2026-08-29T07:55:58.053Z] INFO: GET /index.html 404 0ms
[2026-08-29T07:55:59.067Z] INFO: GET / 404 0ms
[2026-08-29T07:55:59.067Z] INFO: GET /index.html 404 0ms
[2026-08-29T07:56:20.227Z] INFO: Server listening on port 5174
[2026-08-29T07:56:20.400Z] INFO: GET / 404 7ms
[2026-08-29T07:56:20.403Z] INFO: GET /index.html 404 1ms
[2026-08-29T07:56:21.424Z] INFO: GET / 404 1ms
[2026-08-29T07:56:21.426Z] INFO: GET /index.html 404 1ms
[2026-08-29T07:56:22.002Z] INFO: Database connected
[2026-08-29T07:56:22.435Z] INFO: GET / 404 1ms
[2026-08-29T07:56:22.438Z] INFO: GET /index.html 404 2ms
[2026-08-29T07:56:23.451Z] INFO: GET / 404 1ms
[2026-08-29T07:56:23.452Z] INFO: GET /index.html 404 1ms
[2026-08-29T07:56:24.468Z] INFO: GET / 404 2ms
[2026-08-29T07:56:24.471Z] INFO: GET /index.html 404 1ms
[2026-08-29T07:56:25.479Z] INFO: GET / 404 1ms
[2026-08-29T07:56:25.479Z] INFO: GET /index.html 404 1ms
[2026-08-29T07:56:26.494Z] INFO: GET / 404 1ms
[2026-08-29T07:56:26.494Z] INFO: GET /index.html 404 1ms
[2026-08-29T07:56:27.510Z] INFO: GET / 404 0ms
[2026-08-29T07:56:27.510Z] INFO: GET /index.html 404 0ms
[2026-08-29T07:56:28.524Z] INFO: GET / 404 1ms
[2026-08-29T07:56:28.524Z] INFO: GET /index.html 404 0ms
[2026-08-29T07:56:29.532Z] INFO: GET / 404 2ms
[2026-08-29T07:56:29.532Z] INFO: GET /index.html 404 1ms
[2026-08-29T07:56:30.541Z] INFO: GET / 404 0ms
[2026-08-29T07:56:30.542Z] INFO: GET /index.html 404 0ms
[2026-08-29T07:56:31.545Z] INFO: GET / 404 0ms
[2026-08-29T07:56:31.545Z] INFO: GET /index.html 404 0ms
[2026-08-29T07:56:32.549Z] INFO: GET / 404 1ms
[2026-08-29T07:56:32.550Z] INFO: GET /index.html 404 1ms
[2026-08-29T07:56:33.562Z] INFO: GET / 404 1ms
[2026-08-29T07:56:33.564Z] INFO: GET /index.html 404 1ms
[2026-08-29T07:56:34.574Z] INFO: GET / 404 1ms
[2026-08-29T07:56:34.575Z] INFO: GET /index.html 404 1ms
[2026-08-29T07:56:35.591Z] INFO: GET /index.html 404 1ms
[2026-08-29T07:56:35.590Z] INFO: GET / 404 1ms
[2026-08-29T07:56:36.602Z] INFO: GET / 404 0ms
[2026-08-29T07:56:36.602Z] INFO: GET /index.html 404 0ms
[2026-08-29T07:56:37.618Z] INFO: GET / 404 1ms
[2026-08-29T07:56:37.619Z] INFO: GET /index.html 404 1ms
[2026-08-29T07:56:38.632Z] INFO: GET / 404 1ms
[2026-08-29T07:56:38.632Z] INFO: GET /index.html 404 1ms
[2026-08-29T07:56:39.650Z] INFO: GET / 404 1ms
[2026-08-29T07:56:39.651Z] INFO: GET /index.html 404 0ms
[2026-08-29T07:56:40.664Z] INFO: GET / 404 1ms
[2026-08-29T07:56:40.664Z] INFO: GET /index.html 404 1ms
[2026-08-29T07:56:41.676Z] INFO: GET / 404 0ms
[2026-08-29T07:56:41.677Z] INFO: GET /index.html 404 0ms
[2026-08-29T07:56:42.690Z] INFO: GET / 404 0ms
[2026-08-29T07:56:42.689Z] INFO: GET /index.html 404 1ms
[2026-08-29T07:56:43.693Z] INFO: GET / 404 1ms
[2026-08-29T07:56:43.694Z] INFO: GET /index.html 404 0ms
[2026-08-29T07:56:44.711Z] INFO: GET / 404 1ms
[2026-08-29T07:56:44.711Z] INFO: GET /index.html 404 1ms
[2026-08-29T07:56:45.729Z] INFO: GET /index.html 404 0ms
[2026-08-29T07:56:45.728Z] INFO: GET / 404 1ms
[2026-08-29T07:56:46.763Z] INFO: GET / 404 1ms
[2026-08-29T07:56:46.776Z] INFO: GET /index.html 404 0ms
[2026-08-29T07:56:47.771Z] INFO: GET / 404 1ms
[2026-08-29T07:56:47.772Z] INFO: GET /index.html 404 1ms
[2026-08-29T07:56:48.783Z] INFO: GET / 404 1ms
[2026-08-29T07:56:48.783Z] INFO: GET /index.html 404 0ms
[2026-08-29T07:56:49.799Z] INFO: GET / 404 1ms
[2026-08-29T07:56:49.799Z] INFO: GET /index.html 404 0ms
[2026-08-29T07:56:50.808Z] INFO: GET / 404 0ms
[2026-08-29T07:56:50.809Z] INFO: GET /index.html 404 0ms
[2026-08-29T07:56:51.830Z] INFO: GET / 404 0ms
[2026-08-29T07:56:51.831Z] INFO: GET /index.html 404 1ms
[2026-08-29T07:56:52.841Z] INFO: GET / 404 0ms
[2026-08-29T07:56:52.841Z] INFO: GET /index.html 404 1ms
[2026-08-29T07:56:53.853Z] INFO: GET /index.html 404 1ms
[2026-08-29T07:56:53.853Z] INFO: GET / 404 0ms
[2026-08-29T07:56:54.859Z] INFO: GET / 404 0ms
[2026-08-29T07:56:54.859Z] INFO: GET /index.html 404 0ms
[2026-08-29T07:56:55.872Z] INFO: GET / 404 1ms
[2026-08-29T07:56:55.872Z] INFO: GET /index.html 404 1ms
[2026-08-29T07:56:56.886Z] INFO: GET / 404 1ms
[2026-08-29T07:56:56.887Z] INFO: GET /index.html 404 1ms
[2026-08-29T07:56:57.899Z] INFO: GET / 404 0ms
[2026-08-29T07:56:57.899Z] INFO: GET /index.html 404 1ms
[2026-08-29T07:56:58.914Z] INFO: GET / 404 0ms
[2026-08-29T07:56:58.914Z] INFO: GET /index.html 404 0ms
[2026-08-29T07:56:59.928Z] INFO: GET / 404 1ms
[2026-08-29T07:56:59.930Z] INFO: GET /index.html 404 0ms
[2026-08-29T07:57:00.943Z] INFO: GET / 404 1ms
[2026-08-29T07:57:00.943Z] INFO: GET /index.html 404 0ms
[2026-08-29T07:57:01.959Z] INFO: GET / 404 1ms
[2026-08-29T07:57:01.960Z] INFO: GET /index.html 404 1ms
[2026-08-29T07:57:02.972Z] INFO: GET / 404 2ms
[2026-08-29T07:57:02.973Z] INFO: GET /index.html 404 1ms
[2026-08-29T07:57:03.987Z] INFO: GET / 404 1ms
[2026-08-29T07:57:03.987Z] INFO: GET /index.html 404 0ms
[2026-08-29T07:57:05.001Z] INFO: GET / 404 1ms
[2026-08-29T07:57:05.002Z] INFO: GET /index.html 404 0ms
[2026-08-29T07:57:06.010Z] INFO: GET / 404 1ms
[2026-08-29T07:57:06.011Z] INFO: GET /index.html 404 0ms
[2026-08-29T07:57:07.017Z] INFO: GET / 404 1ms
[2026-08-29T07:57:07.017Z] INFO: GET /index.html 404 1ms
[2026-08-29T07:57:08.032Z] INFO: GET / 404 1ms
[2026-08-29T07:57:08.033Z] INFO: GET /index.html 404 0ms
[2026-08-29T07:57:09.047Z] INFO: GET / 404 1ms
[2026-08-29T07:57:09.048Z] INFO: GET /index.html 404 1ms
[2026-08-29T07:57:10.064Z] INFO: GET / 404 1ms
[2026-08-29T07:57:10.064Z] INFO: GET /index.html 404 1ms
[2026-08-29T07:57:11.071Z] INFO: GET / 404 1ms
[2026-08-29T07:57:11.071Z] INFO: GET /index.html 404 1ms
[2026-08-29T07:57:12.088Z] INFO: GET / 404 1ms
[2026-08-29T07:57:12.090Z] INFO: GET /index.html 404 1ms
[2026-08-29T07:57:13.107Z] INFO: GET / 404 0ms
[2026-08-29T07:57:13.107Z] INFO: GET /index.html 404 1ms
[2026-08-29T07:57:14.122Z] INFO: GET / 404 0ms
[2026-08-29T07:57:14.122Z] INFO: GET /index.html 404 0ms
[2026-08-29T07:57:15.133Z] INFO: GET / 404 0ms
[2026-08-29T07:57:15.133Z] INFO: GET /index.html 404 1ms
[2026-08-29T07:57:16.149Z] INFO: GET / 404 1ms
[2026-08-29T07:57:16.149Z] INFO: GET /index.html 404 0ms
[2026-08-29T07:57:35.912Z] INFO: Server listening on port 5174
[2026-08-29T07:57:36.030Z] INFO: GET / 404 9ms
[2026-08-29T07:57:36.034Z] INFO: GET /index.html 404 1ms
[2026-08-29T07:57:36.978Z] INFO: Database connected
[2026-08-29T07:57:37.051Z] INFO: GET / 404 1ms
[2026-08-29T07:57:37.051Z] INFO: GET /index.html 404 0ms
[2026-08-29T07:57:38.065Z] INFO: GET /index.html 404 1ms
[2026-08-29T07:57:38.065Z] INFO: GET / 404 1ms
[2026-08-29T07:57:39.083Z] INFO: GET / 404 2ms
[2026-08-29T07:57:39.086Z] INFO: GET /index.html 404 1ms
[2026-08-29T07:57:40.103Z] INFO: GET / 404 3ms
[2026-08-29T07:57:40.104Z] INFO: GET /index.html 404 1ms
[2026-08-29T07:57:41.110Z] INFO: GET / 404 1ms
[2026-08-29T07:57:41.110Z] INFO: GET /index.html 404 0ms
[2026-08-29T07:57:42.123Z] INFO: GET / 404 1ms
[2026-08-29T07:57:42.123Z] INFO: GET /index.html 404 0ms
[2026-08-29T07:57:43.139Z] INFO: GET / 404 1ms
[2026-08-29T07:57:43.140Z] INFO: GET /index.html 404 1ms
[2026-08-29T07:57:44.156Z] INFO: GET / 404 1ms
[2026-08-29T07:57:44.156Z] INFO: GET /index.html 404 1ms
[2026-08-29T07:57:45.174Z] INFO: GET / 404 0ms
[2026-08-29T07:57:45.183Z] INFO: GET /index.html 404 1ms
[2026-08-29T07:57:46.183Z] INFO: GET / 404 1ms
[2026-08-29T07:57:46.185Z] INFO: GET /index.html 404 1ms
[2026-08-29T07:57:47.203Z] INFO: GET / 404 1ms
[2026-08-29T07:57:47.204Z] INFO: GET /index.html 404 1ms
[2026-08-29T07:57:48.210Z] INFO: GET / 404 1ms
[2026-08-29T07:57:48.211Z] INFO: GET /index.html 404 0ms
[2026-08-29T07:57:49.226Z] INFO: GET / 404 1ms
[2026-08-29T07:57:49.228Z] INFO: GET /index.html 404 1ms
[2026-08-29T07:57:50.242Z] INFO: GET / 404 1ms
[2026-08-29T07:57:50.243Z] INFO: GET /index.html 404 1ms
[2026-08-29T07:57:51.254Z] INFO: GET / 404 0ms
[2026-08-29T07:57:51.255Z] INFO: GET /index.html 404 1ms
[2026-08-29T07:57:52.268Z] INFO: GET / 404 1ms
[2026-08-29T07:57:52.270Z] INFO: GET /index.html 404 0ms
[2026-08-29T07:57:53.285Z] INFO: GET / 404 0ms
[2026-08-29T07:57:53.285Z] INFO: GET /index.html 404 0ms
[2026-08-29T07:57:54.302Z] INFO: GET / 404 1ms
[2026-08-29T07:57:54.303Z] INFO: GET /index.html 404 1ms
[2026-08-29T07:57:55.316Z] INFO: GET / 404 1ms
[2026-08-29T07:57:55.317Z] INFO: GET /index.html 404 1ms
[2026-08-29T07:57:56.331Z] INFO: GET / 404 1ms
[2026-08-29T07:57:56.332Z] INFO: GET /index.html 404 1ms
[2026-08-29T07:57:57.347Z] INFO: GET /index.html 404 0ms
[2026-08-29T07:57:57.347Z] INFO: GET / 404 0ms
[2026-08-29T07:57:58.362Z] INFO: GET / 404 1ms
[2026-08-29T07:57:58.362Z] INFO: GET /index.html 404 1ms
[2026-08-29T07:57:59.380Z] INFO: GET / 404 1ms
[2026-08-29T07:57:59.381Z] INFO: GET /index.html 404 0ms
[2026-08-29T07:58:00.385Z] INFO: GET / 404 1ms
[2026-08-29T07:58:00.385Z] INFO: GET /index.html 404 1ms
[2026-08-29T07:58:01.404Z] INFO: GET / 404 0ms
[2026-08-29T07:58:01.404Z] INFO: GET /index.html 404 0ms
[2026-08-29T07:58:02.421Z] INFO: GET / 404 1ms
[2026-08-29T07:58:02.421Z] INFO: GET /index.html 404 1ms
[2026-08-29T07:58:03.426Z] INFO: GET / 404 1ms
[2026-08-29T07:58:03.426Z] INFO: GET /index.html 404 0ms
[2026-08-29T07:58:04.441Z] INFO: GET / 404 1ms
[2026-08-29T07:58:04.441Z] INFO: GET /index.html 404 1ms
[2026-08-29T07:58:05.456Z] INFO: GET / 404 0ms
[2026-08-29T07:58:05.456Z] INFO: GET /index.html 404 0ms
[2026-08-29T07:58:06.468Z] INFO: GET / 404 0ms
[2026-08-29T07:58:06.469Z] INFO: GET /index.html 404 0ms
[2026-08-29T07:58:07.492Z] INFO: GET / 404 2ms
[2026-08-29T07:58:07.493Z] INFO: GET /index.html 404 2ms
[2026-08-29T07:58:08.505Z] INFO: GET / 404 0ms
[2026-08-29T07:58:08.505Z] INFO: GET /index.html 404 0ms
[2026-08-29T07:58:09.519Z] INFO: GET /index.html 404 0ms
[2026-08-29T07:58:09.519Z] INFO: GET / 404 0ms
[2026-08-29T07:58:10.538Z] INFO: GET / 404 1ms
[2026-08-29T07:58:10.540Z] INFO: GET /index.html 404 0ms
[2026-08-29T07:58:11.551Z] INFO: GET /index.html 404 0ms
[2026-08-29T07:58:11.551Z] INFO: GET / 404 1ms
[2026-08-29T07:58:12.560Z] INFO: GET / 404 1ms
[2026-08-29T07:58:12.561Z] INFO: GET /index.html 404 1ms
[2026-08-29T07:58:13.565Z] INFO: GET / 404 0ms
[2026-08-29T07:58:13.565Z] INFO: GET /index.html 404 1ms
[2026-08-29T07:58:14.582Z] INFO: GET / 404 1ms
[2026-08-29T07:58:14.583Z] INFO: GET /index.html 404 0ms
[2026-08-29T07:58:15.598Z] INFO: GET /index.html 404 1ms
[2026-08-29T07:58:15.598Z] INFO: GET / 404 1ms
[2026-08-29T07:58:16.610Z] INFO: GET / 404 1ms
[2026-08-29T07:58:16.611Z] INFO: GET /index.html 404 0ms
[2026-08-29T07:58:17.668Z] INFO: GET / 404 1ms
[2026-08-29T07:58:17.680Z] INFO: GET /index.html 404 1ms
[2026-08-29T07:58:18.668Z] INFO: GET / 404 0ms
[2026-08-29T07:58:18.669Z] INFO: GET /index.html 404 0ms
[2026-08-29T07:58:19.684Z] INFO: GET / 404 1ms
[2026-08-29T07:58:19.684Z] INFO: GET /index.html 404 1ms
[2026-08-29T07:58:20.699Z] INFO: GET / 404 1ms
[2026-08-29T07:58:20.700Z] INFO: GET /index.html 404 0ms
[2026-08-29T07:58:21.717Z] INFO: GET / 404 1ms
[2026-08-29T07:58:21.718Z] INFO: GET /index.html 404 1ms
[2026-08-29T07:58:22.730Z] INFO: GET / 404 0ms
[2026-08-29T07:58:22.731Z] INFO: GET /index.html 404 0ms
[2026-08-29T07:58:23.741Z] INFO: GET / 404 1ms
[2026-08-29T07:58:23.741Z] INFO: GET /index.html 404 1ms
[2026-08-29T07:58:24.756Z] INFO: GET / 404 0ms
[2026-08-29T07:58:24.757Z] INFO: GET /index.html 404 0ms
[2026-08-29T07:58:25.771Z] INFO: GET / 404 0ms
[2026-08-29T07:58:25.771Z] INFO: GET /index.html 404 0ms
[2026-08-29T07:58:26.787Z] INFO: GET / 404 1ms
[2026-08-29T07:58:26.789Z] INFO: GET /index.html 404 1ms
[2026-08-29T07:58:27.806Z] INFO: GET / 404 1ms
[2026-08-29T07:58:27.807Z] INFO: GET /index.html 404 1ms
[2026-08-29T07:58:28.817Z] INFO: GET / 404 0ms
[2026-08-29T07:58:28.817Z] INFO: GET /index.html 404 1ms
[2026-08-29T07:58:29.840Z] INFO: GET / 404 0ms
[2026-08-29T07:58:29.846Z] INFO: GET /index.html 404 4ms
[2026-08-29T07:58:30.846Z] INFO: GET /index.html 404 0ms
[2026-08-29T07:58:30.846Z] INFO: GET / 404 1ms
[2026-08-29T07:58:31.866Z] INFO: GET / 404 1ms
[2026-08-29T07:58:31.867Z] INFO: GET /index.html 404 1ms
[2026-08-29T08:18:00.839Z] INFO: GET /index.html 404 1ms
[2026-08-29T08:18:00.835Z] INFO: GET / 404 26ms
[2026-08-29T08:18:00.924Z] INFO: GET / 404 1ms
[2026-08-29T08:18:00.926Z] INFO: GET /index.html 404 0ms
[2026-08-29T08:18:01.042Z] INFO: GET / 404 1ms
[2026-08-29T08:18:01.045Z] INFO: GET /index.html 404 1ms
[2026-08-29T08:18:01.308Z] INFO: GET / 404 1ms
[2026-08-29T08:18:01.310Z] INFO: GET /index.html 404 0ms
[2026-08-29T08:18:01.820Z] INFO: GET / 404 1ms
[2026-08-29T08:18:01.822Z] INFO: GET /index.html 404 1ms
[2026-08-29T08:18:02.836Z] INFO: GET / 404 1ms
[2026-08-29T08:18:02.839Z] INFO: GET /index.html 404 1ms
[2026-08-29T08:18:03.852Z] INFO: GET / 404 1ms
[2026-08-29T08:18:03.853Z] INFO: GET /index.html 404 1ms
[2026-08-29T08:18:04.866Z] INFO: GET / 404 1ms
[2026-08-29T08:18:04.867Z] INFO: GET /index.html 404 1ms
[2026-08-29T08:22:04.644Z] INFO: Server listening on port 3000
[2026-08-29T08:22:05.241Z] INFO: GET / 404 3ms
[2026-08-29T08:22:05.247Z] INFO: GET /index.html 404 1ms
[2026-08-29T08:22:06.267Z] INFO: GET / 404 1ms
[2026-08-29T08:22:06.271Z] INFO: GET /index.html 404 2ms
[2026-08-29T08:22:07.282Z] INFO: GET / 404 2ms
[2026-08-29T08:22:07.283Z] INFO: GET /index.html 404 2ms
[2026-08-29T08:22:08.297Z] INFO: GET / 404 1ms
[2026-08-29T08:22:08.297Z] INFO: GET /index.html 404 0ms
[2026-08-29T08:22:09.310Z] INFO: GET / 404 2ms
[2026-08-29T08:22:09.313Z] INFO: GET /index.html 404 1ms
[2026-08-29T08:22:09.367Z] INFO: Database connected
[2026-08-29T08:22:10.325Z] INFO: GET / 404 1ms
[2026-08-29T08:22:10.325Z] INFO: GET /index.html 404 1ms
[2026-08-29T08:22:11.344Z] INFO: GET / 404 2ms
[2026-08-29T08:22:11.344Z] INFO: GET /index.html 404 2ms
[2026-08-29T08:22:12.353Z] INFO: GET / 404 1ms
[2026-08-29T08:22:12.354Z] INFO: GET /index.html 404 0ms
[2026-08-29T08:22:13.371Z] INFO: GET / 404 1ms
[2026-08-29T08:22:13.371Z] INFO: GET /index.html 404 0ms
[2026-08-29T08:22:14.389Z] INFO: GET / 404 0ms
[2026-08-29T08:22:14.390Z] INFO: GET /index.html 404 1ms
[2026-08-29T08:22:15.407Z] INFO: GET / 404 1ms
[2026-08-29T08:22:15.408Z] INFO: GET /index.html 404 1ms
[2026-08-29T08:22:16.445Z] INFO: GET / 404 0ms
[2026-08-29T08:22:16.445Z] INFO: GET /index.html 404 1ms
[2026-08-29T08:22:17.443Z] INFO: GET / 404 1ms
[2026-08-29T08:22:17.444Z] INFO: GET /index.html 404 1ms
[2026-08-29T08:22:18.452Z] INFO: GET / 404 1ms
[2026-08-29T08:22:18.453Z] INFO: GET /index.html 404 1ms
[2026-08-29T08:22:19.468Z] INFO: GET / 404 0ms
[2026-08-29T08:22:19.468Z] INFO: GET /index.html 404 0ms
[2026-08-29T08:22:20.481Z] INFO: GET / 404 1ms
[2026-08-29T08:22:20.481Z] INFO: GET /index.html 404 0ms
[2026-08-29T08:22:21.499Z] INFO: GET / 404 2ms
[2026-08-29T08:22:21.499Z] INFO: GET /index.html 404 0ms
[2026-08-29T08:22:22.514Z] INFO: GET / 404 0ms
[2026-08-29T08:22:22.515Z] INFO: GET /index.html 404 1ms
[2026-08-29T08:22:23.527Z] INFO: GET / 404 1ms
[2026-08-29T08:22:23.527Z] INFO: GET /index.html 404 1ms
[2026-08-29T08:22:24.540Z] INFO: GET / 404 1ms
[2026-08-29T08:22:24.540Z] INFO: GET /index.html 404 0ms
[2026-08-29T08:22:25.549Z] INFO: GET / 404 1ms
[2026-08-29T08:22:25.550Z] INFO: GET /index.html 404 0ms
[2026-08-29T08:22:26.564Z] INFO: GET / 404 1ms
[2026-08-29T08:22:26.565Z] INFO: GET /index.html 404 0ms
[2026-08-29T08:22:27.577Z] INFO: GET / 404 1ms
[2026-08-29T08:22:27.577Z] INFO: GET /index.html 404 1ms
[2026-08-29T08:22:28.582Z] INFO: GET / 404 0ms
[2026-08-29T08:22:28.582Z] INFO: GET /index.html 404 0ms
[2026-08-29T08:22:29.614Z] INFO: GET /index.html 404 1ms
[2026-08-29T08:22:29.613Z] INFO: GET / 404 1ms
[2026-08-29T08:22:30.611Z] INFO: GET / 404 1ms
[2026-08-29T08:22:30.612Z] INFO: GET /index.html 404 1ms
[2026-08-29T08:22:31.625Z] INFO: GET / 404 1ms
[2026-08-29T08:22:31.626Z] INFO: GET /index.html 404 0ms
[2026-08-29T08:22:32.639Z] INFO: GET / 404 0ms
[2026-08-29T08:22:32.640Z] INFO: GET /index.html 404 1ms
[2026-08-29T08:22:33.654Z] INFO: GET / 404 1ms
[2026-08-29T08:22:33.655Z] INFO: GET /index.html 404 1ms
[2026-08-29T08:22:34.765Z] INFO: GET / 404 1ms
[2026-08-29T08:22:34.770Z] INFO: GET /index.html 404 0ms
[2026-08-29T08:22:35.745Z] INFO: GET / 404 1ms
[2026-08-29T08:22:35.745Z] INFO: GET /index.html 404 1ms
[2026-08-29T08:22:36.754Z] INFO: GET / 404 1ms
[2026-08-29T08:22:36.754Z] INFO: GET /index.html 404 1ms
[2026-08-29T08:22:37.772Z] INFO: GET / 404 2ms
[2026-08-29T08:22:37.772Z] INFO: GET /index.html 404 1ms
[2026-08-29T08:22:38.780Z] INFO: GET / 404 1ms
[2026-08-29T08:22:38.780Z] INFO: GET /index.html 404 1ms
[2026-08-29T08:22:39.794Z] INFO: GET / 404 1ms
[2026-08-29T08:22:39.794Z] INFO: GET /index.html 404 1ms
[2026-08-29T08:22:40.819Z] INFO: GET / 404 1ms
[2026-08-29T08:22:40.819Z] INFO: GET /index.html 404 1ms
[2026-08-29T08:22:41.826Z] INFO: GET /index.html 404 1ms
[2026-08-29T08:22:41.826Z] INFO: GET / 404 0ms
[2026-08-29T08:22:42.830Z] INFO: GET /index.html 404 1ms
[2026-08-29T08:22:42.830Z] INFO: GET / 404 1ms
[2026-08-29T08:22:43.843Z] INFO: GET / 404 1ms
[2026-08-29T08:22:43.843Z] INFO: GET /index.html 404 1ms
[2026-08-29T08:22:44.856Z] INFO: GET / 404 1ms
[2026-08-29T08:22:44.857Z] INFO: GET /index.html 404 1ms
[2026-08-29T08:22:45.868Z] INFO: GET / 404 1ms
[2026-08-29T08:22:45.869Z] INFO: GET /index.html 404 0ms
[2026-08-29T08:22:46.884Z] INFO: GET / 404 0ms
[2026-08-29T08:22:46.885Z] INFO: GET /index.html 404 1ms
[2026-08-29T08:22:47.895Z] INFO: GET / 404 1ms
[2026-08-29T08:22:47.895Z] INFO: GET /index.html 404 1ms
[2026-08-29T08:22:48.912Z] INFO: GET / 404 1ms
[2026-08-29T08:22:48.912Z] INFO: GET /index.html 404 0ms
[2026-08-29T08:22:49.925Z] INFO: GET / 404 0ms
[2026-08-29T08:22:49.926Z] INFO: GET /index.html 404 0ms
[2026-08-29T08:22:50.938Z] INFO: GET / 404 0ms
[2026-08-29T08:22:50.938Z] INFO: GET /index.html 404 0ms
[2026-08-29T08:22:51.954Z] INFO: GET / 404 1ms
[2026-08-29T08:22:51.954Z] INFO: GET /index.html 404 0ms
[2026-08-29T08:22:52.966Z] INFO: GET / 404 0ms
[2026-08-29T08:22:52.966Z] INFO: GET /index.html 404 1ms
[2026-08-29T08:22:53.985Z] INFO: GET / 404 1ms
[2026-08-29T08:22:53.986Z] INFO: GET /index.html 404 1ms
[2026-08-29T08:22:55.001Z] INFO: GET / 404 1ms
[2026-08-29T08:22:55.001Z] INFO: GET /index.html 404 1ms
[2026-08-29T08:22:56.012Z] INFO: GET /index.html 404 0ms
[2026-08-29T08:22:56.012Z] INFO: GET / 404 0ms
[2026-08-29T08:22:57.098Z] INFO: GET / 404 7ms
[2026-08-29T08:22:57.132Z] INFO: GET /index.html 404 1ms
[2026-08-29T08:22:58.106Z] INFO: GET / 404 1ms
[2026-08-29T08:22:58.106Z] INFO: GET /index.html 404 1ms
[2026-08-29T08:22:59.116Z] INFO: GET / 404 0ms
[2026-08-29T08:22:59.117Z] INFO: GET /index.html 404 0ms
[2026-08-29T08:23:00.119Z] INFO: GET / 404 1ms
[2026-08-29T08:23:00.119Z] INFO: GET /index.html 404 0ms
[2026-08-29T08:24:31.136Z] INFO: Server listening on port 3000
[2026-08-29T08:24:31.533Z] INFO: Database connected
[2026-08-29T08:40:50.210Z] INFO: Server listening on port 3000
[2026-08-29T08:40:51.125Z] INFO: Database connected
[2026-08-29T08:43:55.213Z] INFO: GET /health 200 3ms
[2026-08-29T10:21:25.856Z] INFO: GET /health 200 37ms
[2026-08-29T10:22:27.907Z] INFO: Server listening on port 3000
[2026-08-29T10:22:28.760Z] INFO: GET / 404 6ms
[2026-08-29T10:22:28.760Z] INFO: GET /index.html 404 1ms
[2026-08-29T10:22:29.089Z] INFO: Database connected
[2026-08-29T10:22:29.776Z] INFO: GET / 404 0ms
[2026-08-29T10:22:29.776Z] INFO: GET /index.html 404 1ms
[2026-08-29T10:22:30.789Z] INFO: GET / 404 1ms
[2026-08-29T10:22:30.790Z] INFO: GET /index.html 404 0ms
[2026-08-29T10:22:31.824Z] INFO: GET / 404 1ms
[2026-08-29T10:22:31.825Z] INFO: GET /index.html 404 1ms
[2026-08-29T10:22:32.837Z] INFO: GET / 404 1ms
[2026-08-29T10:22:32.840Z] INFO: GET /index.html 404 1ms
[2026-08-29T10:22:33.852Z] INFO: GET / 404 1ms
[2026-08-29T10:22:33.852Z] INFO: GET /index.html 404 0ms
[2026-08-29T10:22:34.865Z] INFO: GET / 404 1ms
[2026-08-29T10:22:34.866Z] INFO: GET /index.html 404 1ms
[2026-08-29T10:22:35.880Z] INFO: GET / 404 1ms
[2026-08-29T10:22:35.880Z] INFO: GET /index.html 404 0ms
[2026-08-29T10:22:36.892Z] INFO: GET / 404 1ms
[2026-08-29T10:22:36.892Z] INFO: GET /index.html 404 1ms
[2026-08-29T10:22:37.908Z] INFO: GET / 404 0ms
[2026-08-29T10:22:37.908Z] INFO: GET /index.html 404 1ms
[2026-08-29T10:22:38.925Z] INFO: GET / 404 1ms
[2026-08-29T10:22:38.926Z] INFO: GET /index.html 404 0ms
[2026-08-29T10:22:39.939Z] INFO: GET / 404 1ms
[2026-08-29T10:22:39.939Z] INFO: GET /index.html 404 1ms
[2026-08-29T10:22:40.954Z] INFO: GET / 404 1ms
[2026-08-29T10:22:40.954Z] INFO: GET /index.html 404 0ms
[2026-08-29T10:22:41.969Z] INFO: GET / 404 0ms
[2026-08-29T10:22:41.969Z] INFO: GET /index.html 404 1ms
[2026-08-29T10:22:42.980Z] INFO: GET / 404 2ms
[2026-08-29T10:22:42.980Z] INFO: GET /index.html 404 1ms
[2026-08-29T10:22:43.986Z] INFO: GET /index.html 404 1ms
[2026-08-29T10:22:43.986Z] INFO: GET / 404 1ms
[2026-08-29T10:22:44.998Z] INFO: GET / 404 1ms
[2026-08-29T10:22:44.999Z] INFO: GET /index.html 404 1ms
[2026-08-29T10:22:46.014Z] INFO: GET / 404 2ms
[2026-08-29T10:22:46.014Z] INFO: GET /index.html 404 1ms
[2026-08-29T10:22:47.025Z] INFO: GET / 404 0ms
[2026-08-29T10:22:47.025Z] INFO: GET /index.html 404 0ms
[2026-08-29T10:22:48.041Z] INFO: GET / 404 1ms
[2026-08-29T10:22:48.041Z] INFO: GET /index.html 404 1ms
[2026-08-29T10:22:49.054Z] INFO: GET / 404 0ms
[2026-08-29T10:22:49.054Z] INFO: GET /index.html 404 1ms
[2026-08-29T10:22:50.073Z] INFO: GET /index.html 404 1ms
[2026-08-29T10:22:50.073Z] INFO: GET / 404 1ms
[2026-08-29T10:22:51.087Z] INFO: GET / 404 1ms
[2026-08-29T10:22:51.087Z] INFO: GET /index.html 404 1ms
[2026-08-29T10:22:52.099Z] INFO: GET / 404 0ms
[2026-08-29T10:22:52.100Z] INFO: GET /index.html 404 0ms
[2026-08-29T10:22:53.111Z] INFO: GET / 404 0ms
[2026-08-29T10:22:53.112Z] INFO: GET /index.html 404 0ms
[2026-08-29T10:22:54.123Z] INFO: GET / 404 1ms
[2026-08-29T10:22:54.124Z] INFO: GET /index.html 404 0ms
[2026-08-29T10:22:55.128Z] INFO: GET / 404 1ms
[2026-08-29T10:22:55.128Z] INFO: GET /index.html 404 0ms
[2026-08-29T10:22:56.141Z] INFO: GET / 404 1ms
[2026-08-29T10:22:56.141Z] INFO: GET /index.html 404 0ms
[2026-08-29T10:22:57.157Z] INFO: GET / 404 1ms
[2026-08-29T10:22:57.158Z] INFO: GET /index.html 404 1ms
[2026-08-29T10:22:58.171Z] INFO: GET / 404 1ms
[2026-08-29T10:22:58.171Z] INFO: GET /index.html 404 1ms
[2026-08-29T10:22:59.186Z] INFO: GET / 404 1ms
[2026-08-29T10:22:59.186Z] INFO: GET /index.html 404 1ms
[2026-08-29T10:23:00.204Z] INFO: GET / 404 2ms
[2026-08-29T10:23:00.207Z] INFO: GET /index.html 404 1ms
[2026-08-29T10:23:01.219Z] INFO: GET / 404 0ms
[2026-08-29T10:23:01.220Z] INFO: GET /index.html 404 0ms
[2026-08-29T10:23:02.234Z] INFO: GET / 404 0ms
[2026-08-29T10:23:02.234Z] INFO: GET /index.html 404 0ms
[2026-08-29T10:23:03.249Z] INFO: GET / 404 1ms
[2026-08-29T10:23:03.251Z] INFO: GET /index.html 404 1ms
[2026-08-29T10:23:04.264Z] INFO: GET / 404 1ms
[2026-08-29T10:23:04.265Z] INFO: GET /index.html 404 0ms
[2026-08-29T10:23:05.281Z] INFO: GET /index.html 404 0ms
[2026-08-29T10:23:05.280Z] INFO: GET / 404 1ms
[2026-08-29T10:23:06.294Z] INFO: GET / 404 1ms
[2026-08-29T10:23:06.295Z] INFO: GET /index.html 404 0ms
[2026-08-29T10:23:07.309Z] INFO: GET / 404 0ms
[2026-08-29T10:23:07.309Z] INFO: GET /index.html 404 0ms
[2026-08-29T10:23:08.324Z] INFO: GET / 404 1ms
[2026-08-29T10:23:08.324Z] INFO: GET /index.html 404 1ms
[2026-08-29T10:23:09.340Z] INFO: GET / 404 1ms
[2026-08-29T10:23:09.340Z] INFO: GET /index.html 404 1ms
[2026-08-29T10:23:10.345Z] INFO: GET / 404 1ms
[2026-08-29T10:23:10.345Z] INFO: GET /index.html 404 1ms
[2026-08-29T10:23:11.348Z] INFO: GET / 404 1ms
[2026-08-29T10:23:11.348Z] INFO: GET /index.html 404 0ms
[2026-08-29T10:23:12.360Z] INFO: GET / 404 1ms
[2026-08-29T10:23:12.360Z] INFO: GET /index.html 404 1ms
[2026-08-29T10:23:13.375Z] INFO: GET / 404 0ms
[2026-08-29T10:23:13.375Z] INFO: GET /index.html 404 0ms
[2026-08-29T10:23:14.387Z] INFO: GET / 404 1ms
[2026-08-29T10:23:14.387Z] INFO: GET /index.html 404 1ms
[2026-08-29T10:23:15.404Z] INFO: GET / 404 0ms
[2026-08-29T10:23:15.405Z] INFO: GET /index.html 404 0ms
[2026-08-29T10:23:16.413Z] INFO: GET / 404 1ms
[2026-08-29T10:23:16.414Z] INFO: GET /index.html 404 0ms
[2026-08-29T10:23:17.423Z] INFO: GET / 404 1ms
[2026-08-29T10:23:17.424Z] INFO: GET /index.html 404 0ms
[2026-08-29T10:23:18.428Z] INFO: GET / 404 0ms
[2026-08-29T10:23:18.429Z] INFO: GET /index.html 404 0ms
[2026-08-29T10:23:19.444Z] INFO: GET / 404 1ms
[2026-08-29T10:23:19.444Z] INFO: GET /index.html 404 1ms
[2026-08-29T10:23:20.448Z] INFO: GET / 404 0ms
[2026-08-29T10:23:20.448Z] INFO: GET /index.html 404 1ms
[2026-08-29T10:23:21.461Z] INFO: GET / 404 1ms
[2026-08-29T10:23:21.462Z] INFO: GET /index.html 404 1ms
[2026-08-29T10:23:22.471Z] INFO: GET / 404 1ms
[2026-08-29T10:23:22.472Z] INFO: GET /index.html 404 0ms
[2026-08-29T10:41:41.329Z] INFO: Server listening on port 3000
[2026-08-29T10:41:47.492Z] INFO: Database connected
[2026-08-29T10:48:21.240Z] INFO: GET /health 200 5ms
[2026-08-29T10:49:23.186Z] INFO: GET / 404 1ms
[2026-08-29T10:49:23.192Z] INFO: GET /index.html 404 1ms
[2026-08-29T10:49:23.264Z] INFO: GET / 404 0ms
[2026-08-29T10:49:23.264Z] INFO: GET /index.html 404 1ms
[2026-08-29T10:49:23.373Z] INFO: GET / 404 1ms
[2026-08-29T10:49:23.376Z] INFO: GET /index.html 404 0ms
[2026-08-29T10:49:23.636Z] INFO: GET / 404 1ms
[2026-08-29T10:49:23.638Z] INFO: GET /index.html 404 1ms
[2026-08-29T10:49:24.156Z] INFO: GET / 404 1ms
[2026-08-29T10:49:24.160Z] INFO: GET /index.html 404 1ms
[2026-08-29T10:49:25.170Z] INFO: GET / 404 0ms
[2026-08-29T10:49:25.170Z] INFO: GET /index.html 404 0ms
[2026-08-29T10:49:26.183Z] INFO: GET /index.html 404 1ms
[2026-08-29T10:49:26.183Z] INFO: GET / 404 0ms
[2026-08-30T11:30:14.080Z] INFO: Server listening on port 5174
[2026-08-30T11:30:14.082Z] INFO: GET / 404 8ms
[2026-08-30T11:30:14.083Z] INFO: GET /index.html 404 1ms
[2026-08-30T11:30:15.114Z] INFO: GET / 404 1ms
[2026-08-30T11:30:15.115Z] INFO: GET /index.html 404 1ms
[2026-08-30T11:30:16.152Z] INFO: GET /index.html 404 1ms
[2026-08-30T11:30:16.152Z] INFO: GET / 404 1ms
[2026-08-30T11:30:17.150Z] INFO: GET / 404 1ms
[2026-08-30T11:30:17.152Z] INFO: GET /index.html 404 1ms
[2026-08-30T11:30:18.157Z] INFO: GET / 404 1ms
[2026-08-30T11:30:18.157Z] INFO: GET /index.html 404 0ms
[2026-08-30T11:30:19.166Z] INFO: GET / 404 1ms
[2026-08-30T11:30:19.167Z] INFO: GET /index.html 404 0ms
[2026-08-30T11:30:19.521Z] INFO: Database connected
[2026-08-30T11:30:20.173Z] INFO: GET / 404 1ms
[2026-08-30T11:30:20.173Z] INFO: GET /index.html 404 0ms
[2026-08-30T11:30:21.181Z] INFO: GET / 404 1ms
[2026-08-30T11:30:21.181Z] INFO: GET /index.html 404 1ms
[2026-08-30T11:30:22.199Z] INFO: GET / 404 1ms
[2026-08-30T11:30:22.199Z] INFO: GET /index.html 404 1ms
[2026-08-30T11:30:23.205Z] INFO: GET / 404 0ms
[2026-08-30T11:30:23.205Z] INFO: GET /index.html 404 0ms
[2026-08-30T11:30:24.226Z] INFO: GET / 404 2ms
[2026-08-30T11:30:24.232Z] INFO: GET /index.html 404 2ms
[2026-08-30T11:30:25.239Z] INFO: GET / 404 1ms
[2026-08-30T11:30:25.239Z] INFO: GET /index.html 404 1ms
[2026-08-30T11:30:26.246Z] INFO: GET / 404 0ms
[2026-08-30T11:30:26.246Z] INFO: GET /index.html 404 1ms
[2026-08-30T11:30:27.250Z] INFO: GET / 404 1ms
[2026-08-30T11:30:27.250Z] INFO: GET /index.html 404 0ms
[2026-08-30T11:30:28.255Z] INFO: GET / 404 1ms
[2026-08-30T11:30:28.256Z] INFO: GET /index.html 404 1ms
[2026-08-30T11:30:29.262Z] INFO: GET / 404 1ms
[2026-08-30T11:30:29.263Z] INFO: GET /index.html 404 1ms
[2026-08-30T11:30:30.274Z] INFO: GET / 404 1ms
[2026-08-30T11:30:30.274Z] INFO: GET /index.html 404 0ms
[2026-08-30T11:30:31.287Z] INFO: GET / 404 1ms
[2026-08-30T11:30:31.287Z] INFO: GET /index.html 404 2ms
[2026-08-30T11:30:32.298Z] INFO: GET / 404 1ms
[2026-08-30T11:30:32.299Z] INFO: GET /index.html 404 1ms
[2026-08-30T11:30:33.313Z] INFO: GET / 404 1ms
[2026-08-30T11:30:33.315Z] INFO: GET /index.html 404 0ms
[2026-08-30T11:30:34.339Z] INFO: GET / 404 1ms
[2026-08-30T11:30:34.339Z] INFO: GET /index.html 404 1ms
[2026-08-30T11:30:35.347Z] INFO: GET / 404 1ms
[2026-08-30T11:30:35.347Z] INFO: GET /index.html 404 0ms
[2026-08-30T11:30:36.351Z] INFO: GET / 404 1ms
[2026-08-30T11:30:36.352Z] INFO: GET /index.html 404 0ms
[2026-08-30T11:30:37.355Z] INFO: GET / 404 1ms
[2026-08-30T11:30:37.355Z] INFO: GET /index.html 404 0ms
[2026-08-30T11:30:38.370Z] INFO: GET / 404 1ms
[2026-08-30T11:30:38.370Z] INFO: GET /index.html 404 1ms
[2026-08-30T11:30:39.386Z] INFO: GET / 404 0ms
[2026-08-30T11:30:39.386Z] INFO: GET /index.html 404 0ms
[2026-08-30T11:30:40.389Z] INFO: GET / 404 0ms
[2026-08-30T11:30:40.389Z] INFO: GET /index.html 404 1ms
[2026-08-30T11:30:41.405Z] INFO: GET / 404 1ms
[2026-08-30T11:30:41.405Z] INFO: GET /index.html 404 1ms
[2026-08-30T11:30:42.411Z] INFO: GET / 404 1ms
[2026-08-30T11:30:42.412Z] INFO: GET /index.html 404 1ms
[2026-08-30T11:30:43.422Z] INFO: GET / 404 1ms
[2026-08-30T11:30:43.423Z] INFO: GET /index.html 404 1ms
[2026-08-30T11:30:44.438Z] INFO: GET / 404 1ms
[2026-08-30T11:30:44.439Z] INFO: GET /index.html 404 0ms
[2026-08-30T11:30:45.455Z] INFO: GET / 404 1ms
[2026-08-30T11:30:45.455Z] INFO: GET /index.html 404 0ms
[2026-08-30T11:30:46.479Z] INFO: GET / 404 5ms
[2026-08-30T11:30:46.480Z] INFO: GET /index.html 404 1ms
[2026-08-30T11:30:47.481Z] INFO: GET / 404 0ms
[2026-08-30T11:30:47.481Z] INFO: GET /index.html 404 1ms
[2026-08-30T11:30:48.486Z] INFO: GET /index.html 404 0ms
[2026-08-30T11:30:48.486Z] INFO: GET / 404 0ms
[2026-08-30T11:30:49.535Z] INFO: GET / 404 1ms
[2026-08-30T11:30:49.535Z] INFO: GET /index.html 404 0ms
[2026-08-30T11:30:50.540Z] INFO: GET / 404 1ms
[2026-08-30T11:30:50.540Z] INFO: GET /index.html 404 1ms
[2026-08-30T11:30:51.548Z] INFO: GET /index.html 404 0ms
[2026-08-30T11:30:51.548Z] INFO: GET / 404 0ms
[2026-08-30T11:30:52.551Z] INFO: GET / 404 1ms
[2026-08-30T11:30:52.552Z] INFO: GET /index.html 404 0ms
[2026-08-30T11:30:53.558Z] INFO: GET / 404 0ms
[2026-08-30T11:30:53.558Z] INFO: GET /index.html 404 1ms
[2026-08-30T11:30:54.570Z] INFO: GET / 404 0ms
[2026-08-30T11:30:54.571Z] INFO: GET /index.html 404 1ms
[2026-08-30T11:30:55.576Z] INFO: GET / 404 0ms
[2026-08-30T11:30:55.576Z] INFO: GET /index.html 404 0ms
[2026-08-30T11:30:56.605Z] INFO: GET / 404 4ms
[2026-08-30T11:30:56.604Z] INFO: GET /index.html 404 0ms
[2026-08-30T11:30:57.614Z] INFO: GET / 404 0ms
[2026-08-30T11:30:57.614Z] INFO: GET /index.html 404 3ms
[2026-08-30T11:30:58.629Z] INFO: GET / 404 1ms
[2026-08-30T11:30:58.630Z] INFO: GET /index.html 404 1ms
[2026-08-30T11:30:59.634Z] INFO: GET / 404 0ms
[2026-08-30T11:30:59.634Z] INFO: GET /index.html 404 1ms
[2026-08-30T11:31:00.640Z] INFO: GET / 404 1ms
[2026-08-30T11:31:00.640Z] INFO: GET /index.html 404 1ms
[2026-08-30T11:31:01.647Z] INFO: GET / 404 1ms
[2026-08-30T11:31:01.647Z] INFO: GET /index.html 404 1ms
[2026-08-30T11:31:02.655Z] INFO: GET / 404 1ms
[2026-08-30T11:31:02.655Z] INFO: GET /index.html 404 1ms
[2026-08-30T11:31:03.664Z] INFO: GET / 404 1ms
[2026-08-30T11:31:03.664Z] INFO: GET /index.html 404 1ms
[2026-08-30T11:31:04.671Z] INFO: GET /index.html 404 1ms
[2026-08-30T11:31:04.671Z] INFO: GET / 404 0ms
[2026-08-30T11:31:05.678Z] INFO: GET / 404 1ms
[2026-08-30T11:31:05.678Z] INFO: GET /index.html 404 1ms
[2026-08-30T11:31:06.684Z] INFO: GET / 404 0ms
[2026-08-30T11:31:06.684Z] INFO: GET /index.html 404 1ms
[2026-08-30T11:31:07.691Z] INFO: GET / 404 0ms
[2026-08-30T11:31:07.691Z] INFO: GET /index.html 404 0ms
[2026-08-30T11:31:08.697Z] INFO: GET /index.html 404 1ms
[2026-08-30T11:31:08.697Z] INFO: GET / 404 2ms
[2026-08-30T11:31:40.673Z] INFO: Server listening on port 5174
[2026-08-30T11:31:40.790Z] INFO: GET / 404 4ms
[2026-08-30T11:31:40.798Z] INFO: GET /index.html 404 3ms
[2026-08-30T11:31:41.816Z] INFO: GET / 404 0ms
[2026-08-30T11:31:41.818Z] INFO: GET /index.html 404 0ms
[2026-08-30T11:31:42.834Z] INFO: GET / 404 2ms
[2026-08-30T11:31:42.837Z] INFO: GET /index.html 404 1ms
[2026-08-30T11:31:43.890Z] INFO: GET / 404 1ms
[2026-08-30T11:31:43.892Z] INFO: GET /index.html 404 0ms
[2026-08-30T11:31:44.903Z] INFO: GET / 404 2ms
[2026-08-30T11:31:44.903Z] INFO: GET /index.html 404 0ms
[2026-08-30T11:31:45.918Z] INFO: GET / 404 1ms
[2026-08-30T11:31:45.919Z] INFO: GET /index.html 404 0ms
[2026-08-30T11:31:46.923Z] INFO: GET / 404 1ms
[2026-08-30T11:31:46.923Z] INFO: GET /index.html 404 1ms
[2026-08-30T11:31:47.930Z] INFO: GET / 404 1ms
[2026-08-30T11:31:47.931Z] INFO: GET /index.html 404 0ms
[2026-08-30T11:31:47.963Z] ERROR: Database connection failed: Could not connect to any servers in your MongoDB Atlas cluster. One common reason is that you're trying to access the database from an IP that isn't whitelisted. Make sure your current IP address is on your Atlas cluster's IP whitelist: https://www.mongodb.com/docs/atlas/security-whitelist/
[2026-08-30T11:31:47.963Z] ERROR: MongoDB unavailable: Could not connect to any servers in your MongoDB Atlas cluster. One common reason is that you're trying to access the database from an IP that isn't whitelisted. Make sure your current IP address is on your Atlas cluster's IP whitelist: https://www.mongodb.com/docs/atlas/security-whitelist/
[2026-08-30T11:31:48.937Z] INFO: GET / 404 1ms
[2026-08-30T11:31:48.937Z] INFO: GET /index.html 404 1ms
[2026-08-30T11:31:49.945Z] INFO: GET / 404 1ms
[2026-08-30T11:31:49.946Z] INFO: GET /index.html 404 0ms
[2026-08-30T11:31:50.955Z] INFO: GET / 404 1ms
[2026-08-30T11:31:50.955Z] INFO: GET /index.html 404 0ms
[2026-08-30T11:31:51.959Z] INFO: GET / 404 0ms
[2026-08-30T11:31:51.963Z] INFO: GET /index.html 404 1ms
[2026-08-30T11:31:52.987Z] INFO: GET / 404 1ms
[2026-08-30T11:31:52.987Z] INFO: GET /index.html 404 0ms
[2026-08-30T11:31:54.003Z] INFO: GET / 404 0ms
[2026-08-30T11:31:54.003Z] INFO: GET /index.html 404 0ms
[2026-08-30T11:31:55.014Z] INFO: GET / 404 1ms
[2026-08-30T11:31:55.020Z] INFO: GET /index.html 404 1ms
[2026-08-30T11:31:56.028Z] INFO: GET / 404 1ms
[2026-08-30T11:31:56.028Z] INFO: GET /index.html 404 1ms
[2026-08-30T11:31:57.036Z] INFO: GET / 404 1ms
[2026-08-30T11:31:57.036Z] INFO: GET /index.html 404 1ms
[2026-08-30T11:31:58.043Z] INFO: GET / 404 1ms
[2026-08-30T11:31:58.043Z] INFO: GET /index.html 404 0ms
[2026-08-30T11:31:59.056Z] INFO: GET /index.html 404 1ms
[2026-08-30T11:31:59.056Z] INFO: GET / 404 1ms
[2026-08-30T11:32:00.057Z] INFO: GET / 404 0ms
[2026-08-30T11:32:00.057Z] INFO: GET /index.html 404 0ms
[2026-08-30T11:32:01.062Z] INFO: GET / 404 1ms
[2026-08-30T11:32:01.062Z] INFO: GET /index.html 404 1ms
[2026-08-30T11:32:02.067Z] INFO: GET / 404 1ms
[2026-08-30T11:32:02.067Z] INFO: GET /index.html 404 0ms
[2026-08-30T11:32:03.072Z] INFO: GET / 404 0ms
[2026-08-30T11:32:03.072Z] INFO: GET /index.html 404 0ms
[2026-08-30T11:32:04.085Z] INFO: GET / 404 1ms
[2026-08-30T11:32:04.086Z] INFO: GET /index.html 404 1ms
[2026-08-30T11:32:05.100Z] INFO: GET / 404 1ms
[2026-08-30T11:32:05.101Z] INFO: GET /index.html 404 0ms
[2026-08-30T11:32:06.111Z] INFO: GET / 404 1ms
[2026-08-30T11:32:06.112Z] INFO: GET /index.html 404 0ms
[2026-08-30T11:32:07.115Z] INFO: GET / 404 0ms
[2026-08-30T11:32:07.116Z] INFO: GET /index.html 404 1ms
[2026-08-30T11:32:08.120Z] INFO: GET / 404 1ms
[2026-08-30T11:32:08.121Z] INFO: GET /index.html 404 0ms
[2026-08-30T11:32:09.129Z] INFO: GET / 404 1ms
[2026-08-30T11:32:09.129Z] INFO: GET /index.html 404 1ms
[2026-08-30T11:32:10.140Z] INFO: GET / 404 1ms
[2026-08-30T11:32:10.140Z] INFO: GET /index.html 404 0ms
[2026-08-30T11:32:11.142Z] INFO: GET / 404 1ms
[2026-08-30T11:32:11.142Z] INFO: GET /index.html 404 1ms
[2026-08-30T11:32:12.149Z] INFO: GET / 404 1ms
[2026-08-30T11:32:12.149Z] INFO: GET /index.html 404 1ms
[2026-08-30T11:32:13.159Z] INFO: GET / 404 1ms
[2026-08-30T11:32:13.160Z] INFO: GET /index.html 404 0ms
[2026-08-30T11:32:14.169Z] INFO: GET / 404 0ms
[2026-08-30T11:32:14.169Z] INFO: GET /index.html 404 1ms
[2026-08-30T11:32:15.177Z] INFO: GET / 404 1ms
[2026-08-30T11:32:15.177Z] INFO: GET /index.html 404 1ms
[2026-08-30T11:32:16.185Z] INFO: GET / 404 1ms
[2026-08-30T11:32:16.186Z] INFO: GET /index.html 404 0ms
[2026-08-30T11:32:17.190Z] INFO: GET / 404 1ms
[2026-08-30T11:32:17.190Z] INFO: GET /index.html 404 0ms
[2026-08-30T11:32:18.195Z] INFO: GET / 404 0ms
[2026-08-30T11:32:18.195Z] INFO: GET /index.html 404 0ms
[2026-08-30T11:32:19.202Z] INFO: GET / 404 1ms
[2026-08-30T11:32:19.202Z] INFO: GET /index.html 404 1ms
[2026-08-30T11:32:20.207Z] INFO: GET / 404 1ms
[2026-08-30T11:32:20.208Z] INFO: GET /index.html 404 0ms
[2026-08-30T11:32:21.216Z] INFO: GET / 404 0ms
[2026-08-30T11:32:21.217Z] INFO: GET /index.html 404 0ms
[2026-08-30T11:32:22.224Z] INFO: GET / 404 0ms
[2026-08-30T11:32:22.225Z] INFO: GET /index.html 404 0ms
[2026-08-30T11:32:23.230Z] INFO: GET / 404 1ms
[2026-08-30T11:32:23.231Z] INFO: GET /index.html 404 0ms
[2026-08-30T11:32:24.235Z] INFO: GET / 404 1ms
[2026-08-30T11:32:24.236Z] INFO: GET /index.html 404 0ms
[2026-08-30T11:32:25.250Z] INFO: GET / 404 1ms
[2026-08-30T11:32:25.250Z] INFO: GET /index.html 404 1ms
[2026-08-30T11:32:26.258Z] INFO: GET /index.html 404 0ms
[2026-08-30T11:32:26.258Z] INFO: GET / 404 0ms
[2026-08-30T11:32:27.263Z] INFO: GET / 404 0ms
[2026-08-30T11:32:27.264Z] INFO: GET /index.html 404 0ms
[2026-08-30T11:32:28.275Z] INFO: GET / 404 1ms
[2026-08-30T11:32:28.276Z] INFO: GET /index.html 404 1ms
[2026-08-30T11:32:29.284Z] INFO: GET / 404 0ms
[2026-08-30T11:32:29.284Z] INFO: GET /index.html 404 0ms
[2026-08-30T11:32:30.291Z] INFO: GET / 404 1ms
[2026-08-30T11:32:30.291Z] INFO: GET /index.html 404 1ms
[2026-08-30T11:32:31.307Z] INFO: GET / 404 1ms
[2026-08-30T11:32:31.308Z] INFO: GET /index.html 404 0ms
[2026-08-30T11:32:32.312Z] INFO: GET / 404 0ms
[2026-08-30T11:32:32.312Z] INFO: GET /index.html 404 0ms
[2026-08-30T11:32:33.320Z] INFO: GET / 404 0ms
[2026-08-30T11:32:33.321Z] INFO: GET /index.html 404 0ms
[2026-08-30T11:32:34.338Z] INFO: GET / 404 0ms
[2026-08-30T11:32:34.338Z] INFO: GET /index.html 404 0ms
[2026-08-30T11:32:35.346Z] INFO: GET / 404 0ms
[2026-08-30T11:32:35.346Z] INFO: GET /index.html 404 1ms
[2026-08-30T11:33:04.578Z] INFO: Server listening on port 5174
[2026-08-30T11:33:05.015Z] INFO: GET / 404 5ms
[2026-08-30T11:33:05.025Z] INFO: GET /index.html 404 1ms
[2026-08-30T11:33:06.036Z] INFO: GET / 404 1ms
[2026-08-30T11:33:06.038Z] INFO: GET /index.html 404 1ms
[2026-08-30T11:33:07.092Z] INFO: GET / 404 3ms
[2026-08-30T11:33:07.096Z] INFO: GET /index.html 404 2ms
[2026-08-30T11:33:08.113Z] INFO: GET / 404 1ms
[2026-08-30T11:33:08.116Z] INFO: GET /index.html 404 1ms
[2026-08-30T11:33:09.127Z] INFO: GET / 404 3ms
[2026-08-30T11:33:09.128Z] INFO: GET /index.html 404 2ms
[2026-08-30T11:33:10.120Z] INFO: Database connected
[2026-08-30T11:33:10.154Z] INFO: GET / 404 2ms
[2026-08-30T11:33:10.158Z] INFO: GET /index.html 404 2ms
[2026-08-30T11:33:11.168Z] INFO: GET / 404 2ms
[2026-08-30T11:33:11.169Z] INFO: GET /index.html 404 3ms
[2026-08-30T11:33:12.184Z] INFO: GET / 404 1ms
[2026-08-30T11:33:12.185Z] INFO: GET /index.html 404 1ms
[2026-08-30T11:33:13.204Z] INFO: GET / 404 1ms
[2026-08-30T11:33:13.205Z] INFO: GET /index.html 404 0ms
[2026-08-30T11:33:14.221Z] INFO: GET /index.html 404 4ms
[2026-08-30T11:33:14.221Z] INFO: GET / 404 3ms
[2026-08-30T11:33:15.235Z] INFO: GET / 404 1ms
[2026-08-30T11:33:15.238Z] INFO: GET /index.html 404 1ms
[2026-08-30T11:33:16.257Z] INFO: GET / 404 1ms
[2026-08-30T11:33:16.258Z] INFO: GET /index.html 404 1ms
[2026-08-30T11:33:17.276Z] INFO: GET / 404 1ms
[2026-08-30T11:33:17.276Z] INFO: GET /index.html 404 1ms
[2026-08-30T11:33:18.283Z] INFO: GET / 404 1ms
[2026-08-30T11:33:18.283Z] INFO: GET /index.html 404 1ms
[2026-08-30T11:33:19.298Z] INFO: GET / 404 1ms
[2026-08-30T11:33:19.298Z] INFO: GET /index.html 404 1ms
[2026-08-30T11:33:20.306Z] INFO: GET / 404 0ms
[2026-08-30T11:33:20.306Z] INFO: GET /index.html 404 0ms
[2026-08-30T11:33:21.317Z] INFO: GET / 404 1ms
[2026-08-30T11:33:21.317Z] INFO: GET /index.html 404 0ms
[2026-08-30T11:33:22.334Z] INFO: GET / 404 1ms
[2026-08-30T11:33:22.334Z] INFO: GET /index.html 404 0ms
[2026-08-30T11:33:23.339Z] INFO: GET / 404 1ms
[2026-08-30T11:33:23.340Z] INFO: GET /index.html 404 1ms
[2026-08-30T11:33:24.344Z] INFO: GET / 404 1ms
[2026-08-30T11:33:24.346Z] INFO: GET /index.html 404 0ms
[2026-08-30T11:33:25.410Z] INFO: GET / 404 3ms
[2026-08-30T11:33:25.472Z] INFO: GET /index.html 404 20ms
[2026-08-30T11:33:26.391Z] INFO: GET / 404 1ms
[2026-08-30T11:33:26.393Z] INFO: GET /index.html 404 1ms
[2026-08-30T11:33:27.395Z] INFO: GET / 404 1ms
[2026-08-30T11:33:27.395Z] INFO: GET /index.html 404 1ms
[2026-08-30T11:33:28.403Z] INFO: GET / 404 0ms
[2026-08-30T11:33:28.403Z] INFO: GET /index.html 404 0ms
[2026-08-30T11:33:29.410Z] INFO: GET / 404 1ms
[2026-08-30T11:33:29.411Z] INFO: GET /index.html 404 0ms
[2026-08-30T11:33:30.417Z] INFO: GET / 404 0ms
[2026-08-30T11:33:30.419Z] INFO: GET /index.html 404 0ms
[2026-08-30T11:33:31.425Z] INFO: GET / 404 1ms
[2026-08-30T11:33:31.426Z] INFO: GET /index.html 404 1ms
[2026-08-30T11:33:32.442Z] INFO: GET / 404 0ms
[2026-08-30T11:33:32.443Z] INFO: GET /index.html 404 1ms
[2026-08-30T11:33:33.447Z] INFO: GET / 404 1ms
[2026-08-30T11:33:33.447Z] INFO: GET /index.html 404 1ms
[2026-08-30T11:33:34.457Z] INFO: GET / 404 1ms
[2026-08-30T11:33:34.458Z] INFO: GET /index.html 404 1ms
[2026-08-30T11:33:35.469Z] INFO: GET / 404 1ms
[2026-08-30T11:33:35.469Z] INFO: GET /index.html 404 1ms
[2026-08-30T11:33:36.474Z] INFO: GET / 404 1ms
[2026-08-30T11:33:36.474Z] INFO: GET /index.html 404 1ms
[2026-08-30T11:33:37.483Z] INFO: GET / 404 1ms
[2026-08-30T11:33:37.484Z] INFO: GET /index.html 404 1ms
[2026-08-30T11:33:38.495Z] INFO: GET / 404 0ms
[2026-08-30T11:33:38.495Z] INFO: GET /index.html 404 1ms
[2026-08-30T11:33:39.502Z] INFO: GET / 404 1ms
[2026-08-30T11:33:39.504Z] INFO: GET /index.html 404 0ms
[2026-08-30T11:33:40.521Z] INFO: GET / 404 0ms
[2026-08-30T11:33:40.521Z] INFO: GET /index.html 404 0ms
[2026-08-30T11:33:41.528Z] INFO: GET / 404 1ms
[2026-08-30T11:33:41.529Z] INFO: GET /index.html 404 0ms
[2026-08-30T11:33:42.538Z] INFO: GET / 404 1ms
[2026-08-30T11:33:42.539Z] INFO: GET /index.html 404 1ms
[2026-08-30T11:33:43.542Z] INFO: GET / 404 1ms
[2026-08-30T11:33:43.543Z] INFO: GET /index.html 404 0ms
[2026-08-30T11:33:44.546Z] INFO: GET / 404 1ms
[2026-08-30T11:33:44.547Z] INFO: GET /index.html 404 1ms
[2026-08-30T11:33:45.554Z] INFO: GET / 404 1ms
[2026-08-30T11:33:45.554Z] INFO: GET /index.html 404 0ms
[2026-08-30T11:33:46.566Z] INFO: GET / 404 0ms
[2026-08-30T11:33:46.567Z] INFO: GET /index.html 404 0ms
[2026-08-30T11:33:47.570Z] INFO: GET / 404 1ms
[2026-08-30T11:33:47.571Z] INFO: GET /index.html 404 1ms
[2026-08-30T11:33:48.576Z] INFO: GET / 404 1ms
[2026-08-30T11:33:48.576Z] INFO: GET /index.html 404 0ms
[2026-08-30T11:33:49.587Z] INFO: GET / 404 1ms
[2026-08-30T11:33:49.587Z] INFO: GET /index.html 404 1ms
[2026-08-30T11:33:50.591Z] INFO: GET / 404 1ms
[2026-08-30T11:33:50.591Z] INFO: GET /index.html 404 0ms
[2026-08-30T11:33:51.606Z] INFO: GET / 404 1ms
[2026-08-30T11:33:51.607Z] INFO: GET /index.html 404 1ms
[2026-08-30T11:33:52.611Z] INFO: GET / 404 1ms
[2026-08-30T11:33:52.611Z] INFO: GET /index.html 404 0ms
[2026-08-30T11:33:53.620Z] INFO: GET / 404 0ms
[2026-08-30T11:33:53.622Z] INFO: GET /index.html 404 0ms
[2026-08-30T11:33:54.625Z] INFO: GET / 404 1ms
[2026-08-30T11:33:54.627Z] INFO: GET /index.html 404 1ms
[2026-08-30T11:33:55.638Z] INFO: GET / 404 1ms
[2026-08-30T11:33:55.638Z] INFO: GET /index.html 404 1ms
[2026-08-30T11:33:56.643Z] INFO: GET / 404 1ms
[2026-08-30T11:33:56.643Z] INFO: GET /index.html 404 0ms
[2026-08-30T11:33:57.649Z] INFO: GET / 404 0ms
[2026-08-30T11:33:57.650Z] INFO: GET /index.html 404 0ms
[2026-08-30T11:33:58.656Z] INFO: GET / 404 0ms
[2026-08-30T11:33:58.656Z] INFO: GET /index.html 404 0ms
[2026-08-30T11:34:22.641Z] INFO: Server listening on port 5174
[2026-08-30T11:34:23.556Z] INFO: GET / 404 7ms
[2026-08-30T11:34:23.558Z] INFO: GET /index.html 404 1ms
[2026-08-30T11:34:24.564Z] INFO: GET / 404 0ms
[2026-08-30T11:34:24.564Z] INFO: GET /index.html 404 0ms
[2026-08-30T11:34:25.572Z] INFO: GET / 404 1ms
[2026-08-30T11:34:25.572Z] INFO: GET /index.html 404 1ms
[2026-08-30T11:34:26.580Z] INFO: GET / 404 1ms
[2026-08-30T11:34:26.580Z] INFO: GET /index.html 404 0ms
[2026-08-30T11:34:27.588Z] INFO: GET / 404 2ms
[2026-08-30T11:34:27.589Z] INFO: GET /index.html 404 1ms
[2026-08-30T11:34:28.412Z] INFO: Database connected
[2026-08-30T11:34:28.608Z] INFO: GET /index.html 404 0ms
[2026-08-30T11:34:28.607Z] INFO: GET / 404 1ms
[2026-08-30T11:34:29.611Z] INFO: GET / 404 1ms
[2026-08-30T11:34:29.611Z] INFO: GET /index.html 404 0ms
[2026-08-30T11:34:30.614Z] INFO: GET / 404 1ms
[2026-08-30T11:34:30.615Z] INFO: GET /index.html 404 0ms
[2026-08-30T11:34:31.630Z] INFO: GET / 404 1ms
[2026-08-30T11:34:31.630Z] INFO: GET /index.html 404 1ms
[2026-08-30T11:34:32.630Z] INFO: GET / 404 1ms
[2026-08-30T11:34:32.631Z] INFO: GET /index.html 404 1ms
[2026-08-30T11:34:33.638Z] INFO: GET / 404 1ms
[2026-08-30T11:34:33.638Z] INFO: GET /index.html 404 1ms
[2026-08-30T11:34:34.641Z] INFO: GET / 404 0ms
[2026-08-30T11:34:34.642Z] INFO: GET /index.html 404 1ms
[2026-08-30T11:34:35.650Z] INFO: GET / 404 1ms
[2026-08-30T11:34:35.650Z] INFO: GET /index.html 404 1ms
[2026-08-30T11:34:36.663Z] INFO: GET / 404 1ms
[2026-08-30T11:34:36.671Z] INFO: GET /index.html 404 1ms
[2026-08-30T11:34:37.673Z] INFO: GET / 404 1ms
[2026-08-30T11:34:37.673Z] INFO: GET /index.html 404 1ms
[2026-08-30T11:34:38.691Z] INFO: GET / 404 0ms
[2026-08-30T11:34:38.691Z] INFO: GET /index.html 404 1ms
[2026-08-30T11:34:39.696Z] INFO: GET / 404 0ms
[2026-08-30T11:34:39.696Z] INFO: GET /index.html 404 1ms
[2026-08-30T11:34:40.713Z] INFO: GET / 404 1ms
[2026-08-30T11:34:40.714Z] INFO: GET /index.html 404 1ms
[2026-08-30T11:34:41.717Z] INFO: GET / 404 1ms
[2026-08-30T11:34:41.718Z] INFO: GET /index.html 404 1ms
[2026-08-30T11:34:42.734Z] INFO: GET / 404 1ms
[2026-08-30T11:34:42.734Z] INFO: GET /index.html 404 0ms
[2026-08-30T11:34:43.739Z] INFO: GET / 404 1ms
[2026-08-30T11:34:43.740Z] INFO: GET /index.html 404 0ms
[2026-08-30T11:34:44.743Z] INFO: GET / 404 1ms
[2026-08-30T11:34:44.744Z] INFO: GET /index.html 404 1ms
[2026-08-30T11:34:45.758Z] INFO: GET / 404 1ms
[2026-08-30T11:34:45.758Z] INFO: GET /index.html 404 1ms
[2026-08-30T11:34:46.766Z] INFO: GET / 404 1ms
[2026-08-30T11:34:46.767Z] INFO: GET /index.html 404 1ms
[2026-08-30T11:34:47.794Z] INFO: GET /index.html 404 1ms
[2026-08-30T11:34:47.794Z] INFO: GET / 404 1ms
[2026-08-30T11:34:48.807Z] INFO: GET / 404 1ms
[2026-08-30T11:34:48.808Z] INFO: GET /index.html 404 0ms
[2026-08-30T11:34:49.814Z] INFO: GET / 404 1ms
[2026-08-30T11:34:49.814Z] INFO: GET /index.html 404 0ms
[2026-08-30T11:34:50.821Z] INFO: GET / 404 1ms
[2026-08-30T11:34:50.821Z] INFO: GET /index.html 404 1ms
[2026-08-30T11:34:51.832Z] INFO: GET / 404 1ms
[2026-08-30T11:34:51.833Z] INFO: GET /index.html 404 1ms
[2026-08-30T11:34:52.844Z] INFO: GET / 404 0ms
[2026-08-30T11:34:52.845Z] INFO: GET /index.html 404 0ms
[2026-08-30T11:34:53.862Z] INFO: GET /index.html 404 1ms
[2026-08-30T11:34:53.862Z] INFO: GET / 404 1ms
[2026-08-30T11:34:54.867Z] INFO: GET / 404 1ms
[2026-08-30T11:34:54.868Z] INFO: GET /index.html 404 1ms
[2026-08-30T11:34:55.876Z] INFO: GET / 404 1ms
[2026-08-30T11:34:55.876Z] INFO: GET /index.html 404 0ms
[2026-08-30T11:34:56.880Z] INFO: GET / 404 0ms
[2026-08-30T11:34:56.880Z] INFO: GET /index.html 404 0ms
[2026-08-30T11:34:57.891Z] INFO: GET / 404 1ms
[2026-08-30T11:34:57.892Z] INFO: GET /index.html 404 1ms
[2026-08-30T11:34:58.910Z] INFO: GET / 404 1ms
[2026-08-30T11:34:58.910Z] INFO: GET /index.html 404 0ms
[2026-08-30T11:34:59.913Z] INFO: GET / 404 1ms
[2026-08-30T11:34:59.914Z] INFO: GET /index.html 404 0ms
[2026-08-30T11:35:00.923Z] INFO: GET / 404 1ms
[2026-08-30T11:35:00.957Z] INFO: GET /index.html 404 0ms
[2026-08-30T11:35:01.934Z] INFO: GET / 404 1ms
[2026-08-30T11:35:01.935Z] INFO: GET /index.html 404 1ms
[2026-08-30T11:35:02.949Z] INFO: GET / 404 1ms
[2026-08-30T11:35:02.950Z] INFO: GET /index.html 404 0ms
[2026-08-30T11:35:03.960Z] INFO: GET / 404 0ms
[2026-08-30T11:35:03.961Z] INFO: GET /index.html 404 0ms
[2026-08-30T11:35:04.964Z] INFO: GET / 404 1ms
[2026-08-30T11:35:04.964Z] INFO: GET /index.html 404 1ms
[2026-08-30T11:35:05.968Z] INFO: GET / 404 0ms
[2026-08-30T11:35:05.968Z] INFO: GET /index.html 404 1ms
[2026-08-30T11:35:06.976Z] INFO: GET / 404 1ms
[2026-08-30T11:35:06.977Z] INFO: GET /index.html 404 1ms
[2026-08-30T11:35:07.988Z] INFO: GET / 404 0ms
[2026-08-30T11:35:07.989Z] INFO: GET /index.html 404 1ms
[2026-08-30T11:35:08.994Z] INFO: GET / 404 1ms
[2026-08-30T11:35:08.994Z] INFO: GET /index.html 404 1ms
[2026-08-30T11:35:10.010Z] INFO: GET / 404 0ms
[2026-08-30T11:35:10.010Z] INFO: GET /index.html 404 0ms
[2026-08-30T11:35:11.018Z] INFO: GET / 404 0ms
[2026-08-30T11:35:11.018Z] INFO: GET /index.html 404 1ms
[2026-08-30T11:35:12.034Z] INFO: GET / 404 0ms
[2026-08-30T11:35:12.034Z] INFO: GET /index.html 404 1ms
[2026-08-30T11:35:13.041Z] INFO: GET / 404 1ms
[2026-08-30T11:35:13.041Z] INFO: GET /index.html 404 1ms
[2026-08-30T11:35:14.046Z] INFO: GET / 404 1ms
[2026-08-30T11:35:14.046Z] INFO: GET /index.html 404 1ms
[2026-08-30T11:35:15.051Z] INFO: GET / 404 1ms
[2026-08-30T11:35:15.051Z] INFO: GET /index.html 404 0ms
[2026-08-30T11:35:16.055Z] INFO: GET / 404 0ms
[2026-08-30T11:35:16.057Z] INFO: GET /index.html 404 0ms
[2026-08-30T11:35:17.070Z] INFO: GET / 404 1ms
[2026-08-30T11:35:17.070Z] INFO: GET /index.html 404 1ms
[2026-08-30T11:35:18.078Z] INFO: GET /index.html 404 1ms
[2026-08-30T11:35:18.078Z] INFO: GET / 404 1ms
[2026-08-30T11:35:43.072Z] INFO: Server listening on port 5174
[2026-08-30T11:35:43.738Z] INFO: GET / 404 5ms
[2026-08-30T11:35:43.742Z] INFO: GET /index.html 404 1ms
[2026-08-30T11:35:44.760Z] INFO: GET / 404 1ms
[2026-08-30T11:35:44.762Z] INFO: GET /index.html 404 0ms
[2026-08-30T11:35:45.765Z] INFO: GET / 404 1ms
[2026-08-30T11:35:45.766Z] INFO: GET /index.html 404 1ms
[2026-08-30T11:35:46.775Z] INFO: GET / 404 1ms
[2026-08-30T11:35:46.775Z] INFO: GET /index.html 404 0ms
[2026-08-30T11:35:47.780Z] INFO: GET / 404 1ms
[2026-08-30T11:35:47.782Z] INFO: GET /index.html 404 0ms
[2026-08-30T11:35:48.786Z] INFO: GET / 404 1ms
[2026-08-30T11:35:48.786Z] INFO: GET /index.html 404 1ms
[2026-08-30T11:35:49.543Z] INFO: Database connected
[2026-08-30T11:35:49.801Z] INFO: GET / 404 0ms
[2026-08-30T11:35:49.803Z] INFO: GET /index.html 404 1ms
[2026-08-30T11:35:50.813Z] INFO: GET / 404 0ms
[2026-08-30T11:35:50.814Z] INFO: GET /index.html 404 1ms
[2026-08-30T11:35:51.829Z] INFO: GET / 404 1ms
[2026-08-30T11:35:51.829Z] INFO: GET /index.html 404 0ms
[2026-08-30T11:35:52.834Z] INFO: GET / 404 1ms
[2026-08-30T11:35:52.835Z] INFO: GET /index.html 404 1ms
[2026-08-30T11:35:53.841Z] INFO: GET / 404 1ms
[2026-08-30T11:35:53.841Z] INFO: GET /index.html 404 1ms
[2026-08-30T11:35:54.847Z] INFO: GET / 404 0ms
[2026-08-30T11:35:54.847Z] INFO: GET /index.html 404 0ms
[2026-08-30T11:35:55.854Z] INFO: GET / 404 1ms
[2026-08-30T11:35:55.854Z] INFO: GET /index.html 404 0ms
[2026-08-30T11:35:56.862Z] INFO: GET / 404 1ms
[2026-08-30T11:35:56.862Z] INFO: GET /index.html 404 1ms
[2026-08-30T11:35:57.869Z] INFO: GET / 404 1ms
[2026-08-30T11:35:57.870Z] INFO: GET /index.html 404 1ms
[2026-08-30T11:35:58.876Z] INFO: GET / 404 0ms
[2026-08-30T11:35:58.876Z] INFO: GET /index.html 404 1ms
[2026-08-30T11:35:59.884Z] INFO: GET / 404 0ms
[2026-08-30T11:35:59.885Z] INFO: GET /index.html 404 1ms
[2026-08-30T11:36:00.893Z] INFO: GET / 404 1ms
[2026-08-30T11:36:00.893Z] INFO: GET /index.html 404 0ms
[2026-08-30T11:36:01.902Z] INFO: GET / 404 1ms
[2026-08-30T11:36:01.902Z] INFO: GET /index.html 404 1ms
[2026-08-30T11:36:02.922Z] INFO: GET / 404 0ms
[2026-08-30T11:36:02.922Z] INFO: GET /index.html 404 1ms
[2026-08-30T11:36:03.928Z] INFO: GET / 404 0ms
[2026-08-30T11:36:03.929Z] INFO: GET /index.html 404 1ms
[2026-08-30T11:36:04.934Z] INFO: GET / 404 1ms
[2026-08-30T11:36:04.935Z] INFO: GET /index.html 404 1ms
[2026-08-30T11:36:05.952Z] INFO: GET /index.html 404 1ms
[2026-08-30T11:36:05.952Z] INFO: GET / 404 1ms
[2026-08-30T11:36:06.955Z] INFO: GET / 404 0ms
[2026-08-30T11:36:06.955Z] INFO: GET /index.html 404 1ms
[2026-08-30T11:36:07.963Z] INFO: GET / 404 1ms
[2026-08-30T11:36:07.963Z] INFO: GET /index.html 404 1ms
[2026-08-30T11:36:08.979Z] INFO: GET / 404 1ms
[2026-08-30T11:36:08.980Z] INFO: GET /index.html 404 1ms
[2026-08-30T11:36:09.996Z] INFO: GET / 404 1ms
[2026-08-30T11:36:09.997Z] INFO: GET /index.html 404 1ms
[2026-08-30T11:36:11.000Z] INFO: GET / 404 0ms
[2026-08-30T11:36:11.001Z] INFO: GET /index.html 404 0ms
[2026-08-30T11:36:12.003Z] INFO: GET / 404 0ms
[2026-08-30T11:36:12.004Z] INFO: GET /index.html 404 1ms
[2026-08-30T11:36:13.017Z] INFO: GET / 404 1ms
[2026-08-30T11:36:13.017Z] INFO: GET /index.html 404 1ms
[2026-08-30T11:36:14.033Z] INFO: GET / 404 1ms
[2026-08-30T11:36:14.033Z] INFO: GET /index.html 404 1ms
[2026-08-30T11:36:15.043Z] INFO: GET / 404 1ms
[2026-08-30T11:36:15.044Z] INFO: GET /index.html 404 0ms
[2026-08-30T11:36:16.049Z] INFO: GET / 404 0ms
[2026-08-30T11:36:16.049Z] INFO: GET /index.html 404 1ms
[2026-08-30T11:36:17.053Z] INFO: GET / 404 1ms
[2026-08-30T11:36:17.053Z] INFO: GET /index.html 404 1ms
[2026-08-30T11:36:18.063Z] INFO: GET / 404 1ms
[2026-08-30T11:36:18.063Z] INFO: GET /index.html 404 0ms
[2026-08-30T11:36:19.071Z] INFO: GET / 404 1ms
[2026-08-30T11:36:19.072Z] INFO: GET /index.html 404 0ms
[2026-08-30T11:36:20.077Z] INFO: GET / 404 1ms
[2026-08-30T11:36:20.077Z] INFO: GET /index.html 404 1ms
[2026-08-30T11:36:21.083Z] INFO: GET / 404 0ms
[2026-08-30T11:36:21.083Z] INFO: GET /index.html 404 0ms
[2026-08-30T11:36:22.105Z] INFO: GET / 404 1ms
[2026-08-30T11:36:22.105Z] INFO: GET /index.html 404 1ms
[2026-08-30T11:36:23.113Z] INFO: GET / 404 1ms
[2026-08-30T11:36:23.114Z] INFO: GET /index.html 404 0ms
[2026-08-30T11:36:24.129Z] INFO: GET / 404 1ms
[2026-08-30T11:36:24.130Z] INFO: GET /index.html 404 0ms
[2026-08-30T11:36:25.135Z] INFO: GET / 404 0ms
[2026-08-30T11:36:25.135Z] INFO: GET /index.html 404 0ms
[2026-08-30T11:36:26.141Z] INFO: GET / 404 1ms
[2026-08-30T11:36:26.141Z] INFO: GET /index.html 404 0ms
[2026-08-30T11:36:27.152Z] INFO: GET / 404 0ms
[2026-08-30T11:36:27.152Z] INFO: GET /index.html 404 1ms
[2026-08-30T11:36:28.174Z] INFO: GET / 404 2ms
[2026-08-30T11:36:28.174Z] INFO: GET /index.html 404 1ms
[2026-08-30T11:36:29.176Z] INFO: GET / 404 1ms
[2026-08-30T11:36:29.177Z] INFO: GET /index.html 404 1ms
[2026-08-30T11:36:30.186Z] INFO: GET / 404 1ms
[2026-08-30T11:36:30.187Z] INFO: GET /index.html 404 0ms
[2026-08-30T11:36:31.193Z] INFO: GET / 404 1ms
[2026-08-30T11:36:31.193Z] INFO: GET /index.html 404 0ms
[2026-08-30T11:36:32.197Z] INFO: GET / 404 1ms
[2026-08-30T11:36:32.197Z] INFO: GET /index.html 404 0ms
[2026-08-30T11:36:33.208Z] INFO: GET / 404 1ms
[2026-08-30T11:36:33.208Z] INFO: GET /index.html 404 0ms
[2026-08-30T11:36:34.225Z] INFO: GET / 404 0ms
[2026-08-30T11:36:34.225Z] INFO: GET /index.html 404 0ms
[2026-08-30T11:36:35.235Z] INFO: GET / 404 0ms
[2026-08-30T11:36:35.235Z] INFO: GET /index.html 404 0ms
[2026-08-30T11:36:36.240Z] INFO: GET / 404 1ms
[2026-08-30T11:36:36.241Z] INFO: GET /index.html 404 0ms
[2026-08-30T11:36:37.246Z] INFO: GET / 404 1ms
[2026-08-30T11:36:37.246Z] INFO: GET /index.html 404 0ms
[2026-08-30T11:36:38.256Z] INFO: GET / 404 0ms
[2026-08-30T11:36:38.257Z] INFO: GET /index.html 404 1ms
